customer_id,revenue,revenue_rank,revenue_decile,pct_of_customers,cumulative_pct_revenue
18102,578408.64,1,1,0.0171,3.5353
14646,523202.74,2,1,0.0343,6.7332
14156,297775.01,3,1,0.0514,8.5532
14911,258522.43,4,1,0.0686,10.1333
17450,233643.91,5,1,0.0857,11.5614
13694,190391.50,6,1,0.1029,12.725
17511,168504.44,7,1,0.12,13.755
12415,143107.02,8,1,0.1372,14.6296
16684,141530.29,9,1,0.1543,15.4947
15061,124982.13,10,1,0.1715,16.2586
15311,111444.36,11,1,0.1886,16.9398
13089,109893.24,12,1,0.2058,17.6114
17949,98469.06,13,1,0.2229,18.2133
16029,97066.71,14,1,0.2401,18.8066
14298,90489.31,15,1,0.2572,19.3596
15769,84183.52,16,1,0.2743,19.8742
13798,73177.50,17,1,0.2915,20.3215
15838,72738.93,18,1,0.3086,20.766
12931,71009.97,19,1,0.3258,21.2001
17841,67287.06,20,1,0.3429,21.6113
14088,63731.63,21,1,0.3601,22.0009
16422,59939.52,22,1,0.3772,22.3672
13081,55968.97,23,1,0.3944,22.7093
17389,54945.68,24,1,0.4115,23.0451
16754,54692.82,25,1,0.4287,23.3794
13093,53283.30,26,1,0.4458,23.7051
14096,53258.43,27,1,0.463,24.0306
14680,53080.02,28,1,0.4801,24.355
16013,51615.64,29,1,0.4973,24.6705
17850,50407.77,30,1,0.5144,24.9786
13408,49751.36,31,1,0.5316,25.2827
13777,49228.16,32,1,0.5487,25.5836
12748,46674.18,33,1,0.5658,25.8689
17404,45863.82,34,1,0.583,26.1492
13881,44392.50,35,1,0.6001,26.4205
16705,42653.14,36,1,0.6173,26.6812
15098,39619.50,37,1,0.6344,26.9234
15039,38853.04,38,1,0.6516,27.1609
17675,37067.02,39,1,0.6687,27.3874
17381,36395.47,40,1,0.6859,27.6099
14031,36112.53,41,1,0.703,27.8306
17677,34233.35,42,1,0.7202,28.0398
12921,33951.65,43,1,0.7373,28.2473
16210,33545.52,44,1,0.7545,28.4524
13767,33480.82,45,1,0.7716,28.657
12471,33294.92,46,1,0.7888,28.8605
16779,32522.40,47,1,0.8059,29.0593
12678,32165.13,48,1,0.823,29.2559
15856,31871.79,49,1,0.8402,29.4507
14258,31027.35,50,1,0.8573,29.6403
17428,30885.06,51,1,0.8745,29.8291
13902,30375.26,52,1,0.8916,30.0148
14606,28913.22,53,1,0.9088,30.1915
12709,28708.10,54,1,0.9259,30.367
13098,28658.88,55,1,0.9431,30.5421
17940,28389.58,56,1,0.9602,30.7156
13078,28369.44,57,1,0.9774,30.889
12681,26679.24,58,1,0.9945,31.0521
16333,26626.80,59,1,1.0117,31.2149
14527,26359.18,60,1,1.0288,31.376
18251,26278.86,61,1,1.046,31.5366
15513,25959.16,62,1,1.0631,31.6952
17857,25653.84,63,1,1.0802,31.852
17865,25584.75,64,1,1.0974,32.0084
12731,25540.21,65,1,1.1145,32.1645
13802,25491.56,66,1,1.1317,32.3203
14062,25416.28,67,1,1.1488,32.4757
12939,25264.80,68,1,1.166,32.6301
15498,24739.06,69,1,1.1831,32.7813
14895,24488.82,70,1,1.2003,32.931
13001,24006.60,71,1,1.2174,33.0777
17920,23563.33,72,1,1.2346,33.2217
15640,23340.29,73,1,1.2517,33.3644
12409,23090.47,74,1,1.2689,33.5055
16525,22919.40,75,1,1.286,33.6456
16133,22228.88,76,1,1.3032,33.7815
13340,22100.56,77,1,1.3203,33.9166
15159,22049.40,78,1,1.3374,34.0513
12482,21941.72,79,1,1.3546,34.1854
12621,21900.70,80,1,1.3717,34.3193
15749,21535.90,81,1,1.3889,34.4509
14051,21441.48,82,1,1.406,34.582
15615,21282.07,83,1,1.4232,34.7121
12753,21024.01,84,1,1.4403,34.8406
13319,20974.96,85,1,1.4575,34.9688
12682,20648.12,86,1,1.4746,35.095
14866,20507.59,87,1,1.4918,35.2203
16839,20420.53,88,1,1.5089,35.3451
12477,20173.64,89,1,1.5261,35.4684
14667,20153.04,90,1,1.5432,35.5916
15251,20118.92,91,1,1.5604,35.7146
17243,20004.03,92,1,1.5775,35.8368
18008,19759.08,93,1,1.5947,35.9576
16843,19528.78,94,1,1.6118,36.077
17139,19473.91,95,1,1.6289,36.196
12540,19159.29,96,1,1.6461,36.3131
17340,19159.01,97,1,1.6632,36.4302
17706,19066.07,98,1,1.6804,36.5467
14194,18442.87,99,1,1.6975,36.6595
12557,18096.14,100,1,1.7147,36.7701
16746,18010.50,101,1,1.7318,36.8801
17581,17543.99,102,1,1.749,36.9874
12357,17437.66,103,1,1.7661,37.094
14952,17347.25,104,1,1.7833,37.2
16652,17312.83,105,1,1.8004,37.3058
18172,17289.23,106,1,1.8176,37.4115
14607,17226.23,107,1,1.8347,37.5168
17416,17221.47,108,1,1.8519,37.622
17377,17184.23,109,1,1.869,37.7271
13027,17143.20,110,1,1.8861,37.8318
15523,17119.24,111,1,1.9033,37.9365
15189,17101.13,112,1,1.9204,38.041
15078,17091.37,113,1,1.9376,38.1455
15808,17038.95,114,1,1.9547,38.2496
12433,16794.14,115,1,1.9719,38.3522
17735,16707.98,116,1,1.989,38.4544
16019,16503.46,117,1,2.0062,38.5552
16553,16500.12,118,1,2.0233,38.6561
14961,16328.90,119,1,2.0405,38.7559
12901,16316.14,120,1,2.0576,38.8556
16656,16307.72,121,1,2.0748,38.9553
13113,16250.09,122,1,2.0919,39.0546
15358,16213.65,123,1,2.1091,39.1537
16180,16170.27,124,1,2.1262,39.2525
15125,16124.33,125,1,2.1433,39.3511
13199,15921.30,126,1,2.1605,39.4484
12980,15909.39,127,1,2.1776,39.5457
13225,15879.27,128,1,2.1948,39.6427
17716,15671.32,129,1,2.2119,39.7385
15044,15653.61,130,1,2.2291,39.8342
13564,15613.10,131,1,2.2462,39.9296
17107,15595.37,132,1,2.2634,40.0249
14769,15437.25,133,1,2.2805,40.1193
12949,15391.00,134,1,2.2977,40.2133
15768,15307.26,135,1,2.3148,40.3069
12971,15218.05,136,1,2.332,40.3999
14849,15186.60,137,1,2.3491,40.4927
16191,15155.17,138,1,2.3663,40.5854
18092,14687.47,139,1,2.3834,40.6751
16126,14644.60,140,1,2.4005,40.7646
16873,14547.03,141,1,2.4177,40.8536
17448,14375.01,142,1,2.4348,40.9414
14733,14200.78,143,1,2.452,41.0282
12472,14169.69,144,1,2.4691,41.1148
15601,14150.84,145,1,2.4863,41.2013
13488,14131.81,146,1,2.5034,41.2877
13178,13997.89,147,1,2.5206,41.3733
16713,13943.36,148,1,2.5377,41.4585
12435,13925.93,149,1,2.5549,41.5436
12647,13919.74,150,1,2.572,41.6287
17589,13661.22,151,1,2.5892,41.7122
15382,13646.50,152,1,2.6063,41.7956
18087,13563.62,153,1,2.6235,41.8785
18223,13504.67,154,1,2.6406,41.961
15005,13410.90,155,1,2.6578,42.043
13629,13370.86,156,1,2.6749,42.1247
12744,13158.16,157,1,2.692,42.2051
16558,13149.56,158,1,2.7092,42.2855
15291,13077.44,159,1,2.7263,42.3654
15093,13034.15,160,1,2.7435,42.4451
15738,13015.42,161,1,2.7606,42.5247
17133,12972.09,162,1,2.7778,42.6039
14110,12959.60,163,1,2.7949,42.6832
14049,12848.40,164,1,2.8121,42.7617
12989,12846.80,165,1,2.8292,42.8402
13969,12820.36,166,1,2.8464,42.9186
13316,12818.42,167,1,2.8635,42.9969
12714,12815.71,168,1,2.8807,43.0752
13097,12811.56,169,1,2.8978,43.1535
13952,12790.89,170,1,2.915,43.2317
16549,12759.25,171,1,2.9321,43.3097
13090,12744.93,172,1,2.9492,43.3876
18225,12643.25,173,1,2.9664,43.4649
14299,12620.28,174,1,2.9835,43.542
13668,12607.68,175,1,3.0007,43.6191
16923,12572.15,176,1,3.0178,43.6959
13468,12518.01,177,1,3.035,43.7724
12451,12506.53,178,1,3.0521,43.8489
17858,12458.65,179,1,3.0693,43.925
12583,12409.04,180,1,3.0864,44.0009
17017,12397.49,181,1,3.1036,44.0766
16000,12393.70,182,1,3.1207,44.1524
14936,12378.46,183,1,3.1379,44.2281
14040,12340.13,184,1,3.155,44.3035
16161,12279.97,185,1,3.1722,44.3785
15144,12006.51,186,1,3.1893,44.4519
14543,11958.76,187,1,3.2064,44.525
12476,11920.12,188,1,3.2236,44.5979
16814,11906.45,189,1,3.2407,44.6706
14735,11899.66,190,1,3.2579,44.7434
13687,11880.84,191,1,3.275,44.816
17044,11867.60,192,1,3.2922,44.8885
13458,11850.62,193,1,3.3093,44.961
13854,11848.81,194,1,3.3265,45.0334
16258,11833.52,195,1,3.3436,45.1057
14415,11803.62,196,1,3.3608,45.1779
15194,11781.52,197,1,3.3779,45.2499
17338,11777.49,198,1,3.3951,45.3219
16523,11760.54,199,1,3.4122,45.3937
18226,11749.58,200,1,3.4294,45.4655
15465,11670.90,201,1,3.4465,45.5369
14505,11590.04,202,1,3.4636,45.6077
17364,11587.05,203,1,3.4808,45.6785
14739,11555.69,204,1,3.4979,45.7492
13050,11525.54,205,1,3.5151,45.8196
15023,11477.01,206,1,3.5322,45.8898
15218,11393.26,207,1,3.5494,45.9594
14016,11279.71,208,1,3.5665,46.0283
13418,11242.22,209,1,3.5837,46.0971
12539,11186.75,210,1,3.6008,46.1654
13576,11167.00,211,1,3.618,46.2337
13004,11143.99,212,1,3.6351,46.3018
15874,11135.00,213,1,3.6523,46.3699
14134,11123.35,214,1,3.6694,46.4378
13102,11123.30,215,1,3.6866,46.5058
14426,11103.97,216,1,3.7037,46.5737
13013,11073.48,217,1,3.7209,46.6414
12437,11011.85,218,1,3.738,46.7087
12705,10906.00,219,1,3.7551,46.7753
12481,10889.15,220,1,3.7723,46.8419
12474,10886.75,221,1,3.7894,46.9084
18052,10877.18,222,1,3.8066,46.9749
15555,10866.36,223,1,3.8237,47.0413
16985,10545.76,224,1,3.8409,47.1058
15032,10515.05,225,1,3.858,47.1701
16033,10465.07,226,1,3.8752,47.234
12567,10425.44,227,1,3.8923,47.2978
13324,10421.37,228,1,3.9095,47.3614
15290,10355.58,229,1,3.9266,47.4247
16168,10279.02,230,1,3.9438,47.4876
16984,10206.40,231,1,3.9609,47.55
15296,10204.13,232,1,3.9781,47.6123
17160,10201.36,233,1,3.9952,47.6747
14422,10200.92,234,1,4.0123,47.737
12683,10167.52,235,1,4.0295,47.7992
18229,10150.51,236,1,4.0466,47.8612
15719,10117.22,237,1,4.0638,47.923
18055,10110.59,238,1,4.0809,47.9848
16327,10103.22,239,1,4.0981,48.0466
17809,10014.58,240,1,4.1152,48.1078
15547,9989.15,241,1,4.1324,48.1689
13985,9982.31,242,1,4.1495,48.2299
16182,9971.65,243,1,4.1667,48.2908
14796,9971.20,244,1,4.1838,48.3518
12431,9963.66,245,1,4.201,48.4127
14101,9942.13,246,1,4.2181,48.4734
13680,9899.56,247,1,4.2353,48.5339
15482,9891.12,248,1,4.2524,48.5944
16131,9866.27,249,1,4.2695,48.6547
14755,9851.45,250,1,4.2867,48.7149
12668,9842.06,251,1,4.3038,48.7751
13941,9826.63,252,1,4.321,48.8351
14828,9803.46,253,1,4.3381,48.895
16353,9781.93,254,1,4.3553,48.9548
12758,9779.00,255,1,4.3724,49.0146
12524,9759.36,256,1,4.3896,49.0743
17306,9751.77,257,1,4.4067,49.1339
13018,9742.81,258,1,4.4239,49.1934
18260,9737.10,259,1,4.441,49.2529
15694,9719.13,260,1,4.4582,49.3123
14329,9695.92,261,1,4.4753,49.3716
14085,9692.92,262,1,4.4925,49.4308
15805,9668.62,263,1,4.5096,49.4899
16701,9614.59,264,1,4.5267,49.5487
17049,9588.83,265,1,4.5439,49.6073
14944,9574.92,266,1,4.561,49.6658
16782,9552.62,267,1,4.5782,49.7242
14091,9530.08,268,1,4.5953,49.7825
12839,9529.72,269,1,4.6125,49.8407
14063,9471.50,270,1,4.6296,49.8986
17315,9467.45,271,1,4.6468,49.9565
14439,9443.04,272,1,4.6639,50.0142
13999,9438.01,273,1,4.6811,50.0719
13599,9435.47,274,1,4.6982,50.1295
13735,9422.36,275,1,4.7154,50.1871
18109,9416.41,276,1,4.7325,50.2447
15727,9371.71,277,1,4.7497,50.302
17811,9351.83,278,1,4.7668,50.3591
14045,9334.23,279,1,4.784,50.4162
12590,9330.48,280,1,4.8011,50.4732
15981,9284.07,281,1,4.8182,50.5299
17504,9238.42,282,1,4.8354,50.5864
13267,9212.06,283,1,4.8525,50.6427
17230,9159.45,284,1,4.8697,50.6987
15249,9147.15,285,1,4.8868,50.7546
14367,9134.12,286,1,4.904,50.8104
13162,9116.94,287,1,4.9211,50.8662
16709,9056.01,288,1,4.9383,50.9215
15939,8992.09,289,1,4.9554,50.9765
17757,8990.49,290,1,4.9726,51.0314
15150,8967.44,291,1,4.9897,51.0862
17068,8945.53,292,1,5.0069,51.1409
13327,8914.42,293,1,5.024,51.1954
14292,8887.90,294,1,5.0412,51.2497
14060,8882.30,295,1,5.0583,51.304
14709,8866.48,296,1,5.0754,51.3582
15903,8859.82,297,1,5.0926,51.4124
14135,8800.80,298,1,5.1097,51.4661
13555,8798.99,299,1,5.1269,51.5199
12747,8786.53,300,1,5.144,51.5736
15867,8780.77,301,1,5.1612,51.6273
12490,8759.64,302,1,5.1783,51.6808
16532,8756.64,303,1,5.1955,51.7344
16700,8747.12,304,1,5.2126,51.7878
15260,8677.88,305,1,5.2298,51.8409
16186,8676.23,306,1,5.2469,51.8939
15570,8672.44,307,1,5.2641,51.9469
12359,8652.34,308,1,5.2812,51.9998
13263,8650.98,309,1,5.2984,52.0527
15497,8643.46,310,1,5.3155,52.1055
12957,8628.42,311,1,5.3326,52.1582
13756,8595.65,312,1,5.3498,52.2108
16550,8550.92,313,1,5.3669,52.263
13758,8544.29,314,1,5.3841,52.3152
17576,8534.45,315,1,5.4012,52.3674
16945,8530.66,316,1,5.4184,52.4196
12798,8510.93,317,1,5.4355,52.4716
13269,8507.01,318,1,5.4527,52.5236
18139,8438.34,319,1,5.4698,52.5751
13209,8438.06,320,1,5.487,52.6267
14160,8421.47,321,1,5.5041,52.6782
14286,8396.70,322,1,5.5213,52.7295
15786,8379.65,323,1,5.5384,52.7807
13069,8358.79,324,1,5.5556,52.8318
15281,8317.62,325,1,5.5727,52.8827
13448,8312.52,326,1,5.5898,52.9335
13206,8308.19,327,1,5.607,52.9842
15984,8304.82,328,1,5.6241,53.035
17686,8296.81,329,1,5.6413,53.0857
14676,8285.49,330,1,5.6584,53.1364
14057,8276.10,331,1,5.6756,53.1869
14146,8208.87,332,1,5.6927,53.2371
15034,8200.25,333,1,5.7099,53.2872
13139,8193.83,334,1,5.727,53.3373
15998,8186.19,335,1,5.7442,53.3874
13381,8185.02,336,1,5.7613,53.4374
16722,8168.31,337,1,5.7785,53.4873
17365,8160.30,338,1,5.7956,53.5372
17396,8159.10,339,1,5.8128,53.5871
17611,8149.93,340,1,5.8299,53.6369
16672,8119.69,341,1,5.8471,53.6865
13047,8110.09,342,1,5.8642,53.7361
13715,8108.09,343,1,5.8813,53.7856
12766,8093.14,344,1,5.8985,53.8351
13426,8084.38,345,1,5.9156,53.8845
15502,8076.45,346,1,5.9328,53.9339
12637,8071.16,347,1,5.9499,53.9832
14056,8063.30,348,1,5.9671,54.0325
15955,8050.23,349,1,5.9842,54.0817
17593,8040.52,350,1,6.0014,54.1308
13869,7996.87,351,1,6.0185,54.1797
13148,7990.11,352,1,6.0357,54.2285
13174,7972.46,353,1,6.0528,54.2773
15298,7958.43,354,1,6.07,54.3259
14525,7952.76,355,1,6.0871,54.3745
16767,7950.41,356,1,6.1043,54.4231
18041,7936.04,357,1,6.1214,54.4716
14291,7844.40,358,1,6.1385,54.5196
16303,7823.72,359,1,6.1557,54.5674
13871,7804.95,360,1,6.1728,54.6151
17409,7793.51,361,1,6.19,54.6627
16670,7786.66,362,1,6.2071,54.7103
12867,7782.91,363,1,6.2243,54.7579
15544,7779.58,364,1,6.2414,54.8054
17730,7757.35,365,1,6.2586,54.8528
14395,7754.73,366,1,6.2757,54.9002
17739,7718.14,367,1,6.2929,54.9474
17085,7705.27,368,1,6.31,54.9945
16592,7624.46,369,1,6.3272,55.0411
16556,7610.23,370,1,6.3443,55.0876
17426,7606.37,371,1,6.3615,55.1341
13373,7587.19,372,1,6.3786,55.1805
13137,7586.94,373,1,6.3957,55.2269
14159,7526.62,374,1,6.4129,55.2729
13141,7524.13,375,1,6.43,55.3189
13709,7492.41,376,1,6.4472,55.3647
17091,7462.15,377,1,6.4643,55.4103
15179,7426.82,378,1,6.4815,55.4557
14030,7405.10,379,1,6.4986,55.5009
17696,7380.89,380,1,6.5158,55.546
15046,7375.83,381,1,6.5329,55.5911
16242,7370.50,382,1,6.5501,55.6362
14175,7350.44,383,1,6.5672,55.6811
12643,7334.30,384,1,6.5844,55.7259
17238,7331.17,385,1,6.6015,55.7707
13534,7324.50,386,1,6.6187,55.8155
15622,7318.08,387,1,6.6358,55.8602
13082,7268.92,388,1,6.6529,55.9047
14282,7245.76,389,1,6.6701,55.9489
15270,7241.19,390,1,6.6872,55.9932
17602,7240.73,391,1,6.7044,56.0375
16253,7222.20,392,1,6.7215,56.0816
14092,7215.64,393,1,6.7387,56.1257
12380,7171.00,394,1,6.7558,56.1695
14841,7163.00,395,1,6.773,56.2133
16745,7157.10,396,1,6.7901,56.2571
14243,7152.06,397,1,6.8073,56.3008
16729,7045.41,398,1,6.8244,56.3438
13451,7017.97,399,1,6.8416,56.3867
13183,7010.88,400,1,6.8587,56.4296
14145,7006.05,401,1,6.8759,56.4724
17231,6958.83,402,1,6.893,56.5149
17690,6954.30,403,1,6.9102,56.5574
17769,6944.96,404,1,6.9273,56.5999
14800,6890.73,405,1,6.9444,56.642
17965,6879.70,406,1,6.9616,56.684
15950,6878.71,407,1,6.9787,56.7261
15301,6867.44,408,1,6.9959,56.7681
15129,6860.18,409,1,7.013,56.81
16570,6844.81,410,1,7.0302,56.8518
16187,6841.24,411,1,7.0473,56.8936
18231,6815.47,412,1,7.0645,56.9353
12830,6814.64,413,1,7.0816,56.977
16170,6813.67,414,1,7.0988,57.0186
12841,6808.00,415,1,7.1159,57.0602
15413,6798.72,416,1,7.1331,57.1018
14028,6786.00,417,1,7.1502,57.1432
15521,6780.39,418,1,7.1674,57.1847
12720,6710.49,419,1,7.1845,57.2257
14401,6703.40,420,1,7.2016,57.2667
16497,6695.28,421,1,7.2188,57.3076
16145,6693.60,422,1,7.2359,57.3485
13993,6690.36,423,1,7.2531,57.3894
14844,6688.43,424,1,7.2702,57.4303
14688,6666.93,425,1,7.2874,57.471
14461,6660.62,426,1,7.3045,57.5117
16265,6643.62,427,1,7.3217,57.5523
17001,6640.80,428,1,7.3388,57.5929
17700,6640.72,429,1,7.356,57.6335
13953,6640.68,430,1,7.3731,57.6741
13983,6638.85,431,1,7.3903,57.7147
13384,6635.09,432,1,7.4074,57.7552
16401,6629.24,433,1,7.4246,57.7958
17975,6591.88,434,1,7.4417,57.8361
13552,6588.63,435,1,7.4588,57.8763
15321,6573.40,436,1,7.476,57.9165
13831,6571.14,437,1,7.4931,57.9567
13815,6547.79,438,1,7.5103,57.9967
12836,6520.58,439,1,7.5274,58.0365
14855,6520.30,440,1,7.5446,58.0764
14221,6506.59,441,1,7.5617,58.1162
12823,6501.50,442,1,7.5789,58.1559
15980,6496.28,443,1,7.596,58.1956
13015,6459.08,444,1,7.6132,58.2351
16655,6423.26,445,1,7.6303,58.2743
12428,6366.00,446,1,7.6475,58.3133
15750,6362.60,447,1,7.6646,58.3521
13394,6329.38,448,1,7.6818,58.3908
14227,6324.76,449,1,7.6989,58.4295
18094,6322.62,450,1,7.716,58.4681
13883,6321.59,451,1,7.7332,58.5068
14562,6314.30,452,1,7.7503,58.5454
13654,6308.00,453,1,7.7675,58.5839
14766,6301.88,454,1,7.7846,58.6224
14702,6298.48,455,1,7.8018,58.6609
14388,6289.95,456,1,7.8189,58.6994
13590,6284.74,457,1,7.8361,58.7378
12913,6283.24,458,1,7.8532,58.7762
12749,6278.49,459,1,7.8704,58.8146
14154,6263.60,460,1,7.8875,58.8529
14004,6258.45,461,1,7.9047,58.8911
16940,6245.41,462,1,7.9218,58.9293
18245,6236.23,463,1,7.939,58.9674
12843,6219.07,464,1,7.9561,59.0054
15674,6217.85,465,1,7.9733,59.0434
13615,6212.23,466,1,7.9904,59.0814
15673,6199.37,467,1,8.0075,59.1193
13334,6195.05,468,1,8.0247,59.1571
16938,6162.11,469,1,8.0418,59.1948
12779,6158.60,470,1,8.059,59.2324
14113,6156.75,471,1,8.0761,59.2701
18118,6155.47,472,1,8.0933,59.3077
17669,6142.35,473,1,8.1104,59.3452
17799,6121.78,474,1,8.1276,59.3827
13136,6119.75,475,1,8.1447,59.4201
13935,6116.92,476,1,8.1619,59.4574
14852,6108.88,477,1,8.179,59.4948
17419,6100.65,478,1,8.1962,59.5321
12662,6091.69,479,1,8.2133,59.5693
14390,6079.48,480,1,8.2305,59.6065
18061,6075.31,481,1,8.2476,59.6436
12406,6072.21,482,1,8.2647,59.6807
17509,6069.24,483,1,8.2819,59.7178
13317,6068.53,484,1,8.299,59.7549
13230,6065.95,485,1,8.3162,59.792
18178,6054.49,486,1,8.3333,59.829
14560,6050.44,487,1,8.3505,59.866
16954,6037.33,488,1,8.3676,59.9029
12613,6033.82,489,1,8.3848,59.9397
16103,6002.76,490,1,8.4019,59.9764
16456,6000.94,491,1,8.4191,60.0131
12497,5996.50,492,1,8.4362,60.0498
16717,5987.41,493,1,8.4534,60.0864
17625,5978.90,494,1,8.4705,60.1229
17819,5977.25,495,1,8.4877,60.1594
12835,5972.19,496,1,8.5048,60.1959
14530,5968.62,497,1,8.5219,60.2324
13266,5965.30,498,1,8.5391,60.2689
14918,5955.81,499,1,8.5562,60.3053
15372,5954.42,500,1,8.5734,60.3417
14257,5942.00,501,1,8.5905,60.378
15755,5936.95,502,1,8.6077,60.4143
16156,5931.01,503,1,8.6248,60.4505
14180,5909.00,504,1,8.642,60.4866
16710,5908.60,505,1,8.6591,60.5228
12417,5889.71,506,1,8.6763,60.5588
14440,5870.13,507,1,8.6934,60.5946
17644,5864.54,508,1,8.7106,60.6305
17873,5849.63,509,1,8.7277,60.6662
15785,5825.33,510,1,8.7449,60.7018
18065,5816.88,511,1,8.762,60.7374
14535,5803.79,512,1,8.7791,60.7729
12712,5801.78,513,1,8.7963,60.8083
17457,5799.01,514,1,8.8134,60.8438
12429,5792.01,515,1,8.8306,60.8792
17146,5788.39,516,1,8.8477,60.9145
13658,5772.07,517,1,8.8649,60.9498
12910,5747.02,518,1,8.882,60.985
13771,5726.07,519,1,8.8992,61.02
12455,5722.95,520,1,8.9163,61.0549
12626,5722.35,521,1,8.9335,61.0899
14105,5703.98,522,1,8.9506,61.1248
14534,5698.37,523,1,8.9678,61.1596
16458,5690.89,524,1,8.9849,61.1944
13870,5689.84,525,1,9.0021,61.2292
14099,5685.71,526,1,9.0192,61.2639
16279,5685.38,527,1,9.0364,61.2987
13157,5667.71,528,1,9.0535,61.3333
16409,5652.74,529,1,9.0706,61.3679
12656,5636.78,530,1,9.0878,61.4023
17491,5636.72,531,1,9.1049,61.4368
17651,5635.05,532,1,9.1221,61.4712
13722,5629.16,533,1,9.1392,61.5056
16320,5618.79,534,1,9.1564,61.5399
16003,5613.83,535,1,9.1735,61.5743
12356,5611.73,536,1,9.1907,61.6086
13901,5599.34,537,1,9.2078,61.6428
16200,5594.60,538,1,9.225,61.677
17672,5592.19,539,1,9.2421,61.7112
18145,5592.04,540,1,9.2593,61.7453
16011,5585.86,541,1,9.2764,61.7795
18075,5579.91,542,1,9.2936,61.8136
16735,5578.86,543,1,9.3107,61.8477
15854,5578.28,544,1,9.3278,61.8818
15228,5570.52,545,1,9.345,61.9158
17203,5564.09,546,1,9.3621,61.9498
15299,5550.52,547,1,9.3793,61.9838
16316,5533.31,548,1,9.3964,62.0176
14112,5524.51,549,1,9.4136,62.0513
14210,5509.37,550,1,9.4307,62.085
12500,5494.31,551,1,9.4479,62.1186
12484,5490.80,552,1,9.465,62.1522
17092,5479.76,553,1,9.4822,62.1857
14572,5479.08,554,1,9.4993,62.2191
14907,5476.62,555,1,9.5165,62.2526
16992,5460.10,556,1,9.5336,62.286
14189,5453.38,557,1,9.5508,62.3193
16609,5450.96,558,1,9.5679,62.3526
14732,5447.52,559,1,9.585,62.3859
13593,5444.81,560,1,9.6022,62.4192
13769,5444.33,561,1,9.6193,62.4525
17069,5441.35,562,1,9.6365,62.4857
17685,5439.95,563,1,9.6536,62.519
17512,5432.27,564,1,9.6708,62.5522
12664,5420.04,565,1,9.6879,62.5853
12378,5416.32,566,1,9.7051,62.6184
14249,5400.46,567,1,9.7222,62.6514
13115,5379.45,568,1,9.7394,62.6843
16607,5375.18,569,1,9.7565,62.7172
14626,5374.77,570,1,9.7737,62.75
17719,5367.80,571,1,9.7908,62.7828
17863,5360.48,572,1,9.808,62.8156
13362,5357.57,573,1,9.8251,62.8483
15641,5345.55,574,1,9.8422,62.881
14459,5339.14,575,1,9.8594,62.9136
16008,5339.13,576,1,9.8765,62.9463
13520,5337.25,577,1,9.8937,62.9789
17584,5294.42,578,1,9.9108,63.0113
13842,5294.39,579,1,9.928,63.0436
15628,5284.18,580,1,9.9451,63.0759
14442,5272.02,581,1,9.9623,63.1081
15514,5272.01,582,1,9.9794,63.1404
17204,5263.69,583,1,9.9966,63.1725
15394,5251.40,584,1,10.0137,63.2046
13931,5250.78,585,2,10.0309,63.2367
13975,5224.85,586,2,10.048,63.2687
13014,5220.83,587,2,10.0652,63.3006
15152,5202.38,588,2,10.0823,63.3324
16393,5192.61,589,2,10.0995,63.3641
12615,5186.88,590,2,10.1166,63.3958
15812,5186.17,591,2,10.1337,63.4275
13763,5181.99,592,2,10.1509,63.4592
17612,5168.28,593,2,10.168,63.4908
15527,5166.04,594,2,10.1852,63.5223
17157,5139.45,595,2,10.2023,63.5538
17838,5134.49,596,2,10.2195,63.5851
14930,5126.74,597,2,10.2366,63.6165
16308,5120.00,598,2,10.2538,63.6478
17061,5116.13,599,2,10.2709,63.679
13107,5109.62,600,2,10.2881,63.7103
15722,5107.85,601,2,10.3052,63.7415
18198,5083.06,602,2,10.3224,63.7726
17663,5081.04,603,2,10.3395,63.8036
12633,5073.21,604,2,10.3567,63.8346
14713,5068.96,605,2,10.3738,63.8656
15796,5066.33,606,2,10.3909,63.8966
15443,5054.44,607,2,10.4081,63.9275
16153,5047.09,608,2,10.4252,63.9583
16931,5032.22,609,2,10.4424,63.9891
17861,5025.19,610,2,10.4595,64.0198
15367,5005.73,611,2,10.4767,64.0504
17084,4997.96,612,2,10.4938,64.0809
14493,4993.76,613,2,10.511,64.1115
14546,4987.97,614,2,10.5281,64.1419
17758,4964.03,615,2,10.5453,64.1723
17469,4958.34,616,2,10.5624,64.2026
14639,4946.81,617,2,10.5796,64.2328
14209,4937.37,618,2,10.5967,64.263
15898,4930.75,619,2,10.6139,64.2931
17346,4926.43,620,2,10.631,64.3232
15971,4925.48,621,2,10.6481,64.3534
12347,4921.53,622,2,10.6653,64.3834
13198,4912.28,623,2,10.6824,64.4135
18144,4892.95,624,2,10.6996,64.4434
15332,4892.68,625,2,10.7167,64.4733
12727,4890.53,626,2,10.7339,64.5032
16986,4888.75,627,2,10.751,64.533
12688,4873.81,628,2,10.7682,64.5628
12594,4862.51,629,2,10.7853,64.5925
16686,4861.72,630,2,10.8025,64.6223
14107,4853.70,631,2,10.8196,64.6519
17449,4849.15,632,2,10.8368,64.6816
17059,4846.87,633,2,10.8539,64.7112
13562,4838.18,634,2,10.8711,64.7408
16919,4837.56,635,2,10.8882,64.7703
13044,4818.35,636,2,10.9053,64.7998
13875,4814.37,637,2,10.9225,64.8292
17802,4808.94,638,2,10.9396,64.8586
13021,4806.66,639,2,10.9568,64.888
15379,4806.44,640,2,10.9739,64.9174
12480,4805.10,641,2,10.9911,64.9467
13495,4790.41,642,2,11.0082,64.976
17519,4769.22,643,2,11.0254,65.0052
17213,4766.03,644,2,11.0425,65.0343
15529,4753.66,645,2,11.0597,65.0633
14081,4747.52,646,2,11.0768,65.0924
17652,4737.13,647,2,11.094,65.1213
12955,4734.26,648,2,11.1111,65.1502
15606,4733.47,649,2,11.1283,65.1792
17082,4732.03,650,2,11.1454,65.2081
14191,4713.41,651,2,11.1626,65.2369
13988,4708.64,652,2,11.1797,65.2657
13659,4706.43,653,2,11.1968,65.2945
14825,4696.28,654,2,11.214,65.3232
15410,4685.72,655,2,11.2311,65.3518
17829,4680.42,656,2,11.2483,65.3804
16905,4674.62,657,2,11.2654,65.409
13329,4672.82,658,2,11.2826,65.4375
14235,4666.99,659,2,11.2997,65.4661
12362,4665.58,660,2,11.3169,65.4946
15485,4663.92,661,2,11.334,65.5231
16904,4656.56,662,2,11.3512,65.5515
15123,4656.17,663,2,11.3683,65.58
15187,4655.08,664,2,11.3855,65.6085
13124,4641.66,665,2,11.4026,65.6368
12625,4627.38,666,2,11.4198,65.6651
17400,4623.28,667,2,11.4369,65.6934
15484,4620.90,668,2,11.454,65.7216
12759,4618.74,669,2,11.4712,65.7498
18097,4616.77,670,2,11.4883,65.7781
15245,4610.84,671,2,11.5055,65.8062
16326,4601.25,672,2,11.5226,65.8344
13971,4593.83,673,2,11.5398,65.8624
17402,4566.41,674,2,11.5569,65.8904
15416,4562.87,675,2,11.5741,65.9182
17508,4546.78,676,2,11.5912,65.946
13571,4537.26,677,2,11.6084,65.9738
12700,4525.99,678,2,11.6255,66.0014
17567,4519.16,679,2,11.6427,66.0291
17442,4517.70,680,2,11.6598,66.0567
13851,4516.76,681,2,11.677,66.0843
17314,4514.70,682,2,11.6941,66.1119
17308,4511.76,683,2,11.7112,66.1394
16143,4511.13,684,2,11.7284,66.167
13527,4507.59,685,2,11.7455,66.1946
13958,4504.78,686,2,11.7627,66.2221
17613,4494.77,687,2,11.7798,66.2496
18257,4490.45,688,2,11.797,66.277
13510,4488.39,689,2,11.8141,66.3045
14032,4482.21,690,2,11.8313,66.3318
17596,4478.11,691,2,11.8484,66.3592
13491,4467.66,692,2,11.8656,66.3865
15271,4458.29,693,2,11.8827,66.4138
16255,4457.59,694,2,11.8999,66.441
12916,4455.93,695,2,11.917,66.4683
15764,4453.28,696,2,11.9342,66.4955
17220,4451.41,697,2,11.9513,66.5227
15122,4451.22,698,2,11.9684,66.5499
18069,4434.17,699,2,11.9856,66.577
13634,4434.16,700,2,12.0027,66.6041
13435,4431.93,701,2,12.0199,66.6312
18093,4429.61,702,2,12.037,66.6583
14625,4429.18,703,2,12.0542,66.6853
14341,4428.17,704,2,12.0713,66.7124
18064,4427.98,705,2,12.0885,66.7395
14441,4426.99,706,2,12.1056,66.7665
12562,4426.92,707,2,12.1228,66.7936
14701,4423.96,708,2,12.1399,66.8206
16546,4421.04,709,2,12.1571,66.8476
16912,4420.86,710,2,12.1742,66.8747
17138,4417.27,711,2,12.1914,66.9017
16563,4402.36,712,2,12.2085,66.9286
15203,4400.18,713,2,12.2257,66.9555
17754,4383.08,714,2,12.2428,66.9822
12708,4381.72,715,2,12.2599,67.009
16626,4379.65,716,2,12.2771,67.0358
14514,4375.79,717,2,12.2942,67.0625
14648,4374.74,718,2,12.3114,67.0893
12752,4366.78,719,2,12.3285,67.116
17188,4361.83,720,2,12.3457,67.1426
12432,4359.32,721,2,12.3628,67.1693
13297,4352.67,722,2,12.38,67.1959
15581,4350.06,723,2,12.3971,67.2225
17050,4348.46,724,2,12.4143,67.249
18272,4347.33,725,2,12.4314,67.2756
12600,4343.60,726,2,12.4486,67.3022
12917,4329.50,727,2,12.4657,67.3286
15240,4327.51,728,2,12.4829,67.3551
13523,4325.07,729,2,12.5,67.3815
12928,4304.89,730,2,12.5171,67.4078
14211,4301.69,731,2,12.5343,67.4341
17937,4301.22,732,2,12.5514,67.4604
13880,4293.86,733,2,12.5686,67.4866
14334,4292.98,734,2,12.5857,67.5129
16125,4292.35,735,2,12.6029,67.5391
17191,4284.84,736,2,12.62,67.5653
14854,4282.37,737,2,12.6372,67.5915
14307,4279.97,738,2,12.6543,67.6176
16081,4278.96,739,2,12.6715,67.6438
12449,4274.89,740,2,12.6886,67.6699
15845,4273.65,741,2,12.7058,67.696
14466,4267.15,742,2,12.7229,67.7221
17372,4264.33,743,2,12.7401,67.7482
16283,4256.17,744,2,12.7572,67.7742
16118,4255.43,745,2,12.7743,67.8002
16293,4253.45,746,2,12.7915,67.8262
17930,4242.92,747,2,12.8086,67.8521
14685,4241.16,748,2,12.8258,67.8781
14001,4228.85,749,2,12.8429,67.9039
16712,4225.22,750,2,12.8601,67.9297
14290,4221.43,751,2,12.8772,67.9555
12395,4220.82,752,2,12.8944,67.9813
17728,4206.16,753,2,12.9115,68.0071
18079,4203.93,754,2,12.9287,68.0327
14239,4203.72,755,2,12.9458,68.0584
13911,4200.04,756,2,12.963,68.0841
18230,4197.46,757,2,12.9801,68.1098
17412,4187.68,758,2,12.9973,68.1354
12935,4182.01,759,2,13.0144,68.1609
16072,4180.09,760,2,13.0316,68.1865
15861,4177.10,761,2,13.0487,68.212
14868,4170.06,762,2,13.0658,68.2375
16743,4165.90,763,2,13.083,68.263
12757,4161.75,764,2,13.1001,68.2884
12653,4160.83,765,2,13.1173,68.3138
16749,4157.88,766,2,13.1344,68.3392
15633,4156.91,767,2,13.1516,68.3646
17673,4156.63,768,2,13.1687,68.39
12536,4151.26,769,2,13.1859,68.4154
16209,4146.78,770,2,13.203,68.4408
17738,4145.36,771,2,13.2202,68.4661
14482,4141.06,772,2,13.2373,68.4914
13461,4138.50,773,2,13.2545,68.5167
15002,4138.08,774,2,13.2716,68.542
18287,4127.89,775,2,13.2888,68.5672
13450,4117.54,776,2,13.3059,68.5924
14408,4102.27,777,2,13.323,68.6175
12454,4098.96,778,2,13.3402,68.6425
16477,4094.37,779,2,13.3573,68.6675
14566,4092.00,780,2,13.3745,68.6926
16858,4085.74,781,2,13.3916,68.7175
12444,4085.46,782,2,13.4088,68.7425
18194,4084.20,783,2,13.4259,68.7675
12627,4082.53,784,2,13.4431,68.7924
15518,4081.59,785,2,13.4602,68.8174
18077,4078.79,786,2,13.4774,68.8423
15493,4078.64,787,2,13.4945,68.8672
14913,4073.13,788,2,13.5117,68.8921
12598,4072.67,789,2,13.5288,68.917
14740,4068.86,790,2,13.546,68.9419
16875,4053.20,791,2,13.5631,68.9667
17682,4050.28,792,2,13.5802,68.9914
12553,4044.82,793,2,13.5974,69.0161
17083,4035.08,794,2,13.6145,69.0408
13421,4033.95,795,2,13.6317,69.0655
15050,4032.27,796,2,13.6488,69.0901
16571,4025.05,797,2,13.666,69.1147
12840,4013.87,798,2,13.6831,69.1392
16098,4010.70,799,2,13.7003,69.1637
12483,4007.93,800,2,13.7174,69.1882
13048,4000.08,801,2,13.7346,69.2127
16241,3989.81,802,2,13.7517,69.2371
15665,3987.07,803,2,13.7689,69.2614
15782,3985.65,804,2,13.786,69.2858
15680,3985.59,805,2,13.8032,69.3102
17618,3976.34,806,2,13.8203,69.3345
14025,3969.10,807,2,13.8374,69.3587
16732,3966.79,808,2,13.8546,69.383
15572,3965.20,809,2,13.8717,69.4072
14277,3959.82,810,2,13.8889,69.4314
12370,3956.56,811,2,13.906,69.4556
12578,3956.45,812,2,13.9232,69.4798
14547,3953.95,813,2,13.9403,69.5039
14824,3952.51,814,2,13.9575,69.5281
18259,3941.90,815,2,13.9746,69.5522
13982,3927.49,816,2,13.9918,69.5762
14465,3925.85,817,2,14.0089,69.6002
13542,3924.09,818,2,14.0261,69.6242
13895,3923.62,819,2,14.0432,69.6482
16771,3921.10,820,2,14.0604,69.6721
16455,3917.92,821,2,14.0775,69.6961
15752,3916.46,822,2,14.0947,69.72
15051,3911.91,823,2,14.1118,69.7439
15819,3911.28,824,2,14.1289,69.7678
12388,3901.11,825,2,14.1461,69.7917
14498,3900.83,826,2,14.1632,69.8155
15571,3892.35,827,2,14.1804,69.8393
17218,3889.39,828,2,14.1975,69.8631
17667,3883.80,829,2,14.2147,69.8868
14047,3881.11,830,2,14.2318,69.9105
12523,3877.05,831,2,14.249,69.9342
17406,3874.00,832,2,14.2661,69.9579
16218,3872.30,833,2,14.2833,69.9816
15195,3861.00,834,2,14.3004,70.0052
12408,3859.64,835,2,14.3176,70.0288
16440,3856.97,836,2,14.3347,70.0523
16791,3852.31,837,2,14.3519,70.0759
15067,3850.13,838,2,14.369,70.0994
15804,3848.55,839,2,14.3861,70.1229
18073,3846.74,840,2,14.4033,70.1465
17646,3843.16,841,2,14.4204,70.17
13037,3842.55,842,2,14.4376,70.1934
16841,3841.16,843,2,14.4547,70.2169
15708,3840.73,844,2,14.4719,70.2404
14655,3836.73,845,2,14.489,70.2638
13995,3836.26,846,2,14.5062,70.2873
13213,3834.62,847,2,14.5233,70.3107
14532,3833.03,848,2,14.5405,70.3342
16341,3832.29,849,2,14.5576,70.3576
17287,3810.61,850,2,14.5748,70.3809
14878,3807.10,851,2,14.5919,70.4041
15421,3805.34,852,2,14.6091,70.4274
13481,3803.09,853,2,14.6262,70.4506
16636,3802.04,854,2,14.6433,70.4739
13357,3795.01,855,2,14.6605,70.4971
15365,3791.98,856,2,14.6776,70.5203
12782,3770.04,857,2,14.6948,70.5433
16150,3761.27,858,2,14.7119,70.5663
17553,3757.60,859,2,14.7291,70.5892
17173,3755.65,860,2,14.7462,70.6122
17293,3750.63,861,2,14.7634,70.6351
16128,3748.40,862,2,14.7805,70.658
14309,3747.96,863,2,14.7977,70.6809
12876,3738.59,864,2,14.8148,70.7038
15696,3732.12,865,2,14.832,70.7266
17071,3730.96,866,2,14.8491,70.7494
17211,3728.80,867,2,14.8663,70.7722
12853,3728.50,868,2,14.8834,70.795
14364,3717.35,869,2,14.9005,70.8177
15370,3713.51,870,2,14.9177,70.8404
15288,3706.53,871,2,14.9348,70.8631
15494,3702.60,872,2,14.952,70.8857
14540,3699.74,873,2,14.9691,70.9083
17954,3697.19,874,2,14.9863,70.9309
16240,3693.81,875,2,15.0034,70.9535
14515,3693.70,876,2,15.0206,70.9761
12726,3690.60,877,2,15.0377,70.9986
12857,3684.25,878,2,15.0549,71.0211
14565,3683.87,879,2,15.072,71.0437
13126,3679.03,880,2,15.0892,71.0661
16928,3678.43,881,2,15.1063,71.0886
15704,3663.86,882,2,15.1235,71.111
12349,3654.54,883,2,15.1406,71.1334
15532,3653.35,884,2,15.1578,71.1557
14744,3648.63,885,2,15.1749,71.178
15255,3647.37,886,2,15.192,71.2003
16466,3642.09,887,2,15.2092,71.2225
12422,3639.35,888,2,15.2263,71.2448
13632,3632.36,889,2,15.2435,71.267
16748,3632.29,890,2,15.2606,71.2892
14649,3630.04,891,2,15.2778,71.3114
17096,3629.58,892,2,15.2949,71.3336
14770,3624.89,893,2,15.3121,71.3557
13305,3616.41,894,2,15.3292,71.3778
13446,3613.27,895,2,15.3464,71.3999
15834,3613.04,896,2,15.3635,71.422
12360,3612.89,897,2,15.3807,71.4441
16053,3606.14,898,2,15.3978,71.4661
18242,3605.21,899,2,15.415,71.4881
14593,3602.31,900,2,15.4321,71.5102
16094,3599.16,901,2,15.4492,71.5322
16503,3597.89,902,2,15.4664,71.5541
14970,3593.40,903,2,15.4835,71.5761
15480,3592.25,904,2,15.5007,71.5981
15569,3583.45,905,2,15.5178,71.62
14132,3580.13,906,2,15.535,71.6419
14857,3578.93,907,2,15.5521,71.6637
17063,3576.88,908,2,15.5693,71.6856
13750,3563.60,909,2,15.5864,71.7074
15024,3559.39,910,2,15.6036,71.7291
16444,3558.63,911,2,15.6207,71.7509
12721,3555.83,912,2,15.6379,71.7726
14737,3554.17,913,2,15.655,71.7943
15079,3546.75,914,2,15.6722,71.816
14503,3543.26,915,2,15.6893,71.8377
15791,3541.79,916,2,15.7064,71.8593
17528,3540.10,917,2,15.7236,71.881
14817,3539.21,918,2,15.7407,71.9026
17659,3536.33,919,2,15.7579,71.9242
17019,3526.29,920,2,15.775,71.9458
17848,3525.71,921,2,15.7922,71.9673
13505,3522.88,922,2,15.8093,71.9888
16336,3517.69,923,2,15.8265,72.0103
15858,3509.91,924,2,15.8436,72.0318
18044,3502.66,925,2,15.8608,72.0532
15505,3497.14,926,2,15.8779,72.0746
17311,3490.66,927,2,15.8951,72.0959
16950,3482.59,928,2,15.9122,72.1172
15306,3480.98,929,2,15.9294,72.1385
16983,3479.48,930,2,15.9465,72.1597
17722,3476.82,931,2,15.9636,72.181
16325,3470.90,932,2,15.9808,72.2022
15712,3467.46,933,2,15.9979,72.2234
17526,3450.04,934,2,16.0151,72.2445
12358,3447.07,935,2,16.0322,72.2655
14640,3446.33,936,2,16.0494,72.2866
14837,3445.82,937,2,16.0665,72.3077
13734,3445.34,938,2,16.0837,72.3287
13536,3444.39,939,2,16.1008,72.3498
13849,3443.80,940,2,16.118,72.3708
16208,3440.45,941,2,16.1351,72.3919
16395,3438.66,942,2,16.1523,72.4129
15974,3429.55,943,2,16.1694,72.4338
12670,3426.39,944,2,16.1866,72.4548
17597,3425.29,945,2,16.2037,72.4757
17913,3425.09,946,2,16.2209,72.4967
17876,3424.02,947,2,16.238,72.5176
13313,3423.27,948,2,16.2551,72.5385
16281,3416.52,949,2,16.2723,72.5594
15222,3415.66,950,2,16.2894,72.5803
16347,3415.56,951,2,16.3066,72.6011
13437,3408.06,952,2,16.3237,72.622
14653,3404.80,953,2,16.3409,72.6428
15114,3400.12,954,2,16.358,72.6636
15059,3394.45,955,2,16.3752,72.6843
17723,3378.40,956,2,16.3923,72.705
17307,3378.31,957,2,16.4095,72.7256
13135,3371.45,958,2,16.4266,72.7462
17725,3371.13,959,2,16.4438,72.7668
13707,3365.86,960,2,16.4609,72.7874
13285,3364.59,961,2,16.4781,72.808
16719,3363.87,962,2,16.4952,72.8285
13425,3362.73,963,2,16.5123,72.8491
16271,3361.87,964,2,16.5295,72.8696
13823,3358.55,965,2,16.5466,72.8901
15058,3354.73,966,2,16.5638,72.9107
18168,3352.30,967,2,16.5809,72.9311
16360,3349.57,968,2,16.5981,72.9516
12371,3347.38,969,2,16.6152,72.9721
13577,3346.62,970,2,16.6324,72.9925
15369,3346.43,971,2,16.6495,73.013
15265,3345.64,972,2,16.6667,73.0334
15811,3345.25,973,2,16.6838,73.0539
14882,3345.05,974,2,16.701,73.0743
17422,3341.65,975,2,16.7181,73.0947
15113,3339.12,976,2,16.7353,73.1152
14776,3339.02,977,2,16.7524,73.1356
12530,3329.86,978,2,16.7695,73.1559
15676,3324.09,979,2,16.7867,73.1762
15351,3320.50,980,2,16.8038,73.1965
13929,3318.10,981,2,16.821,73.2168
16818,3317.97,982,2,16.8381,73.2371
12623,3315.84,983,2,16.8553,73.2574
15065,3304.71,984,2,16.8724,73.2776
12865,3303.31,985,2,16.8896,73.2977
18219,3297.20,986,2,16.9067,73.3179
15953,3295.49,987,2,16.9239,73.338
13031,3292.84,988,2,16.941,73.3582
12631,3292.27,989,2,16.9582,73.3783
12424,3289.78,990,2,16.9753,73.3984
16539,3289.66,991,2,16.9925,73.4185
13431,3289.24,992,2,17.0096,73.4386
17768,3287.78,993,2,17.0267,73.4587
17183,3286.91,994,2,17.0439,73.4788
14285,3284.42,995,2,17.061,73.4989
13979,3284.23,996,2,17.0782,73.5189
13131,3279.77,997,2,17.0953,73.539
16351,3279.13,998,2,17.1125,73.559
12872,3276.81,999,2,17.1296,73.5791
14409,3276.09,1000,2,17.1468,73.5991
13824,3273.36,1001,2,17.1639,73.6191
15978,3272.62,1002,2,17.1811,73.6391
17931,3270.91,1003,2,17.1982,73.6591
13291,3270.79,1004,2,17.2154,73.6791
12377,3266.32,1005,2,17.2325,73.699
13214,3264.23,1006,2,17.2497,73.719
14608,3263.44,1007,2,17.2668,73.7389
18188,3263.19,1008,2,17.284,73.7589
13611,3259.43,1009,2,17.3011,73.7788
17774,3259.39,1010,2,17.3182,73.7987
15827,3247.09,1011,2,17.3354,73.8186
16612,3243.48,1012,2,17.3525,73.8384
14898,3242.60,1013,2,17.3697,73.8582
13246,3242.00,1014,2,17.3868,73.878
15356,3239.57,1015,2,17.404,73.8978
15140,3239.44,1016,2,17.4211,73.9176
14215,3238.53,1017,2,17.4383,73.9374
14669,3216.78,1018,2,17.4554,73.9571
14451,3215.50,1019,2,17.4726,73.9767
16107,3204.16,1020,2,17.4897,73.9963
15625,3203.25,1021,2,17.5069,74.0159
16057,3202.07,1022,2,17.524,74.0355
12468,3192.55,1023,2,17.5412,74.055
13868,3192.54,1024,2,17.5583,74.0745
15380,3192.10,1025,2,17.5754,74.094
17924,3189.53,1026,2,17.5926,74.1135
16045,3187.03,1027,2,17.6097,74.133
14533,3185.12,1028,2,17.6269,74.1525
15057,3184.56,1029,2,17.644,74.1719
16515,3179.06,1030,2,17.6612,74.1913
12645,3175.10,1031,2,17.6783,74.2108
14315,3168.72,1032,2,17.6955,74.2301
16837,3167.73,1033,2,17.7126,74.2495
16101,3167.42,1034,2,17.7298,74.2688
17679,3166.56,1035,2,17.7469,74.2882
16041,3166.40,1036,2,17.7641,74.3075
12951,3164.42,1037,2,17.7812,74.3269
12963,3162.59,1038,2,17.7984,74.3462
13804,3161.12,1039,2,17.8155,74.3655
16365,3156.94,1040,2,17.8326,74.3848
12976,3156.38,1041,2,17.8498,74.4041
17353,3155.55,1042,2,17.8669,74.4234
15632,3147.31,1043,2,17.8841,74.4427
14306,3141.50,1044,2,17.9012,74.4619
15095,3135.74,1045,2,17.9184,74.481
17354,3133.96,1046,2,17.9355,74.5002
16918,3131.31,1047,2,17.9527,74.5193
12569,3128.99,1048,2,17.9698,74.5384
15199,3122.40,1049,2,17.987,74.5575
13685,3119.44,1050,2,18.0041,74.5766
13052,3118.48,1051,2,18.0213,74.5956
14963,3117.72,1052,2,18.0384,74.6147
13786,3112.99,1053,2,18.0556,74.6337
15983,3110.37,1054,2,18.0727,74.6527
17640,3107.59,1055,2,18.0898,74.6717
13268,3105.66,1056,2,18.107,74.6907
14217,3105.52,1057,2,18.1241,74.7097
14507,3104.80,1058,2,18.1413,74.7287
13538,3103.13,1059,2,18.1584,74.7476
13397,3103.07,1060,2,18.1756,74.7666
14897,3100.74,1061,2,18.1927,74.7856
13650,3098.50,1062,2,18.2099,74.8045
12937,3097.61,1063,2,18.227,74.8234
15105,3094.91,1064,2,18.2442,74.8424
15491,3090.85,1065,2,18.2613,74.8612
14312,3090.29,1066,2,18.2785,74.8801
13464,3083.89,1067,2,18.2956,74.899
13772,3080.52,1068,2,18.3128,74.9178
13742,3079.27,1069,2,18.3299,74.9366
16584,3077.97,1070,2,18.3471,74.9554
14978,3076.39,1071,2,18.3642,74.9742
14700,3076.06,1072,2,18.3813,74.993
17929,3073.60,1073,2,18.3985,75.0118
12469,3070.54,1074,2,18.4156,75.0306
17147,3069.15,1075,2,18.4328,75.0494
12597,3067.13,1076,2,18.4499,75.0681
12511,3065.77,1077,2,18.4671,75.0868
16400,3059.85,1078,2,18.4842,75.1055
13196,3059.64,1079,2,18.5014,75.1242
14044,3057.00,1080,2,18.5185,75.1429
16059,3053.57,1081,2,18.5357,75.1616
16007,3053.06,1082,2,18.5528,75.1803
12619,3048.95,1083,2,18.57,75.1989
15823,3047.76,1084,2,18.5871,75.2175
14673,3037.32,1085,2,18.6043,75.2361
15538,3036.10,1086,2,18.6214,75.2546
13647,3033.78,1087,2,18.6385,75.2732
15241,3032.31,1088,2,18.6557,75.2917
17621,3029.32,1089,2,18.6728,75.3102
16678,3025.24,1090,2,18.69,75.3287
13692,3022.95,1091,2,18.7071,75.3472
12609,3021.86,1092,2,18.7243,75.3657
13631,3021.77,1093,2,18.7414,75.3841
12909,3019.92,1094,2,18.7586,75.4026
16933,3017.65,1095,2,18.7757,75.421
12849,3015.98,1096,2,18.7929,75.4395
13848,3015.00,1097,2,18.81,75.4579
17145,3014.64,1098,2,18.8272,75.4763
15916,3014.04,1099,2,18.8443,75.4948
12754,3010.74,1100,2,18.8615,75.5132
16560,3010.73,1101,2,18.8786,75.5316
15614,3008.86,1102,2,18.8957,75.5499
16718,3006.08,1103,2,18.9129,75.5683
15754,3001.86,1104,2,18.93,75.5867
14038,3000.93,1105,2,18.9472,75.605
14456,3000.80,1106,2,18.9643,75.6233
17702,2999.94,1107,2,18.9815,75.6417
14161,2996.93,1108,2,18.9986,75.66
12502,2995.87,1109,2,19.0158,75.6783
14344,2993.05,1110,2,19.0329,75.6966
12510,2989.33,1111,2,19.0501,75.7149
17090,2986.64,1112,2,19.0672,75.7331
15687,2981.50,1113,2,19.0844,75.7514
12770,2981.45,1114,2,19.1015,75.7696
13557,2980.08,1115,2,19.1187,75.7878
16012,2978.59,1116,2,19.1358,75.806
15027,2974.04,1117,2,19.1529,75.8242
14064,2967.57,1118,2,19.1701,75.8423
14506,2960.25,1119,2,19.1872,75.8604
18241,2954.09,1120,2,19.2044,75.8785
13485,2953.92,1121,2,19.2215,75.8965
12838,2953.46,1122,2,19.2387,75.9146
16120,2952.51,1123,2,19.2558,75.9326
13253,2951.11,1124,2,19.273,75.9507
14226,2950.38,1125,2,19.2901,75.9687
13635,2948.22,1126,2,19.3073,75.9867
17692,2947.04,1127,2,19.3244,76.0047
15967,2943.60,1128,2,19.3416,76.0227
15182,2942.75,1129,2,19.3587,76.0407
12877,2942.14,1130,2,19.3759,76.0587
15757,2940.36,1131,2,19.393,76.0767
14544,2938.53,1132,2,19.4102,76.0946
16416,2937.88,1133,2,19.4273,76.1126
12906,2919.81,1134,2,19.4444,76.1304
16358,2917.10,1135,2,19.4616,76.1482
15312,2916.49,1136,2,19.4787,76.1661
14867,2910.41,1137,2,19.4959,76.1839
14524,2909.86,1138,2,19.513,76.2016
17655,2909.18,1139,2,19.5302,76.2194
13764,2908.67,1140,2,19.5473,76.2372
16736,2904.51,1141,2,19.5645,76.255
15602,2902.16,1142,2,19.5816,76.2727
17588,2901.65,1143,2,19.5988,76.2904
16067,2900.01,1144,2,19.6159,76.3082
12854,2899.32,1145,2,19.6331,76.3259
13784,2897.18,1146,2,19.6502,76.3436
13110,2896.17,1147,2,19.6674,76.3613
15392,2891.82,1148,2,19.6845,76.379
17242,2889.28,1149,2,19.7016,76.3966
14916,2888.21,1150,2,19.7188,76.4143
15373,2881.74,1151,2,19.7359,76.4319
14251,2879.70,1152,2,19.7531,76.4495
14621,2878.27,1153,2,19.7702,76.4671
16633,2878.15,1154,2,19.7874,76.4847
18170,2878.00,1155,2,19.8045,76.5023
14005,2874.72,1156,2,19.8217,76.5198
14590,2871.04,1157,2,19.8388,76.5374
14758,2864.97,1158,2,19.856,76.5549
16062,2863.45,1159,2,19.8731,76.5724
16467,2862.40,1160,2,19.8903,76.5899
13890,2858.73,1161,2,19.9074,76.6074
15043,2855.32,1162,2,19.9246,76.6248
13728,2855.17,1163,2,19.9417,76.6423
14875,2850.50,1164,2,19.9588,76.6597
17961,2850.29,1165,2,19.976,76.6771
14935,2849.83,1166,2,19.9931,76.6945
16755,2846.13,1167,2,20.0103,76.7119
13501,2840.26,1168,2,20.0274,76.7293
15611,2837.37,1169,3,20.0446,76.7466
16229,2835.36,1170,3,20.0617,76.764
16383,2828.94,1171,3,20.0789,76.7812
17228,2820.03,1172,3,20.096,76.7985
17032,2816.69,1173,3,20.1132,76.8157
16225,2813.81,1174,3,20.1303,76.8329
15031,2813.73,1175,3,20.1475,76.8501
17386,2812.77,1176,3,20.1646,76.8673
14293,2809.41,1177,3,20.1818,76.8845
14711,2809.02,1178,3,20.1989,76.9016
13477,2806.12,1179,3,20.216,76.9188
15797,2806.08,1180,3,20.2332,76.9359
13205,2803.20,1181,3,20.2503,76.9531
13330,2796.10,1182,3,20.2675,76.9702
14035,2790.50,1183,3,20.2846,76.9872
13032,2790.00,1184,3,20.3018,77.0043
16979,2787.09,1185,3,20.3189,77.0213
17530,2786.15,1186,3,20.3361,77.0383
12826,2784.20,1187,3,20.3532,77.0553
13719,2782.10,1188,3,20.3704,77.0723
17790,2779.41,1189,3,20.3875,77.0893
12863,2775.55,1190,3,20.4047,77.1063
17031,2773.85,1191,3,20.4218,77.1233
15235,2772.76,1192,3,20.439,77.1402
15353,2772.57,1193,3,20.4561,77.1571
13695,2770.73,1194,3,20.4733,77.1741
18210,2768.83,1195,3,20.4904,77.191
14233,2766.96,1196,3,20.5075,77.2079
15817,2766.40,1197,3,20.5247,77.2248
15563,2764.67,1198,3,20.5418,77.2417
16407,2761.65,1199,3,20.559,77.2586
16871,2761.49,1200,3,20.5761,77.2755
16772,2760.10,1201,3,20.5933,77.2924
15965,2758.19,1202,3,20.6104,77.3092
12589,2752.17,1203,3,20.6276,77.326
16711,2751.48,1204,3,20.6447,77.3428
14869,2750.70,1205,3,20.6619,77.3597
16764,2749.95,1206,3,20.679,77.3765
17870,2748.34,1207,3,20.6962,77.3933
13963,2748.32,1208,3,20.7133,77.4101
17552,2744.63,1209,3,20.7305,77.4268
14121,2740.30,1210,3,20.7476,77.4436
16775,2739.24,1211,3,20.7647,77.4603
15329,2737.18,1212,3,20.7819,77.4771
17241,2736.64,1213,3,20.799,77.4938
15389,2733.80,1214,3,20.8162,77.5105
14903,2729.18,1215,3,20.8333,77.5272
15993,2728.22,1216,3,20.8505,77.5439
16335,2726.52,1217,3,20.8676,77.5605
15810,2724.80,1218,3,20.8848,77.5772
16190,2723.55,1219,3,20.9019,77.5938
14125,2720.63,1220,3,20.9191,77.6104
15841,2716.50,1221,3,20.9362,77.6271
13077,2716.15,1222,3,20.9534,77.6437
13736,2701.27,1223,3,20.9705,77.6602
12391,2699.24,1224,3,20.9877,77.6767
18173,2696.36,1225,3,21.0048,77.6931
16232,2692.02,1226,3,21.0219,77.7096
16086,2685.65,1227,3,21.0391,77.726
17388,2675.37,1228,3,21.0562,77.7424
12374,2669.22,1229,3,21.0734,77.7587
15910,2661.17,1230,3,21.0905,77.7749
16434,2658.99,1231,3,21.1077,77.7912
18283,2658.95,1232,3,21.1248,77.8074
16369,2654.48,1233,3,21.142,77.8237
17884,2649.47,1234,3,21.1591,77.8399
17744,2649.14,1235,3,21.1763,77.8561
12820,2647.94,1236,3,21.1934,77.8722
15671,2635.49,1237,3,21.2106,77.8883
13819,2631.10,1238,3,21.2277,77.9044
16618,2630.64,1239,3,21.2449,77.9205
13203,2630.55,1240,3,21.262,77.9366
12755,2629.50,1241,3,21.2791,77.9527
16276,2629.39,1242,3,21.2963,77.9687
17470,2626.47,1243,3,21.3134,77.9848
14404,2625.13,1244,3,21.3306,78.0008
12635,2624.41,1245,3,21.3477,78.0169
12671,2622.48,1246,3,21.3649,78.0329
15596,2621.27,1247,3,21.382,78.0489
14262,2618.23,1248,3,21.3992,78.0649
17115,2616.29,1249,3,21.4163,78.0809
17720,2613.06,1250,3,21.4335,78.0969
15985,2610.28,1251,3,21.4506,78.1128
15142,2608.97,1252,3,21.4678,78.1288
13422,2601.55,1253,3,21.4849,78.1447
15157,2597.88,1254,3,21.5021,78.1606
13644,2597.52,1255,3,21.5192,78.1764
13211,2596.32,1256,3,21.5364,78.1923
17490,2595.01,1257,3,21.5535,78.2082
14163,2594.62,1258,3,21.5706,78.224
17043,2593.65,1259,3,21.5878,78.2399
14129,2591.34,1260,3,21.6049,78.2557
15062,2585.62,1261,3,21.6221,78.2715
15826,2583.13,1262,3,21.6392,78.2873
13012,2581.28,1263,3,21.6564,78.3031
12685,2575.08,1264,3,21.6735,78.3188
16206,2572.17,1265,3,21.6907,78.3346
13700,2569.72,1266,3,21.7078,78.3503
14431,2567.10,1267,3,21.725,78.3659
17002,2565.60,1268,3,21.7421,78.3816
14756,2563.46,1269,3,21.7593,78.3973
12982,2562.12,1270,3,21.7764,78.413
12806,2558.96,1271,3,21.7936,78.4286
16036,2556.84,1272,3,21.8107,78.4442
14397,2556.68,1273,3,21.8278,78.4599
15660,2554.84,1274,3,21.845,78.4755
12456,2553.89,1275,3,21.8621,78.4911
16115,2553.80,1276,3,21.8793,78.5067
17284,2547.70,1277,3,21.8964,78.5223
18179,2547.55,1278,3,21.9136,78.5378
12473,2545.27,1279,3,21.9307,78.5534
13192,2544.53,1280,3,21.9479,78.5689
14548,2541.29,1281,3,21.965,78.5845
15033,2538.23,1282,3,21.9822,78.6
13862,2534.04,1283,3,21.9993,78.6155
17465,2533.64,1284,3,22.0165,78.631
15814,2531.84,1285,3,22.0336,78.6464
16889,2526.65,1286,3,22.0508,78.6619
14790,2526.62,1287,3,22.0679,78.6773
17317,2524.02,1288,3,22.085,78.6927
17095,2520.75,1289,3,22.1022,78.7082
14564,2519.32,1290,3,22.1193,78.7236
15434,2517.11,1291,3,22.1365,78.7389
17463,2515.26,1292,3,22.1536,78.7543
13344,2511.69,1293,3,22.1708,78.7697
16104,2511.21,1294,3,22.1879,78.785
16499,2509.64,1295,3,22.2051,78.8003
15862,2507.14,1296,3,22.2222,78.8157
17101,2507.05,1297,3,22.2394,78.831
13471,2501.84,1298,3,22.2565,78.8463
17594,2497.88,1299,3,22.2737,78.8616
15747,2497.86,1300,3,22.2908,78.8768
12978,2496.07,1301,3,22.308,78.8921
14541,2491.38,1302,3,22.3251,78.9073
17262,2488.76,1303,3,22.3422,78.9225
15227,2488.49,1304,3,22.3594,78.9377
16987,2487.55,1305,3,22.3765,78.9529
15117,2484.32,1306,3,22.3937,78.9681
15716,2482.74,1307,3,22.4108,78.9833
13414,2482.24,1308,3,22.428,78.9985
15681,2480.20,1309,3,22.4451,79.0136
13507,2479.16,1310,3,22.4623,79.0288
12967,2472.37,1311,3,22.4794,79.0439
14934,2471.07,1312,3,22.4966,79.059
14745,2471.06,1313,3,22.5137,79.0741
14229,2468.99,1314,3,22.5309,79.0892
17288,2468.43,1315,3,22.548,79.1043
16202,2467.04,1316,3,22.5652,79.1193
12438,2466.85,1317,3,22.5823,79.1344
17164,2466.40,1318,3,22.5995,79.1495
14696,2465.30,1319,3,22.6166,79.1646
17131,2463.17,1320,3,22.6337,79.1796
15932,2461.85,1321,3,22.6509,79.1947
14842,2456.80,1322,3,22.668,79.2097
13623,2456.73,1323,3,22.6852,79.2247
14421,2456.62,1324,3,22.7023,79.2397
14659,2456.53,1325,3,22.7195,79.2547
13588,2449.53,1326,3,22.7366,79.2697
17320,2444.85,1327,3,22.7538,79.2846
15906,2442.44,1328,3,22.7709,79.2996
15111,2442.37,1329,3,22.7881,79.3145
15623,2437.05,1330,3,22.8052,79.3294
17505,2435.48,1331,3,22.8224,79.3443
17348,2430.99,1332,3,22.8395,79.3591
13949,2427.32,1333,3,22.8567,79.374
17629,2425.52,1334,3,22.8738,79.3888
15077,2423.88,1335,3,22.8909,79.4036
15021,2422.35,1336,3,22.9081,79.4184
13134,2422.28,1337,3,22.9252,79.4332
12739,2421.23,1338,3,22.9424,79.448
15089,2420.84,1339,3,22.9595,79.4628
13878,2416.90,1340,3,22.9767,79.4776
12924,2415.20,1341,3,22.9938,79.4924
18171,2414.51,1342,3,23.011,79.5071
16470,2411.90,1343,3,23.0281,79.5219
13473,2410.98,1344,3,23.0453,79.5366
17676,2409.73,1345,3,23.0624,79.5513
16833,2409.04,1346,3,23.0796,79.566
16554,2407.17,1347,3,23.0967,79.5808
14195,2401.40,1348,3,23.1139,79.5954
15341,2401.02,1349,3,23.131,79.6101
16817,2392.85,1350,3,23.1481,79.6247
17444,2389.10,1351,3,23.1653,79.6393
15366,2389.08,1352,3,23.1824,79.6539
12412,2389.03,1353,3,23.1996,79.6685
14414,2387.48,1354,3,23.2167,79.6831
16105,2386.19,1355,3,23.2339,79.6977
13151,2385.66,1356,3,23.251,79.7123
14256,2384.14,1357,3,23.2682,79.7269
16040,2383.70,1358,3,23.2853,79.7414
15793,2382.92,1359,3,23.3025,79.756
16359,2379.40,1360,3,23.3196,79.7706
12393,2376.75,1361,3,23.3368,79.7851
16638,2375.88,1362,3,23.3539,79.7996
13173,2370.97,1363,3,23.3711,79.8141
17827,2369.42,1364,3,23.3882,79.8286
16147,2367.02,1365,3,23.4053,79.843
17623,2365.77,1366,3,23.4225,79.8575
15860,2358.80,1367,3,23.4396,79.8719
17634,2358.59,1368,3,23.4568,79.8863
15073,2357.04,1369,3,23.4739,79.9007
17921,2354.21,1370,3,23.4911,79.9151
14810,2354.03,1371,3,23.5082,79.9295
16083,2351.42,1372,3,23.5254,79.9439
14496,2341.54,1373,3,23.5425,79.9582
13118,2334.10,1374,3,23.5597,79.9725
17434,2333.42,1375,3,23.5768,79.9867
12676,2333.09,1376,3,23.594,80.001
13614,2332.74,1377,3,23.6111,80.0153
16005,2332.62,1378,3,23.6283,80.0295
16676,2328.50,1379,3,23.6454,80.0437
17591,2328.37,1380,3,23.6626,80.058
15489,2327.36,1381,3,23.6797,80.0722
12733,2325.97,1382,3,23.6968,80.0864
17004,2324.36,1383,3,23.714,80.1006
16085,2318.91,1384,3,23.7311,80.1148
14346,2315.75,1385,3,23.7483,80.1289
16628,2313.09,1386,3,23.7654,80.1431
14295,2309.06,1387,3,23.7826,80.1572
17282,2308.54,1388,3,23.7997,80.1713
13813,2308.42,1389,3,23.8169,80.1854
14502,2307.14,1390,3,23.834,80.1995
12948,2306.18,1391,3,23.8512,80.2136
15946,2304.18,1392,3,23.8683,80.2277
18095,2303.09,1393,3,23.8855,80.2418
13908,2297.05,1394,3,23.9026,80.2558
13704,2295.31,1395,3,23.9198,80.2698
14555,2294.88,1396,3,23.9369,80.2839
12520,2294.51,1397,3,23.954,80.2979
16496,2293.47,1398,3,23.9712,80.3119
15549,2292.91,1399,3,23.9883,80.3259
13055,2292.51,1400,3,24.0055,80.3399
12423,2291.19,1401,3,24.0226,80.3539
13085,2289.58,1402,3,24.0398,80.3679
14938,2289.43,1403,3,24.0569,80.3819
17047,2289.23,1404,3,24.0741,80.3959
12516,2288.62,1405,3,24.0912,80.4099
17313,2288.13,1406,3,24.1084,80.4239
17018,2287.70,1407,3,24.1255,80.4379
14481,2284.69,1408,3,24.1427,80.4518
14554,2279.49,1409,3,24.1598,80.4658
14808,2277.80,1410,3,24.177,80.4797
18051,2275.98,1411,3,24.1941,80.4936
13994,2274.14,1412,3,24.2112,80.5075
13371,2271.46,1413,3,24.2284,80.5214
13280,2267.83,1414,3,24.2455,80.5353
12517,2263.65,1415,3,24.2627,80.5491
16531,2263.58,1416,3,24.2798,80.5629
15734,2263.30,1417,3,24.297,80.5768
13652,2262.05,1418,3,24.3141,80.5906
13655,2261.66,1419,3,24.3313,80.6044
13059,2261.22,1420,3,24.3484,80.6182
15015,2255.27,1421,3,24.3656,80.632
17193,2254.60,1422,3,24.3827,80.6458
13117,2253.96,1423,3,24.3999,80.6596
17414,2249.52,1424,3,24.417,80.6733
14432,2248.50,1425,3,24.4342,80.6871
17894,2248.44,1426,3,24.4513,80.7008
12701,2248.41,1427,3,24.4684,80.7145
16174,2246.75,1428,3,24.4856,80.7283
15865,2241.42,1429,3,24.5027,80.742
15629,2240.90,1430,3,24.5199,80.7557
13814,2239.07,1431,3,24.537,80.7694
16551,2237.12,1432,3,24.5542,80.783
16823,2236.14,1433,3,24.5713,80.7967
16883,2236.11,1434,3,24.5885,80.8104
17969,2235.54,1435,3,24.6056,80.824
14449,2230.96,1436,3,24.6228,80.8377
18215,2223.99,1437,3,24.6399,80.8513
16350,2222.49,1438,3,24.6571,80.8648
13627,2217.55,1439,3,24.6742,80.8784
16812,2216.80,1440,3,24.6914,80.8919
17075,2216.28,1441,3,24.7085,80.9055
17180,2216.12,1442,3,24.7257,80.919
12397,2214.90,1443,3,24.7428,80.9326
17994,2213.58,1444,3,24.7599,80.9461
14748,2208.89,1445,3,24.7771,80.9596
17648,2208.42,1446,3,24.7942,80.9731
14177,2204.74,1447,3,24.8114,80.9866
14462,2204.69,1448,3,24.8285,81.0001
14467,2203.24,1449,3,24.8457,81.0135
14321,2198.58,1450,3,24.8628,81.027
14006,2196.67,1451,3,24.88,81.0404
15934,2190.66,1452,3,24.8971,81.0538
14212,2190.14,1453,3,24.9143,81.0672
18177,2189.07,1454,3,24.9314,81.0805
14597,2184.63,1455,3,24.9486,81.0939
14834,2184.21,1456,3,24.9657,81.1072
16042,2183.10,1457,3,24.9829,81.1206
15476,2180.28,1458,3,25.0,81.1339
16317,2179.76,1459,3,25.0171,81.1472
13338,2173.62,1460,3,25.0343,81.1605
16076,2173.53,1461,3,25.0514,81.1738
13410,2172.51,1462,3,25.0686,81.1871
14665,2172.33,1463,3,25.0857,81.2004
16108,2171.93,1464,3,25.1029,81.2136
13662,2166.63,1465,3,25.12,81.2269
13762,2165.76,1466,3,25.1372,81.2401
17550,2165.54,1467,3,25.1543,81.2534
14595,2164.45,1468,3,25.1715,81.2666
13365,2164.32,1469,3,25.1886,81.2798
15944,2164.24,1470,3,25.2058,81.293
17905,2159.07,1471,3,25.2229,81.3062
14205,2156.30,1472,3,25.2401,81.3194
17822,2154.08,1473,3,25.2572,81.3326
12856,2153.53,1474,3,25.2743,81.3457
16275,2151.11,1475,3,25.2915,81.3589
16966,2148.97,1476,3,25.3086,81.372
13224,2147.85,1477,3,25.3258,81.3852
16004,2146.39,1478,3,25.3429,81.3983
17368,2145.39,1479,3,25.3601,81.4114
17272,2144.53,1480,3,25.3772,81.4245
13320,2144.45,1481,3,25.3944,81.4376
17732,2144.17,1482,3,25.4115,81.4507
14216,2142.39,1483,3,25.4287,81.4638
16177,2141.61,1484,3,25.4458,81.4769
15426,2138.86,1485,3,25.463,81.49
17029,2137.30,1486,3,25.4801,81.503
15638,2137.20,1487,3,25.4973,81.5161
17305,2135.46,1488,3,25.5144,81.5291
16379,2131.90,1489,3,25.5316,81.5422
16520,2131.68,1490,3,25.5487,81.5552
18116,2130.89,1491,3,25.5658,81.5682
16485,2130.19,1492,3,25.583,81.5812
12802,2120.42,1493,3,25.6001,81.5942
16134,2119.99,1494,3,25.6173,81.6072
14410,2119.08,1495,3,25.6344,81.6201
14472,2118.72,1496,3,25.6516,81.6331
14360,2118.03,1497,3,25.6687,81.646
13152,2114.98,1498,3,25.6859,81.6589
14691,2114.33,1499,3,25.703,81.6719
14573,2113.42,1500,3,25.7202,81.6848
13643,2112.17,1501,3,25.7373,81.6977
13407,2111.89,1502,3,25.7545,81.7106
16493,2110.12,1503,3,25.7716,81.7235
13517,2109.07,1504,3,25.7888,81.7364
13755,2101.39,1505,3,25.8059,81.7492
15815,2100.60,1506,3,25.823,81.7621
17742,2098.48,1507,3,25.8402,81.7749
14407,2096.08,1508,3,25.8573,81.7877
17159,2095.44,1509,3,25.8745,81.8005
13753,2094.57,1510,3,25.8916,81.8133
16600,2093.56,1511,3,25.9088,81.8261
14469,2093.46,1512,3,25.9259,81.8389
14399,2093.21,1513,3,25.9431,81.8517
13265,2092.66,1514,3,25.9602,81.8645
17113,2092.16,1515,3,25.9774,81.8773
15456,2091.52,1516,3,25.9945,81.8901
16054,2090.68,1517,3,26.0117,81.9028
15151,2085.61,1518,3,26.0288,81.9156
12724,2083.52,1519,3,26.046,81.9283
14499,2083.44,1520,3,26.0631,81.9411
13591,2081.19,1521,3,26.0802,81.9538
13455,2080.88,1522,3,26.0974,81.9665
14644,2077.47,1523,3,26.1145,81.9792
18026,2074.07,1524,3,26.1317,81.9919
12684,2073.63,1525,3,26.1488,82.0045
13610,2070.71,1526,3,26.166,82.0172
16201,2070.17,1527,3,26.1831,82.0299
13478,2068.03,1528,3,26.2003,82.0425
18009,2065.48,1529,3,26.2174,82.0551
12997,2065.11,1530,3,26.2346,82.0677
16807,2064.88,1531,3,26.2517,82.0804
17585,2064.71,1532,3,26.2689,82.093
13748,2064.35,1533,3,26.286,82.1056
16726,2063.88,1534,3,26.3032,82.1182
14443,2063.65,1535,3,26.3203,82.1308
16934,2062.89,1536,3,26.3374,82.1434
12649,2060.50,1537,3,26.3546,82.156
15252,2053.06,1538,3,26.3717,82.1686
16016,2053.00,1539,3,26.3889,82.1811
17086,2050.08,1540,3,26.406,82.1937
17666,2047.80,1541,3,26.4232,82.2062
12586,2045.67,1542,3,26.4403,82.2187
16996,2044.16,1543,3,26.4575,82.2312
14232,2043.93,1544,3,26.4746,82.2437
12868,2043.76,1545,3,26.4918,82.2562
17705,2041.50,1546,3,26.5089,82.2686
18258,2040.97,1547,3,26.5261,82.2811
13799,2039.82,1548,3,26.5432,82.2936
14988,2038.65,1549,3,26.5604,82.306
16214,2038.25,1550,3,26.5775,82.3185
16331,2037.70,1551,3,26.5947,82.3309
16795,2035.21,1552,3,26.6118,82.3434
15253,2033.29,1553,3,26.6289,82.3558
12457,2032.31,1554,3,26.6461,82.3682
17289,2032.30,1555,3,26.6632,82.3807
15272,2030.95,1556,3,26.6804,82.3931
15506,2030.33,1557,3,26.6975,82.4055
16794,2029.48,1558,3,26.7147,82.4179
17897,2027.54,1559,3,26.7318,82.4303
12873,2027.30,1560,3,26.749,82.4427
12599,2026.72,1561,3,26.7661,82.4551
13989,2026.06,1562,3,26.7833,82.4674
14651,2025.52,1563,3,26.8004,82.4798
14631,2023.17,1564,3,26.8176,82.4922
15384,2021.14,1565,3,26.8347,82.5045
14147,2019.30,1566,3,26.8519,82.5169
14188,2018.91,1567,3,26.869,82.5292
17324,2018.07,1568,3,26.8861,82.5416
12418,2016.95,1569,3,26.9033,82.5539
16197,2016.71,1570,3,26.9204,82.5662
15864,2014.22,1571,3,26.9376,82.5785
13663,2013.61,1572,3,26.9547,82.5908
16221,2011.97,1573,3,26.9719,82.6031
15164,2011.21,1574,3,26.989,82.6154
14225,2009.17,1575,3,27.0062,82.6277
13696,2008.70,1576,3,27.0233,82.64
13092,2007.33,1577,3,27.0405,82.6522
12576,2003.87,1578,3,27.0576,82.6645
13888,2001.59,1579,3,27.0748,82.6767
12986,1998.34,1580,3,27.0919,82.6889
14628,1998.00,1581,3,27.1091,82.7012
16698,1998.00,1582,3,27.1262,82.7134
15990,1997.75,1583,3,27.1433,82.7256
17126,1996.03,1584,3,27.1605,82.7378
13630,1995.68,1585,3,27.1776,82.75
12975,1993.99,1586,3,27.1948,82.7622
15481,1993.34,1587,3,27.2119,82.7743
17048,1991.45,1588,3,27.2291,82.7865
17088,1991.01,1589,3,27.2462,82.7987
13094,1990.98,1590,3,27.2634,82.8109
13874,1989.20,1591,3,27.2805,82.823
15550,1987.85,1592,3,27.2977,82.8352
16529,1986.80,1593,3,27.3148,82.8473
14623,1983.55,1594,3,27.332,82.8594
14967,1982.61,1595,3,27.3491,82.8715
16235,1980.61,1596,3,27.3663,82.8837
15795,1979.87,1597,3,27.3834,82.8958
16332,1977.05,1598,3,27.4005,82.9078
14152,1975.44,1599,3,27.4177,82.9199
16065,1975.13,1600,3,27.4348,82.932
17633,1974.89,1601,3,27.452,82.9441
15531,1972.39,1602,3,27.4691,82.9561
17797,1971.87,1603,3,27.4863,82.9682
14634,1971.82,1604,3,27.5034,82.9802
14396,1969.38,1605,3,27.5206,82.9923
16960,1967.48,1606,3,27.5377,83.0043
15030,1967.16,1607,3,27.5549,83.0163
13693,1966.32,1608,3,27.572,83.0283
16032,1965.72,1609,3,27.5892,83.0403
17351,1964.38,1610,3,27.6063,83.0523
15658,1964.14,1611,3,27.6235,83.0643
16176,1964.04,1612,3,27.6406,83.0764
17966,1963.92,1613,3,27.6578,83.0884
17158,1962.30,1614,3,27.6749,83.1003
18204,1960.95,1615,3,27.692,83.1123
14477,1960.61,1616,3,27.7092,83.1243
16290,1957.70,1617,3,27.7263,83.1363
14301,1956.23,1618,3,27.7435,83.1482
17039,1954.99,1619,3,27.7606,83.1602
18016,1954.56,1620,3,27.7778,83.1721
17554,1952.45,1621,3,27.7949,83.1841
13761,1952.17,1622,3,27.8121,83.196
13208,1951.82,1623,3,27.8292,83.2079
14014,1948.21,1624,3,27.8464,83.2198
12501,1945.68,1625,3,27.8635,83.2317
15425,1941.12,1626,3,27.8807,83.2436
15478,1940.98,1627,3,27.8978,83.2555
14905,1939.69,1628,3,27.915,83.2673
14418,1937.25,1629,3,27.9321,83.2792
17460,1937.10,1630,3,27.9492,83.291
14276,1933.73,1631,3,27.9664,83.3028
15789,1932.01,1632,3,27.9835,83.3146
15803,1929.66,1633,3,28.0007,83.3264
17236,1929.26,1634,3,28.0178,83.3382
13029,1927.30,1635,3,28.035,83.35
16788,1927.28,1636,3,28.0521,83.3618
16681,1921.84,1637,3,28.0693,83.3735
12842,1917.99,1638,3,28.0864,83.3852
14332,1917.41,1639,3,28.1036,83.397
16619,1916.53,1640,3,28.1207,83.4087
16650,1916.11,1641,3,28.1379,83.4204
13476,1915.77,1642,3,28.155,83.4321
14901,1912.70,1643,3,28.1722,83.4438
15620,1909.93,1644,3,28.1893,83.4555
12725,1906.76,1645,3,28.2064,83.4671
17046,1906.07,1646,3,28.2236,83.4788
14250,1904.05,1647,3,28.2407,83.4904
14127,1900.08,1648,3,28.2579,83.502
14710,1899.79,1649,3,28.275,83.5136
14730,1897.57,1650,3,28.2922,83.5252
17337,1896.06,1651,3,28.3093,83.5368
17560,1895.80,1652,3,28.3265,83.5484
14327,1894.93,1653,3,28.3436,83.56
14794,1889.15,1654,3,28.3608,83.5715
15381,1887.62,1655,3,28.3779,83.5831
12560,1885.39,1656,3,28.3951,83.5946
16172,1884.55,1657,3,28.4122,83.6061
16027,1882.34,1658,3,28.4294,83.6176
17227,1878.93,1659,3,28.4465,83.6291
16942,1878.51,1660,3,28.4636,83.6406
14000,1877.59,1661,3,28.4808,83.6521
13276,1871.21,1662,3,28.4979,83.6635
16742,1870.07,1663,3,28.5151,83.6749
16631,1867.02,1664,3,28.5322,83.6863
15248,1865.03,1665,3,28.5494,83.6977
17350,1863.82,1666,3,28.5665,83.7091
16426,1863.76,1667,3,28.5837,83.7205
14887,1862.00,1668,3,28.6008,83.7319
12687,1858.91,1669,3,28.618,83.7433
14130,1858.77,1670,3,28.6351,83.7546
16043,1856.59,1671,3,28.6523,83.766
15561,1856.54,1672,3,28.6694,83.7773
13889,1855.73,1673,3,28.6866,83.7887
18151,1853.94,1674,3,28.7037,83.8
16049,1852.15,1675,3,28.7209,83.8113
18180,1843.75,1676,3,28.738,83.8226
12950,1843.00,1677,3,28.7551,83.8338
16917,1842.93,1678,3,28.7723,83.8451
12399,1842.30,1679,3,28.7894,83.8564
16102,1842.14,1680,3,28.8066,83.8676
14224,1841.71,1681,3,28.8237,83.8789
12518,1840.89,1682,3,28.8409,83.8901
17919,1840.32,1683,3,28.858,83.9014
17015,1838.61,1684,3,28.8752,83.9126
15081,1837.12,1685,3,28.8923,83.9238
16175,1836.44,1686,3,28.9095,83.9351
13168,1831.68,1687,3,28.9266,83.9463
17152,1830.50,1688,3,28.9438,83.9575
14912,1829.78,1689,3,28.9609,83.9686
16152,1829.04,1690,3,28.9781,83.9798
16825,1826.89,1691,3,28.9952,83.991
17244,1826.04,1692,3,29.0123,84.0021
15678,1825.94,1693,3,29.0295,84.0133
17642,1824.49,1694,3,29.0466,84.0245
16169,1822.97,1695,3,29.0638,84.0356
14403,1822.76,1696,3,29.0809,84.0467
16163,1822.03,1697,3,29.0981,84.0579
14389,1821.07,1698,3,29.1152,84.069
12582,1820.40,1699,3,29.1324,84.0801
17787,1817.54,1700,3,29.1495,84.0912
15402,1816.22,1701,3,29.1667,84.1023
16205,1813.51,1702,3,29.1838,84.1134
16880,1813.21,1703,3,29.201,84.1245
12584,1809.95,1704,3,29.2181,84.1356
13725,1809.81,1705,3,29.2353,84.1466
14715,1809.55,1706,3,29.2524,84.1577
15530,1808.68,1707,3,29.2695,84.1687
15807,1807.57,1708,3,29.2867,84.1798
15133,1806.90,1709,3,29.3038,84.1908
14305,1803.76,1710,3,29.321,84.2019
13561,1803.40,1711,3,29.3381,84.2129
14723,1801.36,1712,3,29.3553,84.2239
16249,1800.07,1713,3,29.3724,84.2349
15822,1797.71,1714,3,29.3896,84.2459
12644,1797.54,1715,3,29.4067,84.2569
18161,1797.20,1716,3,29.4239,84.2679
18235,1796.48,1717,3,29.441,84.2788
12674,1796.26,1718,3,29.4582,84.2898
18236,1795.35,1719,3,29.4753,84.3008
14870,1794.60,1720,3,29.4925,84.3118
14553,1793.10,1721,3,29.5096,84.3227
18122,1791.84,1722,3,29.5267,84.3337
13884,1788.93,1723,3,29.5439,84.3446
13375,1786.48,1724,3,29.561,84.3555
15608,1785.98,1725,3,29.5782,84.3664
15452,1785.11,1726,3,29.5953,84.3774
14893,1785.01,1727,3,29.6125,84.3883
17165,1783.63,1728,3,29.6296,84.3992
16110,1781.59,1729,3,29.6468,84.4101
13782,1778.13,1730,3,29.6639,84.4209
16611,1776.63,1731,3,29.6811,84.4318
18220,1771.70,1732,3,29.6982,84.4426
15972,1769.33,1733,3,29.7154,84.4534
15594,1767.53,1734,3,29.7325,84.4642
12585,1766.81,1735,3,29.7497,84.475
16751,1764.72,1736,3,29.7668,84.4858
16692,1764.70,1737,3,29.784,84.4966
14738,1763.64,1738,3,29.8011,84.5074
14708,1763.52,1739,3,29.8182,84.5182
16797,1761.02,1740,3,29.8354,84.5289
16620,1758.93,1741,3,29.8525,84.5397
15220,1758.92,1742,3,29.8697,84.5504
16511,1758.49,1743,3,29.8868,84.5612
16266,1757.95,1744,3,29.904,84.5719
16595,1757.75,1745,3,29.9211,84.5827
16510,1757.25,1746,3,29.9383,84.5934
14915,1752.65,1747,3,29.9554,84.6041
16474,1750.46,1748,3,29.9726,84.6148
15100,1750.10,1749,3,29.9897,84.6255
14522,1748.42,1750,3,30.0069,84.6362
13717,1748.05,1751,3,30.024,84.6469
13808,1747.66,1752,4,30.0412,84.6576
16770,1746.83,1753,4,30.0583,84.6682
13946,1745.43,1754,4,30.0754,84.6789
16380,1743.15,1755,4,30.0926,84.6896
16348,1742.08,1756,4,30.1097,84.7002
12704,1740.84,1757,4,30.1269,84.7108
17609,1740.01,1758,4,30.144,84.7215
15473,1740.00,1759,4,30.1612,84.7321
16087,1739.92,1760,4,30.1783,84.7428
17974,1739.09,1761,4,30.1955,84.7534
15605,1738.55,1762,4,30.2126,84.764
13456,1737.82,1763,4,30.2298,84.7746
12531,1737.05,1764,4,30.2469,84.7852
15128,1735.93,1765,4,30.2641,84.7959
13920,1734.88,1766,4,30.2812,84.8065
17268,1733.89,1767,4,30.2984,84.8171
15777,1732.16,1768,4,30.3155,84.8276
17432,1728.99,1769,4,30.3326,84.8382
16891,1727.94,1770,4,30.3498,84.8488
14387,1727.60,1771,4,30.3669,84.8593
14896,1727.30,1772,4,30.3841,84.8699
16809,1725.48,1773,4,30.4012,84.8804
14584,1725.16,1774,4,30.4184,84.891
14075,1724.87,1775,4,30.4355,84.9015
12592,1723.64,1776,4,30.4527,84.9121
16119,1720.81,1777,4,30.4698,84.9226
14704,1720.58,1778,4,30.487,84.9331
17695,1720.54,1779,4,30.5041,84.9436
17671,1720.53,1780,4,30.5213,84.9541
15267,1717.36,1781,4,30.5384,84.9646
13705,1717.19,1782,4,30.5556,84.9751
14021,1716.58,1783,4,30.5727,84.9856
14741,1713.09,1784,4,30.5898,84.9961
18239,1712.26,1785,4,30.607,85.0065
14447,1711.73,1786,4,30.6241,85.017
13665,1711.66,1787,4,30.6413,85.0275
16374,1709.55,1788,4,30.6584,85.0379
16124,1709.39,1789,4,30.6756,85.0484
13104,1709.10,1790,4,30.6927,85.0588
15947,1708.24,1791,4,30.7099,85.0693
15730,1708.18,1792,4,30.727,85.0797
15885,1707.57,1793,4,30.7442,85.0901
17162,1707.21,1794,4,30.7613,85.1006
16902,1706.88,1795,4,30.7785,85.111
13503,1706.79,1796,4,30.7956,85.1214
13309,1706.37,1797,4,30.8128,85.1319
12610,1705.99,1798,4,30.8299,85.1423
14692,1705.64,1799,4,30.8471,85.1527
17135,1705.46,1800,4,30.8642,85.1631
14859,1703.94,1801,4,30.8813,85.1736
14400,1703.00,1802,4,30.8985,85.184
12762,1702.52,1803,4,30.9156,85.1944
15221,1702.00,1804,4,30.9328,85.2048
12932,1698.56,1805,4,30.9499,85.2152
13026,1697.74,1806,4,30.9671,85.2255
17694,1695.97,1807,4,30.9842,85.2359
16899,1695.77,1808,4,31.0014,85.2463
17750,1694.16,1809,4,31.0185,85.2566
12764,1693.88,1810,4,31.0357,85.267
16010,1692.91,1811,4,31.0528,85.2773
16671,1692.27,1812,4,31.07,85.2877
13838,1690.07,1813,4,31.0871,85.298
13294,1689.53,1814,4,31.1043,85.3083
16993,1688.15,1815,4,31.1214,85.3186
13516,1685.26,1816,4,31.1385,85.3289
13566,1684.75,1817,4,31.1557,85.3392
15911,1683.79,1818,4,31.1728,85.3495
13924,1682.08,1819,4,31.19,85.3598
13648,1681.12,1820,4,31.2071,85.3701
12425,1680.81,1821,4,31.2243,85.3803
15976,1680.31,1822,4,31.2414,85.3906
13800,1679.56,1823,4,31.2586,85.4009
16233,1678.26,1824,4,31.2757,85.4111
14245,1677.48,1825,4,31.2929,85.4214
13149,1676.06,1826,4,31.31,85.4316
16725,1675.41,1827,4,31.3272,85.4419
17656,1674.69,1828,4,31.3443,85.4521
17603,1671.18,1829,4,31.3615,85.4623
17534,1668.83,1830,4,31.3786,85.4725
15736,1668.67,1831,4,31.3957,85.4827
12385,1668.40,1832,4,31.4129,85.4929
13434,1666.86,1833,4,31.43,85.5031
13064,1666.84,1834,4,31.4472,85.5133
15192,1666.39,1835,4,31.4643,85.5235
17321,1665.21,1836,4,31.4815,85.5337
16329,1664.92,1837,4,31.4986,85.5438
12912,1662.30,1838,4,31.5158,85.554
12870,1662.05,1839,4,31.5329,85.5642
15214,1661.44,1840,4,31.5501,85.5743
15649,1660.35,1841,4,31.5672,85.5845
14583,1660.29,1842,4,31.5844,85.5946
16639,1659.85,1843,4,31.6015,85.6048
12694,1659.45,1844,4,31.6187,85.6149
12348,1658.40,1845,4,31.6358,85.625
16859,1657.74,1846,4,31.6529,85.6352
14643,1654.69,1847,4,31.6701,85.6453
13308,1652.47,1848,4,31.6872,85.6554
16813,1652.18,1849,4,31.7044,85.6655
12911,1651.72,1850,4,31.7215,85.6756
16625,1651.08,1851,4,31.7387,85.6857
17451,1648.95,1852,4,31.7558,85.6957
17813,1641.79,1853,4,31.773,85.7058
17041,1639.40,1854,4,31.7901,85.7158
18096,1638.16,1855,4,31.8073,85.7258
16768,1637.52,1856,4,31.8244,85.7358
17006,1635.27,1857,4,31.8416,85.7458
15310,1634.64,1858,4,31.8587,85.7558
12528,1634.28,1859,4,31.8759,85.7658
13711,1632.61,1860,4,31.893,85.7758
14164,1631.77,1861,4,31.9102,85.7857
16398,1631.15,1862,4,31.9273,85.7957
14904,1630.49,1863,4,31.9444,85.8057
17571,1629.66,1864,4,31.9616,85.8156
15551,1629.01,1865,4,31.9787,85.8256
14420,1627.72,1866,4,31.9959,85.8356
15167,1627.62,1867,4,32.013,85.8455
15339,1627.27,1868,4,32.0302,85.8554
14759,1625.97,1869,4,32.0473,85.8654
15172,1624.05,1870,4,32.0645,85.8753
14831,1623.97,1871,4,32.0816,85.8852
13363,1623.86,1872,4,32.0988,85.8952
12813,1621.80,1873,4,32.1159,85.9051
18276,1620.67,1874,4,32.1331,85.915
14937,1617.63,1875,4,32.1502,85.9249
12383,1617.31,1876,4,32.1674,85.9348
16224,1616.54,1877,4,32.1845,85.9446
15607,1616.37,1878,4,32.2016,85.9545
13184,1615.45,1879,4,32.2188,85.9644
15422,1615.02,1880,4,32.2359,85.9743
14336,1614.91,1881,4,32.2531,85.9841
15013,1610.82,1882,4,32.2702,85.994
17814,1609.37,1883,4,32.2874,86.0038
13154,1609.29,1884,4,32.3045,86.0136
12352,1609.21,1885,4,32.3217,86.0235
12847,1609.00,1886,4,32.3388,86.0333
13249,1608.93,1887,4,32.356,86.0431
13900,1608.09,1888,4,32.3731,86.053
14920,1607.17,1889,4,32.3903,86.0628
17515,1602.51,1890,4,32.4074,86.0726
14850,1599.76,1891,4,32.4246,86.0824
12514,1597.76,1892,4,32.4417,86.0921
15134,1596.29,1893,4,32.4588,86.1019
17853,1596.29,1894,4,32.476,86.1117
15325,1596.26,1895,4,32.4931,86.1214
13417,1593.89,1896,4,32.5103,86.1312
17028,1593.83,1897,4,32.5274,86.1409
16860,1593.67,1898,4,32.5446,86.1506
13850,1586.81,1899,4,32.5617,86.1603
13156,1586.54,1900,4,32.5789,86.17
16096,1584.97,1901,4,32.596,86.1797
13740,1582.77,1902,4,32.6132,86.1894
17540,1582.10,1903,4,32.6303,86.1991
14178,1580.26,1904,4,32.6475,86.2087
13239,1579.84,1905,4,32.6646,86.2184
13752,1579.83,1906,4,32.6818,86.228
14587,1577.39,1907,4,32.6989,86.2377
12933,1576.88,1908,4,32.716,86.2473
14489,1574.93,1909,4,32.7332,86.2569
14492,1574.36,1910,4,32.7503,86.2666
14719,1571.89,1911,4,32.7675,86.2762
13202,1571.35,1912,4,32.7846,86.2858
15289,1570.71,1913,4,32.8018,86.2954
12549,1570.68,1914,4,32.8189,86.305
17624,1568.63,1915,4,32.8361,86.3146
16716,1568.28,1916,4,32.8532,86.3241
16099,1568.25,1917,4,32.8704,86.3337
17222,1563.61,1918,4,32.8875,86.3433
17235,1562.98,1919,4,32.9047,86.3528
17886,1562.60,1920,4,32.9218,86.3624
16774,1560.88,1921,4,32.939,86.3719
15466,1560.46,1922,4,32.9561,86.3815
16256,1559.57,1923,4,32.9733,86.391
15279,1554.84,1924,4,32.9904,86.4005
14136,1553.96,1925,4,33.0075,86.41
18149,1553.96,1926,4,33.0247,86.4195
15074,1553.13,1927,4,33.0418,86.429
17851,1552.35,1928,4,33.059,86.4385
14078,1551.82,1929,4,33.0761,86.448
12577,1550.75,1930,4,33.0933,86.4574
14186,1550.63,1931,4,33.1104,86.4669
13337,1550.06,1932,4,33.1276,86.4764
16366,1548.13,1933,4,33.1447,86.4859
13554,1547.46,1934,4,33.1619,86.4953
16017,1545.58,1935,4,33.179,86.5048
18036,1545.49,1936,4,33.1962,86.5142
14754,1543.73,1937,4,33.2133,86.5236
14236,1543.44,1938,4,33.2305,86.5331
16915,1543.18,1939,4,33.2476,86.5425
17649,1542.44,1940,4,33.2647,86.5519
13783,1542.09,1941,4,33.2819,86.5614
12778,1541.68,1942,4,33.299,86.5708
16461,1539.83,1943,4,33.3162,86.5802
13186,1539.69,1944,4,33.3333,86.5896
15987,1535.99,1945,4,33.3505,86.599
17323,1535.56,1946,4,33.3676,86.6084
15798,1535.37,1947,4,33.3848,86.6178
13939,1533.66,1948,4,33.4019,86.6271
17454,1532.64,1949,4,33.4191,86.6365
18136,1531.71,1950,4,33.4362,86.6459
13539,1531.26,1951,4,33.4534,86.6552
15326,1529.82,1952,4,33.4705,86.6646
17190,1529.73,1953,4,33.4877,86.6739
15701,1529.00,1954,4,33.5048,86.6833
14198,1527.58,1955,4,33.5219,86.6926
15201,1525.90,1956,4,33.5391,86.7019
15149,1524.61,1957,4,33.5562,86.7113
14567,1524.46,1958,4,33.5734,86.7206
16491,1524.31,1959,4,33.5905,86.7299
14304,1523.81,1960,4,33.6077,86.7392
12926,1523.59,1961,4,33.6248,86.7485
18062,1523.37,1962,4,33.642,86.7578
16244,1522.75,1963,4,33.6591,86.7671
17990,1522.57,1964,4,33.6763,86.7764
15587,1522.08,1965,4,33.6934,86.7857
16066,1521.04,1966,4,33.7106,86.795
14055,1520.96,1967,4,33.7277,86.8043
17997,1520.47,1968,4,33.7449,86.8136
16790,1520.12,1969,4,33.762,86.8229
12775,1516.32,1970,4,33.7791,86.8322
16092,1515.49,1971,4,33.7963,86.8415
14220,1515.00,1972,4,33.8134,86.8507
14682,1514.81,1973,4,33.8306,86.86
17764,1513.57,1974,4,33.8477,86.8692
12369,1511.15,1975,4,33.8649,86.8785
12784,1511.15,1976,4,33.882,86.8877
15948,1509.09,1977,4,33.8992,86.8969
16910,1508.96,1978,4,33.9163,86.9061
13158,1508.18,1979,4,33.9335,86.9154
15261,1508.00,1980,4,33.9506,86.9246
17179,1507.26,1981,4,33.9678,86.9338
12407,1507.12,1982,4,33.9849,86.943
18022,1506.62,1983,4,34.0021,86.9522
12458,1502.49,1984,4,34.0192,86.9614
17837,1502.48,1985,4,34.0364,86.9706
15732,1499.42,1986,4,34.0535,86.9797
15590,1496.60,1987,4,34.0706,86.9889
15215,1496.46,1988,4,34.0878,86.998
16340,1496.24,1989,4,34.1049,87.0072
14885,1496.12,1990,4,34.1221,87.0163
14068,1493.32,1991,4,34.1392,87.0255
13310,1492.80,1992,4,34.1564,87.0346
16314,1491.40,1993,4,34.1735,87.0437
16037,1489.44,1994,4,34.1907,87.0528
15110,1482.95,1995,4,34.2078,87.0619
18214,1480.99,1996,4,34.225,87.0709
16654,1477.77,1997,4,34.2421,87.0799
14264,1475.86,1998,4,34.2593,87.089
16450,1475.73,1999,4,34.2764,87.098
15630,1475.45,2000,4,34.2936,87.107
14246,1474.06,2001,4,34.3107,87.116
16907,1470.89,2002,4,34.3278,87.125
14987,1469.05,2003,4,34.345,87.134
12379,1468.27,2004,4,34.3621,87.143
17590,1466.77,2005,4,34.3793,87.1519
14695,1466.72,2006,4,34.3964,87.1609
17345,1466.33,2007,4,34.4136,87.1698
13360,1464.10,2008,4,34.4307,87.1788
12882,1463.04,2009,4,34.4479,87.1877
16586,1462.78,2010,4,34.465,87.1967
13984,1461.32,2011,4,34.4822,87.2056
12507,1461.31,2012,4,34.4993,87.2145
18252,1457.19,2013,4,34.5165,87.2234
15071,1455.56,2014,4,34.5336,87.2323
18196,1455.27,2015,4,34.5508,87.2412
16569,1455.23,2016,4,34.5679,87.2501
13042,1454.84,2017,4,34.585,87.259
13649,1453.68,2018,4,34.6022,87.2679
17977,1453.55,2019,4,34.6193,87.2768
12970,1452.54,2020,4,34.6365,87.2857
17259,1452.39,2021,4,34.6536,87.2946
12494,1451.92,2022,4,34.6708,87.3034
18268,1451.22,2023,4,34.6879,87.3123
13165,1451.16,2024,4,34.7051,87.3212
16419,1450.95,2025,4,34.7222,87.33
16239,1450.90,2026,4,34.7394,87.3389
13361,1450.50,2027,4,34.7565,87.3478
15876,1449.14,2028,4,34.7737,87.3566
13377,1445.43,2029,4,34.7908,87.3655
13583,1445.03,2030,4,34.808,87.3743
17073,1444.84,2031,4,34.8251,87.3831
15636,1444.58,2032,4,34.8422,87.392
17734,1442.32,2033,4,34.8594,87.4008
18106,1441.06,2034,4,34.8765,87.4096
18066,1440.40,2035,4,34.8937,87.4184
14657,1440.24,2036,4,34.9108,87.4272
13543,1439.61,2037,4,34.928,87.436
15197,1437.84,2038,4,34.9451,87.4448
16088,1437.43,2039,4,34.9623,87.4536
13500,1436.30,2040,4,34.9794,87.4623
12398,1435.66,2041,4,34.9966,87.4711
12381,1433.46,2042,4,35.0137,87.4799
12389,1433.33,2043,4,35.0309,87.4886
17941,1433.28,2044,4,35.048,87.4974
13531,1433.07,2045,4,35.0652,87.5061
13475,1431.78,2046,4,35.0823,87.5149
17175,1430.94,2047,4,35.0995,87.5236
15427,1430.54,2048,4,35.1166,87.5324
16121,1430.14,2049,4,35.1337,87.5411
14684,1430.03,2050,4,35.1509,87.5499
17582,1429.95,2051,4,35.168,87.5586
12669,1427.73,2052,4,35.1852,87.5673
17290,1427.48,2053,4,35.2023,87.5761
15076,1425.84,2054,4,35.2195,87.5848
13278,1425.35,2055,4,35.2366,87.5935
16980,1422.83,2056,4,35.2538,87.6022
16660,1422.35,2057,4,35.2709,87.6109
15799,1421.34,2058,4,35.2881,87.6196
14412,1417.49,2059,4,35.3052,87.6282
16140,1416.46,2060,4,35.3224,87.6369
17438,1412.62,2061,4,35.3395,87.6455
15237,1412.32,2062,4,35.3567,87.6542
14894,1412.21,2063,4,35.3738,87.6628
16394,1412.06,2064,4,35.3909,87.6714
16848,1411.62,2065,4,35.4081,87.68
15444,1411.21,2066,4,35.4252,87.6887
17610,1410.29,2067,4,35.4424,87.6973
16906,1410.07,2068,4,35.4595,87.7059
17545,1409.86,2069,4,35.4767,87.7145
16854,1408.96,2070,4,35.4938,87.7231
15106,1407.73,2071,4,35.511,87.7317
12947,1407.29,2072,4,35.5281,87.7403
16173,1406.57,2073,4,35.5453,87.7489
15186,1403.20,2074,4,35.5624,87.7575
14829,1402.97,2075,4,35.5796,87.7661
14687,1402.06,2076,4,35.5967,87.7747
15173,1399.26,2077,4,35.6139,87.7832
14019,1398.96,2078,4,35.631,87.7918
13259,1398.79,2079,4,35.6481,87.8003
15652,1397.44,2080,4,35.6653,87.8089
18202,1396.99,2081,4,35.6824,87.8174
15889,1396.60,2082,4,35.6996,87.8259
18189,1396.58,2083,4,35.7167,87.8345
16129,1396.05,2084,4,35.7339,87.843
17856,1393.79,2085,4,35.751,87.8515
12405,1390.39,2086,4,35.7682,87.86
16835,1389.76,2087,4,35.7853,87.8685
13382,1387.58,2088,4,35.8025,87.877
15468,1387.48,2089,4,35.8196,87.8855
12908,1386.00,2090,4,35.8368,87.8939
17496,1385.89,2091,4,35.8539,87.9024
13572,1384.25,2092,4,35.8711,87.9109
13049,1384.14,2093,4,35.8882,87.9193
16463,1383.70,2094,4,35.9053,87.9278
12952,1382.84,2095,4,35.9225,87.9362
14116,1382.74,2096,4,35.9396,87.9447
14909,1380.98,2097,4,35.9568,87.9531
17878,1378.93,2098,4,35.9739,87.9616
15141,1378.31,2099,4,35.9911,87.97
13240,1378.04,2100,4,36.0082,87.9784
16727,1377.77,2101,4,36.0254,87.9868
17714,1376.58,2102,4,36.0425,87.9952
14662,1376.43,2103,4,36.0597,88.0037
14265,1373.35,2104,4,36.0768,88.0121
14434,1372.80,2105,4,36.094,88.0204
15453,1371.77,2106,4,36.1111,88.0288
13159,1371.25,2107,4,36.1283,88.0372
13579,1371.14,2108,4,36.1454,88.0456
12695,1371.12,2109,4,36.1626,88.054
14538,1370.84,2110,4,36.1797,88.0623
15996,1370.50,2111,4,36.1968,88.0707
13155,1370.48,2112,4,36.214,88.0791
18221,1370.34,2113,4,36.2311,88.0875
16300,1367.32,2114,4,36.2483,88.0958
14609,1366.20,2115,4,36.2654,88.1042
14577,1364.15,2116,4,36.2826,88.1125
14114,1364.09,2117,4,36.2997,88.1209
13074,1362.84,2118,4,36.3169,88.1292
16389,1362.27,2119,4,36.334,88.1375
18167,1361.51,2120,4,36.3512,88.1458
16588,1361.28,2121,4,36.3683,88.1542
16384,1358.95,2122,4,36.3855,88.1625
13760,1358.64,2123,4,36.4026,88.1708
17150,1357.95,2124,4,36.4198,88.1791
12875,1356.99,2125,4,36.4369,88.1874
13821,1355.38,2126,4,36.454,88.1956
14316,1355.34,2127,4,36.4712,88.2039
17054,1353.83,2128,4,36.4883,88.2122
15116,1352.75,2129,4,36.5055,88.2205
12693,1352.42,2130,4,36.5226,88.2287
16245,1352.36,2131,4,36.5398,88.237
16079,1352.00,2132,4,36.5569,88.2453
14853,1351.37,2133,4,36.5741,88.2535
12886,1351.09,2134,4,36.5912,88.2618
16367,1350.48,2135,4,36.6084,88.27
17025,1349.67,2136,4,36.6255,88.2783
17731,1347.08,2137,4,36.6427,88.2865
12646,1346.97,2138,4,36.6598,88.2948
13639,1346.27,2139,4,36.677,88.303
14550,1345.06,2140,4,36.6941,88.3112
16669,1344.48,2141,4,36.7112,88.3194
17429,1342.16,2142,4,36.7284,88.3276
18085,1341.85,2143,4,36.7455,88.3358
13743,1340.15,2144,4,36.7627,88.344
15398,1339.63,2145,4,36.7798,88.3522
15411,1336.43,2146,4,36.797,88.3604
13220,1336.09,2147,4,36.8141,88.3685
12809,1333.74,2148,4,36.8313,88.3767
17033,1332.79,2149,4,36.8484,88.3848
17932,1331.57,2150,4,36.8656,88.393
14899,1331.38,2151,4,36.8827,88.4011
13035,1328.95,2152,4,36.8999,88.4092
16295,1328.55,2153,4,36.917,88.4174
14712,1328.07,2154,4,36.9342,88.4255
13232,1327.75,2155,4,36.9513,88.4336
13396,1325.29,2156,4,36.9684,88.4417
14956,1325.00,2157,4,36.9856,88.4498
17951,1322.88,2158,4,37.0027,88.4579
12960,1322.07,2159,4,37.0199,88.466
14847,1320.60,2160,4,37.037,88.474
14591,1320.21,2161,4,37.0542,88.4821
13803,1319.11,2162,4,37.0713,88.4902
15751,1318.84,2163,4,37.0885,88.4982
14861,1318.40,2164,4,37.1056,88.5063
17411,1316.53,2165,4,37.1228,88.5143
14921,1316.07,2166,4,37.1399,88.5224
14973,1314.45,2167,4,37.1571,88.5304
15154,1314.17,2168,4,37.1742,88.5384
15322,1314.15,2169,4,37.1914,88.5465
15146,1313.66,2170,4,37.2085,88.5545
17888,1312.31,2171,4,37.2257,88.5625
14618,1310.52,2172,4,37.2428,88.5705
13506,1308.53,2173,4,37.2599,88.5785
13328,1308.48,2174,4,37.2771,88.5865
16377,1308.48,2175,4,37.2942,88.5945
13587,1308.10,2176,4,37.3114,88.6025
16282,1307.58,2177,4,37.3285,88.6105
15677,1305.63,2178,4,37.3457,88.6185
15813,1303.91,2179,4,37.3628,88.6265
15101,1303.49,2180,4,37.38,88.6344
12620,1303.41,2181,4,37.3971,88.6424
16370,1301.91,2182,4,37.4143,88.6504
16574,1301.78,2183,4,37.4314,88.6583
12919,1301.44,2184,4,37.4486,88.6663
12765,1299.58,2185,4,37.4657,88.6742
16464,1298.66,2186,4,37.4829,88.6821
12987,1298.51,2187,4,37.5,88.6901
17499,1296.84,2188,4,37.5171,88.698
12783,1295.87,2189,4,37.5343,88.7059
16929,1295.39,2190,4,37.5514,88.7138
14480,1295.27,2191,4,37.5686,88.7218
15471,1292.01,2192,4,37.5857,88.7297
16744,1291.91,2193,4,37.6029,88.7376
14071,1291.34,2194,4,37.62,88.7454
14856,1290.53,2195,4,37.6372,88.7533
14297,1290.48,2196,4,37.6543,88.7612
13846,1290.34,2197,4,37.6715,88.7691
16756,1287.42,2198,4,37.6886,88.777
15774,1287.09,2199,4,37.7058,88.7848
16608,1286.62,2200,4,37.7229,88.7927
16212,1284.56,2201,4,37.7401,88.8006
14284,1282.85,2202,4,37.7572,88.8084
15136,1282.45,2203,4,37.7743,88.8162
17521,1276.81,2204,4,37.7915,88.824
14478,1276.66,2205,4,37.8086,88.8318
17109,1276.35,2206,4,37.8258,88.8396
14619,1276.31,2207,4,37.8429,88.8474
17142,1275.25,2208,4,37.8601,88.8552
14820,1274.76,2209,4,37.8772,88.863
14167,1274.29,2210,4,37.8944,88.8708
14490,1273.47,2211,4,37.9115,88.8786
14679,1272.95,2212,4,37.9287,88.8864
17478,1272.80,2213,4,37.9458,88.8942
17341,1272.21,2214,4,37.963,88.9019
16222,1272.05,2215,4,37.9801,88.9097
13492,1269.84,2216,4,37.9973,88.9175
15439,1269.05,2217,4,38.0144,88.9252
17027,1268.93,2218,4,38.0316,88.933
13892,1267.65,2219,4,38.0487,88.9407
14511,1267.41,2220,4,38.0658,88.9485
13300,1267.21,2221,4,38.083,88.9562
13515,1265.82,2222,4,38.1001,88.964
15584,1265.70,2223,4,38.1173,88.9717
16894,1265.26,2224,4,38.1344,88.9794
14379,1265.16,2225,4,38.1516,88.9872
13617,1263.80,2226,4,38.1687,88.9949
14427,1263.52,2227,4,38.1859,89.0026
16951,1262.75,2228,4,38.203,89.0103
16777,1261.43,2229,4,38.2202,89.018
13138,1261.26,2230,4,38.2373,89.0258
16688,1260.86,2231,4,38.2545,89.0335
17759,1260.63,2232,4,38.2716,89.0412
13916,1260.51,2233,4,38.2888,89.0489
14984,1260.51,2234,4,38.3059,89.0566
16842,1260.44,2235,4,38.323,89.0643
16372,1260.31,2236,4,38.3402,89.072
18035,1260.23,2237,4,38.3573,89.0797
17343,1259.94,2238,4,38.3745,89.0874
13689,1259.50,2239,4,38.3916,89.0951
15009,1259.43,2240,4,38.4088,89.1028
14267,1259.19,2241,4,38.4259,89.1105
15651,1259.06,2242,4,38.4431,89.1182
17635,1256.83,2243,4,38.4602,89.1259
17862,1254.89,2244,4,38.4774,89.1335
14419,1254.64,2245,4,38.4945,89.1412
15441,1254.21,2246,4,38.5117,89.1489
13855,1253.94,2247,4,38.5288,89.1565
14487,1253.52,2248,4,38.546,89.1642
17037,1253.22,2249,4,38.5631,89.1718
15400,1252.80,2250,4,38.5802,89.1795
13023,1251.03,2251,4,38.5974,89.1871
15599,1250.06,2252,4,38.6145,89.1948
17481,1249.34,2253,4,38.6317,89.2024
14474,1248.94,2254,4,38.6488,89.2101
14383,1247.69,2255,4,38.666,89.2177
14240,1247.49,2256,4,38.6831,89.2253
16296,1245.97,2257,4,38.7003,89.2329
12488,1244.66,2258,4,38.7174,89.2405
17076,1242.75,2259,4,38.7346,89.2481
17529,1240.25,2260,4,38.7517,89.2557
13860,1240.00,2261,4,38.7689,89.2633
13443,1236.92,2262,4,38.786,89.2708
17796,1236.39,2263,4,38.8032,89.2784
13201,1233.06,2264,4,38.8203,89.2859
16527,1232.94,2265,4,38.8374,89.2935
17034,1231.82,2266,4,38.8546,89.301
18080,1231.50,2267,4,38.8717,89.3085
16723,1231.36,2268,4,38.8889,89.3161
12805,1230.95,2269,4,38.906,89.3236
16159,1230.29,2270,4,38.9232,89.3311
14821,1230.15,2271,4,38.9403,89.3386
18135,1229.22,2272,4,38.9575,89.3461
13282,1228.89,2273,4,38.9746,89.3536
14871,1228.17,2274,4,38.9918,89.3612
15800,1227.07,2275,4,39.0089,89.3687
13402,1226.85,2276,4,39.0261,89.3762
15269,1225.36,2277,4,39.0432,89.3836
15376,1221.56,2278,4,39.0604,89.3911
17132,1220.91,2279,4,39.0775,89.3986
13243,1220.38,2280,4,39.0947,89.406
15004,1220.38,2281,4,39.1118,89.4135
13919,1218.03,2282,4,39.1289,89.4209
13863,1217.63,2283,4,39.1461,89.4284
14698,1217.27,2284,4,39.1632,89.4358
15390,1216.66,2285,4,39.1804,89.4433
15580,1216.15,2286,4,39.1975,89.4507
14512,1215.97,2287,4,39.2147,89.4581
15661,1215.95,2288,4,39.2318,89.4655
12985,1215.62,2289,4,39.249,89.473
15579,1215.38,2290,4,39.2661,89.4804
17410,1214.72,2291,4,39.2833,89.4878
13440,1213.95,2292,4,39.3004,89.4953
14020,1213.26,2293,4,39.3176,89.5027
16872,1213.13,2294,4,39.3347,89.5101
12711,1213.05,2295,4,39.3519,89.5175
13019,1212.95,2296,4,39.369,89.5249
13918,1212.84,2297,4,39.3861,89.5323
18263,1211.08,2298,4,39.4033,89.5397
14193,1210.19,2299,4,39.4204,89.5471
16714,1209.38,2300,4,39.4376,89.5545
14428,1209.37,2301,4,39.4547,89.5619
12364,1208.10,2302,4,39.4719,89.5693
16762,1207.24,2303,4,39.489,89.5767
14320,1204.12,2304,4,39.5062,89.584
16946,1199.54,2305,4,39.5233,89.5914
15664,1199.53,2306,4,39.5405,89.5987
16634,1198.30,2307,4,39.5576,89.606
17397,1198.28,2308,4,39.5748,89.6133
12629,1198.22,2309,4,39.5919,89.6207
17713,1198.09,2310,4,39.6091,89.628
14725,1196.46,2311,4,39.6262,89.6353
12372,1196.04,2312,4,39.6433,89.6426
14446,1195.48,2313,4,39.6605,89.6499
16307,1194.92,2314,4,39.6776,89.6572
15145,1194.73,2315,4,39.6948,89.6645
17531,1194.47,2316,4,39.7119,89.6718
13723,1194.08,2317,4,39.7291,89.6791
12611,1193.32,2318,4,39.7462,89.6864
13976,1192.36,2319,4,39.7634,89.6937
12993,1191.26,2320,4,39.7805,89.701
16501,1191.23,2321,4,39.7977,89.7083
14275,1189.38,2322,4,39.8148,89.7155
14382,1187.68,2323,4,39.832,89.7228
17800,1186.21,2324,4,39.8491,89.73
16471,1186.18,2325,4,39.8663,89.7373
18060,1185.46,2326,4,39.8834,89.7445
12742,1185.02,2327,4,39.9005,89.7518
16830,1183.70,2328,4,39.9177,89.759
15259,1182.38,2329,4,39.9348,89.7662
17021,1182.22,2330,4,39.952,89.7735
13405,1181.56,2331,4,39.9691,89.7807
15573,1180.47,2332,4,39.9863,89.7879
13293,1180.34,2333,4,40.0034,89.7951
13395,1180.23,2334,4,40.0206,89.8023
15377,1179.95,2335,5,40.0377,89.8095
17058,1179.89,2336,5,40.0549,89.8168
16614,1179.79,2337,5,40.072,89.824
16693,1179.48,2338,5,40.0892,89.8312
16345,1178.79,2339,5,40.1063,89.8384
15303,1178.78,2340,5,40.1235,89.8456
15600,1178.71,2341,5,40.1406,89.8528
18025,1177.72,2342,5,40.1578,89.86
18193,1176.55,2343,5,40.1749,89.8672
13233,1176.46,2344,5,40.192,89.8744
15210,1176.19,2345,5,40.2092,89.8816
17653,1175.88,2346,5,40.2263,89.8887
15068,1174.90,2347,5,40.2435,89.8959
17239,1174.15,2348,5,40.2606,89.9031
13787,1173.70,2349,5,40.2778,89.9103
13299,1173.30,2350,5,40.2949,89.9175
12526,1172.66,2351,5,40.3121,89.9246
15994,1172.34,2352,5,40.3292,89.9318
16292,1171.46,2353,5,40.3464,89.9389
17360,1170.56,2354,5,40.3635,89.9461
18071,1169.68,2355,5,40.3807,89.9532
13797,1168.45,2356,5,40.3978,89.9604
18057,1168.14,2357,5,40.415,89.9675
17373,1167.50,2358,5,40.4321,89.9747
12426,1167.41,2359,5,40.4492,89.9818
16653,1166.92,2360,5,40.4664,89.9889
18181,1166.61,2361,5,40.4835,89.9961
17664,1166.23,2362,5,40.5007,90.0032
12463,1165.63,2363,5,40.5178,90.0103
14261,1163.45,2364,5,40.535,90.0174
16800,1162.65,2365,5,40.5521,90.0245
17525,1161.90,2366,5,40.5693,90.0316
16949,1161.27,2367,5,40.5864,90.0387
13897,1160.72,2368,5,40.6036,90.0458
13459,1160.41,2369,5,40.6207,90.0529
13601,1159.99,2370,5,40.6379,90.06
17978,1159.99,2371,5,40.655,90.0671
18277,1159.35,2372,5,40.6722,90.0742
17513,1158.80,2373,5,40.6893,90.0813
15621,1158.77,2374,5,40.7064,90.0883
16926,1158.66,2375,5,40.7236,90.0954
12885,1158.27,2376,5,40.7407,90.1025
12818,1157.88,2377,5,40.7579,90.1096
14788,1156.32,2378,5,40.775,90.1167
17950,1156.21,2379,5,40.7922,90.1237
17342,1155.84,2380,5,40.8093,90.1308
16184,1155.54,2381,5,40.8265,90.1379
17127,1155.03,2382,5,40.8436,90.1449
15064,1154.41,2383,5,40.8608,90.152
14818,1153.56,2384,5,40.8779,90.159
15108,1150.75,2385,5,40.8951,90.166
16167,1149.87,2386,5,40.9122,90.1731
17984,1148.69,2387,5,40.9294,90.1801
13499,1146.96,2388,5,40.9465,90.1871
13462,1145.60,2389,5,40.9636,90.1941
16766,1145.60,2390,5,40.9808,90.2011
14206,1145.21,2391,5,40.9979,90.2081
12769,1143.60,2392,5,41.0151,90.2151
14585,1143.27,2393,5,41.0322,90.2221
17770,1143.27,2394,5,41.0494,90.2291
16270,1141.24,2395,5,41.0665,90.2361
15088,1140.27,2396,5,41.0837,90.243
12673,1140.02,2397,5,41.1008,90.25
14693,1139.86,2398,5,41.118,90.257
13497,1139.83,2399,5,41.1351,90.2639
12689,1139.61,2400,5,41.1523,90.2709
18286,1138.43,2401,5,41.1694,90.2778
17500,1138.00,2402,5,41.1866,90.2848
15879,1137.80,2403,5,41.2037,90.2918
16521,1136.36,2404,5,41.2209,90.2987
13388,1135.70,2405,5,41.238,90.3056
14201,1134.14,2406,5,41.2551,90.3126
15022,1133.44,2407,5,41.2723,90.3195
16989,1133.25,2408,5,41.2894,90.3264
15347,1132.30,2409,5,41.3066,90.3334
14231,1131.97,2410,5,41.3237,90.3403
15500,1131.56,2411,5,41.3409,90.3472
13882,1131.28,2412,5,41.358,90.3541
15695,1131.04,2413,5,41.3752,90.361
17866,1131.00,2414,5,41.3923,90.3679
18125,1130.10,2415,5,41.4095,90.3748
17169,1129.88,2416,5,41.4266,90.3817
15586,1128.66,2417,5,41.4438,90.3886
14450,1128.44,2418,5,41.4609,90.3955
14671,1127.45,2419,5,41.4781,90.4024
17097,1126.86,2420,5,41.4952,90.4093
16838,1126.66,2421,5,41.5123,90.4162
17622,1125.17,2422,5,41.5295,90.4231
13145,1124.77,2423,5,41.5466,90.43
14479,1124.71,2424,5,41.5638,90.4368
16637,1124.59,2425,5,41.5809,90.4437
12402,1124.15,2426,5,41.5981,90.4506
14917,1123.75,2427,5,41.6152,90.4574
17492,1122.42,2428,5,41.6324,90.4643
13486,1122.41,2429,5,41.6495,90.4712
15737,1121.21,2430,5,41.6667,90.478
13304,1120.79,2431,5,41.6838,90.4849
13589,1120.74,2432,5,41.701,90.4917
17302,1119.93,2433,5,41.7181,90.4986
16354,1119.46,2434,5,41.7353,90.5054
12605,1117.45,2435,5,41.7524,90.5122
15223,1117.10,2436,5,41.7695,90.5191
16769,1117.05,2437,5,41.7867,90.5259
17201,1117.00,2438,5,41.8038,90.5327
13778,1116.54,2439,5,41.821,90.5395
12972,1115.95,2440,5,41.8381,90.5464
12591,1114.95,2441,5,41.8553,90.5532
13167,1113.15,2442,5,41.8724,90.56
14672,1113.14,2443,5,41.8896,90.5668
17788,1112.95,2444,5,41.9067,90.5736
16139,1111.15,2445,5,41.9239,90.5804
14126,1109.96,2446,5,41.941,90.5872
15069,1109.53,2447,5,41.9582,90.5939
15559,1109.40,2448,5,41.9753,90.6007
15828,1108.82,2449,5,41.9925,90.6075
17007,1107.60,2450,5,42.0096,90.6143
13109,1107.58,2451,5,42.0267,90.621
15933,1107.46,2452,5,42.0439,90.6278
17562,1107.38,2453,5,42.061,90.6346
14375,1106.82,2454,5,42.0782,90.6413
14891,1106.73,2455,5,42.0953,90.6481
15038,1106.63,2456,5,42.1125,90.6549
13393,1105.85,2457,5,42.1296,90.6616
13447,1104.23,2458,5,42.1468,90.6684
16430,1102.94,2459,5,42.1639,90.6751
16895,1102.90,2460,5,42.1811,90.6819
17137,1099.81,2461,5,42.1982,90.6886
13509,1099.72,2462,5,42.2154,90.6953
16702,1099.58,2463,5,42.2325,90.702
14971,1097.98,2464,5,42.2497,90.7087
15882,1096.31,2465,5,42.2668,90.7154
17703,1094.84,2466,5,42.284,90.7221
16306,1094.72,2467,5,42.3011,90.7288
12866,1092.35,2468,5,42.3182,90.7355
14370,1092.13,2469,5,42.3354,90.7422
16014,1091.03,2470,5,42.3525,90.7488
14009,1090.23,2471,5,42.3697,90.7555
17726,1089.56,2472,5,42.3868,90.7622
12439,1089.18,2473,5,42.404,90.7688
17908,1088.82,2474,5,42.4211,90.7755
16223,1087.05,2475,5,42.4383,90.7821
14139,1086.80,2476,5,42.4554,90.7888
16211,1086.34,2477,5,42.4726,90.7954
13546,1086.24,2478,5,42.4897,90.802
18218,1086.14,2479,5,42.5069,90.8087
17423,1084.17,2480,5,42.524,90.8153
14805,1082.55,2481,5,42.5412,90.8219
14083,1082.19,2482,5,42.5583,90.8285
14561,1080.76,2483,5,42.5754,90.8351
13744,1080.52,2484,5,42.5926,90.8417
12394,1080.48,2485,5,42.6097,90.8483
16298,1080.00,2486,5,42.6269,90.855
13726,1079.66,2487,5,42.644,90.8615
14343,1079.66,2488,5,42.6612,90.8681
12354,1079.40,2489,5,42.6783,90.8747
17477,1079.00,2490,5,42.6955,90.8813
14352,1078.96,2491,5,42.7126,90.8879
16183,1077.81,2492,5,42.7298,90.8945
16188,1077.71,2493,5,42.7469,90.9011
16071,1076.80,2494,5,42.7641,90.9077
16805,1076.34,2495,5,42.7812,90.9143
14080,1075.73,2496,5,42.7984,90.9208
17366,1075.59,2497,5,42.8155,90.9274
17828,1074.97,2498,5,42.8326,90.934
15912,1074.70,2499,5,42.8498,90.9406
16231,1074.47,2500,5,42.8669,90.9471
13567,1074.19,2501,5,42.8841,90.9537
15254,1073.40,2502,5,42.9012,90.9603
12639,1072.37,2503,5,42.9184,90.9668
16955,1072.06,2504,5,42.9355,90.9734
13467,1071.91,2505,5,42.9527,90.9799
15745,1071.24,2506,5,42.9698,90.9865
14484,1070.98,2507,5,42.987,90.993
16884,1070.97,2508,5,43.0041,90.9996
13521,1070.47,2509,5,43.0213,91.0061
17871,1068.95,2510,5,43.0384,91.0126
17854,1068.50,2511,5,43.0556,91.0192
16386,1068.16,2512,5,43.0727,91.0257
15436,1067.75,2513,5,43.0898,91.0322
14948,1066.57,2514,5,43.107,91.0387
17522,1066.15,2515,5,43.1241,91.0452
12475,1065.64,2516,5,43.1413,91.0518
17277,1065.35,2517,5,43.1584,91.0583
13959,1064.77,2518,5,43.1756,91.0648
14966,1064.26,2519,5,43.1927,91.0713
17849,1063.76,2520,5,43.2099,91.0778
14411,1063.00,2521,5,43.227,91.0843
12434,1062.48,2522,5,43.2442,91.0908
13727,1061.40,2523,5,43.2613,91.0973
13295,1061.27,2524,5,43.2785,91.1038
14102,1060.33,2525,5,43.2956,91.1102
15574,1059.44,2526,5,43.3128,91.1167
17421,1059.41,2527,5,43.3299,91.1232
12717,1058.91,2528,5,43.3471,91.1297
13856,1058.88,2529,5,43.3642,91.1361
13607,1058.11,2530,5,43.3813,91.1426
13853,1056.94,2531,5,43.3985,91.1491
16278,1056.59,2532,5,43.4156,91.1555
15238,1056.54,2533,5,43.4328,91.162
13140,1054.92,2534,5,43.4499,91.1684
15977,1054.73,2535,5,43.4671,91.1749
13656,1053.35,2536,5,43.4842,91.1813
15886,1052.87,2537,5,43.5014,91.1877
15855,1052.72,2538,5,43.5185,91.1942
16642,1051.46,2539,5,43.5357,91.2006
16593,1051.24,2540,5,43.5528,91.207
13065,1050.10,2541,5,43.57,91.2134
14947,1049.79,2542,5,43.5871,91.2199
13775,1049.66,2543,5,43.6043,91.2263
15626,1049.37,2544,5,43.6214,91.2327
17934,1049.15,2545,5,43.6385,91.2391
16391,1048.86,2546,5,43.6557,91.2455
15763,1048.67,2547,5,43.6728,91.2519
16728,1048.28,2548,5,43.69,91.2583
13791,1047.68,2549,5,43.7071,91.2647
14488,1047.43,2550,5,43.7243,91.2711
17474,1047.00,2551,5,43.7414,91.2775
15407,1046.74,2552,5,43.7586,91.2839
17555,1045.74,2553,5,43.7757,91.2903
18130,1045.74,2554,5,43.7929,91.2967
14734,1045.47,2555,5,43.81,91.3031
13835,1044.82,2556,5,43.8272,91.3095
15464,1044.65,2557,5,43.8443,91.3159
12691,1044.40,2558,5,43.8615,91.3223
15026,1044.09,2559,5,43.8786,91.3286
15969,1043.85,2560,5,43.8957,91.335
17727,1042.55,2561,5,43.9129,91.3414
15801,1042.19,2562,5,43.93,91.3478
15645,1042.15,2563,5,43.9472,91.3541
14108,1041.21,2564,5,43.9643,91.3605
16991,1041.21,2565,5,43.9815,91.3669
16261,1041.16,2566,5,43.9986,91.3732
13613,1039.85,2567,5,44.0158,91.3796
17042,1036.58,2568,5,44.0329,91.3859
17926,1035.49,2569,5,44.0501,91.3922
16260,1035.45,2570,5,44.0672,91.3986
15171,1034.50,2571,5,44.0844,91.4049
14248,1032.95,2572,5,44.1015,91.4112
13235,1031.07,2573,5,44.1187,91.4175
13873,1031.02,2574,5,44.1358,91.4238
12630,1030.88,2575,5,44.1529,91.4301
16198,1030.04,2576,5,44.1701,91.4364
16418,1028.74,2577,5,44.1872,91.4427
15333,1028.56,2578,5,44.2044,91.449
15639,1028.33,2579,5,44.2215,91.4553
16682,1028.00,2580,5,44.2387,91.4616
15887,1027.15,2581,5,44.2558,91.4678
17749,1026.18,2582,5,44.273,91.4741
13602,1025.17,2583,5,44.2901,91.4804
14475,1025.12,2584,5,44.3073,91.4866
17310,1025.10,2585,5,44.3244,91.4929
14204,1024.83,2586,5,44.3416,91.4992
12648,1024.00,2587,5,44.3587,91.5054
15091,1023.11,2588,5,44.3759,91.5117
15003,1022.03,2589,5,44.393,91.5179
12666,1020.98,2590,5,44.4102,91.5242
16568,1020.90,2591,5,44.4273,91.5304
15839,1020.74,2592,5,44.4444,91.5366
18074,1019.44,2593,5,44.4616,91.5429
13956,1019.27,2594,5,44.4787,91.5491
12828,1018.71,2595,5,44.4959,91.5553
16284,1018.48,2596,5,44.513,91.5616
12803,1017.81,2597,5,44.5302,91.5678
16787,1017.53,2598,5,44.5473,91.574
15970,1017.32,2599,5,44.5645,91.5802
13333,1015.74,2600,5,44.5816,91.5864
14675,1015.58,2601,5,44.5988,91.5926
18142,1014.90,2602,5,44.6159,91.5988
16533,1014.19,2603,5,44.6331,91.605
17197,1013.01,2604,5,44.6502,91.6112
12936,1012.90,2605,5,44.6674,91.6174
17980,1012.72,2606,5,44.6845,91.6236
14775,1011.90,2607,5,44.7016,91.6298
12905,1011.82,2608,5,44.7188,91.636
13039,1010.73,2609,5,44.7359,91.6421
17362,1010.54,2610,5,44.7531,91.6483
16160,1009.45,2611,5,44.7702,91.6545
16903,1009.45,2612,5,44.7874,91.6607
13258,1009.43,2613,5,44.8045,91.6668
16451,1009.40,2614,5,44.8217,91.673
12657,1008.06,2615,5,44.8388,91.6792
16287,1006.98,2616,5,44.856,91.6853
13429,1006.80,2617,5,44.8731,91.6915
15850,1006.75,2618,5,44.8903,91.6976
15771,1006.54,2619,5,44.9074,91.7038
13427,1006.53,2620,5,44.9246,91.7099
14013,1006.22,2621,5,44.9417,91.7161
12533,1005.99,2622,5,44.9588,91.7222
13867,1005.09,2623,5,44.976,91.7284
12710,1004.57,2624,5,44.9931,91.7345
18160,1003.88,2625,5,45.0103,91.7407
17578,1003.73,2626,5,45.0274,91.7468
13549,1003.72,2627,5,45.0446,91.7529
16435,1003.07,2628,5,45.0617,91.7591
16623,1002.49,2629,5,45.0789,91.7652
12446,1002.31,2630,5,45.096,91.7713
16441,1002.23,2631,5,45.1132,91.7774
15706,1001.81,2632,5,45.1303,91.7836
12546,1001.50,2633,5,45.1475,91.7897
14902,1000.27,2634,5,45.1646,91.7958
15508,1000.27,2635,5,45.1818,91.8019
14214,1000.23,2636,5,45.1989,91.808
18143,1000.16,2637,5,45.216,91.8141
16572,999.70,2638,5,45.2332,91.8202
17205,999.35,2639,5,45.2503,91.8263
17329,998.53,2640,5,45.2675,91.8325
17631,998.49,2641,5,45.2846,91.8386
17539,997.34,2642,5,45.3018,91.8446
13857,997.01,2643,5,45.3189,91.8507
17724,995.65,2644,5,45.3361,91.8568
12640,994.58,2645,5,45.3532,91.8629
17237,994.13,2646,5,45.3704,91.869
17299,993.23,2647,5,45.3875,91.8751
14430,992.10,2648,5,45.4047,91.8811
13559,990.00,2649,5,45.4218,91.8872
13245,989.22,2650,5,45.439,91.8932
13292,987.79,2651,5,45.4561,91.8993
16130,987.48,2652,5,45.4733,91.9053
18237,987.10,2653,5,45.4904,91.9113
13238,986.73,2654,5,45.5075,91.9174
13439,986.61,2655,5,45.5247,91.9234
13368,986.10,2656,5,45.5418,91.9294
15176,985.09,2657,5,45.559,91.9354
12862,984.62,2658,5,45.5761,91.9414
17144,984.57,2659,5,45.5933,91.9475
12534,981.18,2660,5,45.6104,91.9535
14230,979.80,2661,5,45.6276,91.9595
17369,979.20,2662,5,45.6447,91.9654
15132,977.93,2663,5,45.6619,91.9714
17221,976.62,2664,5,45.679,91.9774
17456,975.56,2665,5,45.6962,91.9833
14223,975.23,2666,5,45.7133,91.9893
15951,974.52,2667,5,45.7305,91.9953
17214,974.12,2668,5,45.7476,92.0012
17958,973.88,2669,5,45.7647,92.0072
17883,972.52,2670,5,45.7819,92.0131
16009,972.11,2671,5,45.799,92.0191
15025,971.84,2672,5,45.8162,92.025
17100,971.74,2673,5,45.8333,92.0309
15449,971.22,2674,5,45.8505,92.0369
14454,970.70,2675,5,45.8676,92.0428
18006,969.51,2676,5,45.8848,92.0487
13223,969.12,2677,5,45.9019,92.0547
15104,968.64,2678,5,45.9191,92.0606
15208,968.02,2679,5,45.9362,92.0665
16254,967.44,2680,5,45.9534,92.0724
17405,967.22,2681,5,45.9705,92.0783
15247,967.11,2682,5,45.9877,92.0842
17123,966.67,2683,5,46.0048,92.0901
13204,966.66,2684,5,46.0219,92.096
14138,965.88,2685,5,46.0391,92.1019
16376,965.47,2686,5,46.0562,92.1078
15084,965.20,2687,5,46.0734,92.1137
13000,965.00,2688,5,46.0905,92.1196
16699,964.90,2689,5,46.1077,92.1255
14510,964.55,2690,5,46.1248,92.1314
12716,963.49,2691,5,46.142,92.1373
15028,962.94,2692,5,46.1591,92.1432
12580,962.90,2693,5,46.1763,92.1491
15109,961.90,2694,5,46.1934,92.155
15156,961.49,2695,5,46.2106,92.1609
14953,960.42,2696,5,46.2277,92.1667
18192,957.97,2697,5,46.2449,92.1726
15181,957.65,2698,5,46.262,92.1784
12464,957.05,2699,5,46.2791,92.1843
16141,955.94,2700,5,46.2963,92.1901
12990,955.50,2701,5,46.3134,92.196
17080,955.41,2702,5,46.3306,92.2018
15535,955.12,2703,5,46.3477,92.2076
15835,954.09,2704,5,46.3649,92.2135
17189,953.63,2705,5,46.382,92.2193
13466,952.25,2706,5,46.3992,92.2251
16535,952.04,2707,5,46.4163,92.2309
17955,949.90,2708,5,46.4335,92.2367
12767,949.82,2709,5,46.4506,92.2426
17081,949.39,2710,5,46.4678,92.2484
13046,949.25,2711,5,46.4849,92.2542
15177,948.93,2712,5,46.5021,92.26
16227,948.82,2713,5,46.5192,92.2658
14350,947.80,2714,5,46.5364,92.2716
16763,947.75,2715,5,46.5535,92.2773
12355,947.61,2716,5,46.5706,92.2831
17516,947.50,2717,5,46.5878,92.2889
12403,947.36,2718,5,46.6049,92.2947
17356,946.47,2719,5,46.6221,92.3005
16146,946.38,2720,5,46.6392,92.3063
14157,946.24,2721,5,46.6564,92.3121
17544,944.82,2722,5,46.6735,92.3178
13261,944.10,2723,5,46.6907,92.3236
17420,943.68,2724,5,46.7078,92.3294
16199,942.75,2725,5,46.725,92.3351
13526,942.60,2726,5,46.7421,92.3409
17604,942.38,2727,5,46.7593,92.3467
15385,942.08,2728,5,46.7764,92.3524
14958,941.99,2729,5,46.7936,92.3582
13636,941.62,2730,5,46.8107,92.3639
15268,941.25,2731,5,46.8278,92.3697
13416,940.80,2732,5,46.845,92.3754
16203,940.09,2733,5,46.8621,92.3812
16518,938.27,2734,5,46.8793,92.3869
12616,937.35,2735,5,46.8964,92.3926
17020,935.62,2736,5,46.9136,92.3984
14629,935.46,2737,5,46.9307,92.4041
13005,935.03,2738,5,46.9479,92.4098
14615,934.26,2739,5,46.965,92.4155
15792,933.84,2740,5,46.9822,92.4212
17298,933.32,2741,5,46.9993,92.4269
15787,933.26,2742,5,47.0165,92.4326
18154,932.60,2743,5,47.0336,92.4383
18133,931.50,2744,5,47.0508,92.444
12396,931.43,2745,5,47.0679,92.4497
13465,931.12,2746,5,47.085,92.4554
14924,931.01,2747,5,47.1022,92.4611
15723,930.70,2748,5,47.1193,92.4668
16861,928.89,2749,5,47.1365,92.4725
12373,927.65,2750,5,47.1536,92.4781
15243,927.28,2751,5,47.1708,92.4838
17805,927.03,2752,5,47.1879,92.4895
12728,926.17,2753,5,47.2051,92.4951
13805,924.60,2754,5,47.2222,92.5008
13936,924.36,2755,5,47.2394,92.5064
18001,924.14,2756,5,47.2565,92.5121
14326,923.98,2757,5,47.2737,92.5177
16109,923.58,2758,5,47.2908,92.5234
15654,922.53,2759,5,47.308,92.529
13122,922.39,2760,5,47.3251,92.5346
17472,922.35,2761,5,47.3422,92.5403
13934,922.10,2762,5,47.3594,92.5459
15576,921.37,2763,5,47.3765,92.5515
15957,921.25,2764,5,47.3937,92.5572
16136,921.08,2765,5,47.4108,92.5628
14272,920.81,2766,5,47.428,92.5684
14605,920.71,2767,5,47.4451,92.5741
17363,920.46,2768,5,47.4623,92.5797
14140,920.05,2769,5,47.4794,92.5853
13075,919.61,2770,5,47.4966,92.5909
14460,919.60,2771,5,47.5137,92.5966
12822,918.98,2772,5,47.5309,92.6022
12368,917.70,2773,5,47.548,92.6078
14061,917.43,2774,5,47.5652,92.6134
14015,917.34,2775,5,47.5823,92.619
12486,917.28,2776,5,47.5995,92.6246
15707,916.98,2777,5,47.6166,92.6302
14199,916.50,2778,5,47.6337,92.6358
16643,915.56,2779,5,47.6509,92.6414
17172,915.49,2780,5,47.668,92.647
14839,915.28,2781,5,47.6852,92.6526
14423,914.96,2782,5,47.7023,92.6582
16216,914.93,2783,5,47.7195,92.6638
16204,913.71,2784,5,47.7366,92.6694
14549,913.60,2785,5,47.7538,92.6749
15364,913.19,2786,5,47.7709,92.6805
17812,911.99,2787,5,47.7881,92.6861
14289,911.26,2788,5,47.8052,92.6917
14568,909.50,2789,5,47.8224,92.6972
14128,909.36,2790,5,47.8395,92.7028
13038,908.46,2791,5,47.8567,92.7083
16034,908.37,2792,5,47.8738,92.7139
16947,906.31,2793,5,47.8909,92.7194
14969,906.23,2794,5,47.9081,92.725
12642,905.26,2795,5,47.9252,92.7305
15430,903.75,2796,5,47.9424,92.736
13573,903.07,2797,5,47.9595,92.7416
18217,902.80,2798,5,47.9767,92.7471
16975,902.42,2799,5,47.9938,92.7526
16138,902.40,2800,5,48.011,92.7581
17176,902.32,2801,5,48.0281,92.7636
17382,902.28,2802,5,48.0453,92.7691
12994,902.22,2803,5,48.0624,92.7746
13359,901.96,2804,5,48.0796,92.7802
13548,901.44,2805,5,48.0967,92.7857
17322,900.64,2806,5,48.1139,92.7912
15511,900.53,2807,5,48.131,92.7967
12945,900.11,2808,5,48.1481,92.8022
16834,898.96,2809,5,48.1653,92.8077
15710,898.87,2810,5,48.1824,92.8132
12998,897.38,2811,5,48.1996,92.8187
12572,896.72,2812,5,48.2167,92.8241
12679,896.67,2813,5,48.2339,92.8296
15992,896.60,2814,5,48.251,92.8351
14714,896.40,2815,5,48.2682,92.8406
16916,896.12,2816,5,48.2853,92.846
12503,896.00,2817,5,48.3025,92.8515
14133,895.84,2818,5,48.3196,92.857
16122,895.62,2819,5,48.3368,92.8625
17226,895.47,2820,5,48.3539,92.8679
15211,894.41,2821,5,48.3711,92.8734
14338,894.10,2822,5,48.3882,92.8789
12811,893.90,2823,5,48.4053,92.8843
17155,892.46,2824,5,48.4225,92.8898
16784,892.33,2825,5,48.4396,92.8953
13288,892.16,2826,5,48.4568,92.9007
16442,891.98,2827,5,48.4739,92.9062
15406,891.77,2828,5,48.4911,92.9116
15393,891.34,2829,5,48.5082,92.9171
13872,891.32,2830,5,48.5254,92.9225
16361,891.21,2831,5,48.5425,92.9279
15824,890.94,2832,5,48.5597,92.9334
17987,889.92,2833,5,48.5768,92.9388
14065,889.37,2834,5,48.594,92.9443
14813,888.91,2835,5,48.6111,92.9497
17527,888.86,2836,5,48.6283,92.9551
17537,887.67,2837,5,48.6454,92.9606
14994,886.64,2838,5,48.6626,92.966
12722,886.33,2839,5,48.6797,92.9714
12652,885.58,2840,5,48.6968,92.9768
12915,885.20,2841,5,48.714,92.9822
17704,885.19,2842,5,48.7311,92.9876
14933,885.00,2843,5,48.7483,92.993
17708,884.18,2844,5,48.7654,92.9984
12785,883.31,2845,5,48.7826,93.0038
14359,882.58,2846,5,48.7997,93.0092
16387,882.46,2847,5,48.8169,93.0146
15907,881.87,2848,5,48.834,93.02
16385,881.35,2849,5,48.8512,93.0254
16228,881.06,2850,5,48.8683,93.0308
17143,880.97,2851,5,48.8855,93.0362
17062,880.81,2852,5,48.9026,93.0416
14141,879.03,2853,5,48.9198,93.0469
14612,877.70,2854,5,48.9369,93.0523
15653,877.44,2855,5,48.954,93.0577
17480,876.92,2856,5,48.9712,93.063
15900,876.67,2857,5,48.9883,93.0684
17864,876.57,2858,5,49.0055,93.0737
14681,875.15,2859,5,49.0226,93.0791
16513,874.59,2860,5,49.0398,93.0844
16657,874.43,2861,5,49.0569,93.0898
13166,873.43,2862,5,49.0741,93.0951
17746,873.43,2863,5,49.0912,93.1005
15525,872.82,2864,5,49.1084,93.1058
12462,872.01,2865,5,49.1255,93.1111
17361,871.79,2866,5,49.1427,93.1164
13200,870.09,2867,5,49.1598,93.1218
17566,869.77,2868,5,49.177,93.1271
13376,869.76,2869,5,49.1941,93.1324
12421,869.60,2870,5,49.2112,93.1377
14753,869.51,2871,5,49.2284,93.143
16900,869.20,2872,5,49.2455,93.1483
16948,868.77,2873,5,49.2627,93.1537
16357,868.37,2874,5,49.2798,93.159
13937,867.38,2875,5,49.297,93.1643
17167,867.11,2876,5,49.3141,93.1696
16567,865.60,2877,5,49.3313,93.1748
14600,865.17,2878,5,49.3484,93.1801
14931,864.68,2879,5,49.3656,93.1854
12815,863.46,2880,5,49.3827,93.1907
15809,862.88,2881,5,49.3999,93.196
12940,862.44,2882,5,49.417,93.2012
16668,862.42,2883,5,49.4342,93.2065
12413,861.50,2884,5,49.4513,93.2118
17358,861.01,2885,5,49.4684,93.217
12794,860.41,2886,5,49.4856,93.2223
13339,860.12,2887,5,49.5027,93.2276
13891,859.21,2888,5,49.5199,93.2328
12874,858.42,2889,5,49.537,93.2381
15870,857.46,2890,5,49.5542,93.2433
14551,856.64,2891,5,49.5713,93.2485
17161,856.01,2892,5,49.5885,93.2538
17064,855.45,2893,5,49.6056,93.259
15287,854.58,2894,5,49.6228,93.2642
13945,854.15,2895,5,49.6399,93.2694
14873,854.13,2896,5,49.6571,93.2747
15266,852.21,2897,5,49.6742,93.2799
16070,852.15,2898,5,49.6914,93.2851
16020,851.01,2899,5,49.7085,93.2903
14437,850.84,2900,5,49.7257,93.2955
15244,850.18,2901,5,49.7428,93.3007
16677,849.77,2902,5,49.7599,93.3059
12675,849.55,2903,5,49.7771,93.3111
15784,848.33,2904,5,49.7942,93.3162
14202,847.76,2905,5,49.8114,93.3214
13641,847.72,2906,5,49.8285,93.3266
13487,846.87,2907,5,49.8457,93.3318
16877,846.62,2908,5,49.8628,93.337
13970,846.55,2909,5,49.88,93.3421
13991,846.54,2910,5,49.8971,93.3473
13996,845.76,2911,5,49.9143,93.3525
14803,845.55,2912,5,49.9314,93.3576
13221,844.86,2913,5,49.9486,93.3628
14686,844.58,2914,5,49.9657,93.368
15264,844.20,2915,5,49.9829,93.3731
14342,843.74,2916,5,50.0,93.3783
14922,843.74,2917,5,50.0171,93.3834
18108,842.46,2918,6,50.0343,93.3886
16344,842.42,2919,6,50.0514,93.3937
16846,842.41,2920,6,50.0686,93.3989
17638,842.40,2921,6,50.0857,93.404
16801,842.33,2922,6,50.1029,93.4092
12878,841.64,2923,6,50.12,93.4143
14862,841.20,2924,6,50.1372,93.4195
12541,841.18,2925,6,50.1543,93.4246
12543,840.25,2926,6,50.1715,93.4298
14645,840.24,2927,6,50.1886,93.4349
13169,840.08,2928,6,50.2058,93.44
14355,840.05,2929,6,50.2229,93.4452
13940,839.14,2930,6,50.2401,93.4503
18141,838.57,2931,6,50.2572,93.4554
15224,837.26,2932,6,50.2743,93.4605
15832,836.79,2933,6,50.2915,93.4656
14929,836.69,2934,6,50.3086,93.4708
13795,836.30,2935,6,50.3258,93.4759
16500,835.96,2936,6,50.3429,93.481
13386,835.46,2937,6,50.3601,93.4861
17867,835.22,2938,6,50.3772,93.4912
16737,835.20,2939,6,50.3944,93.4963
15190,834.44,2940,6,50.4115,93.5014
15469,834.40,2941,6,50.4287,93.5065
16644,833.78,2942,6,50.4458,93.5116
12903,833.53,2943,6,50.463,93.5167
15542,833.16,2944,6,50.4801,93.5218
12545,832.39,2945,6,50.4973,93.5269
16798,832.21,2946,6,50.5144,93.532
12801,831.87,2947,6,50.5316,93.537
14372,830.18,2948,6,50.5487,93.5421
14851,829.41,2949,6,50.5658,93.5472
12953,828.81,2950,6,50.583,93.5522
15617,828.55,2951,6,50.6001,93.5573
17003,828.21,2952,6,50.6173,93.5624
13681,827.83,2953,6,50.6344,93.5674
17332,827.77,2954,6,50.6516,93.5725
17045,827.68,2955,6,50.6687,93.5776
13810,827.51,2956,6,50.6859,93.5826
16747,826.96,2957,6,50.703,93.5877
13922,826.65,2958,6,50.7202,93.5927
16494,826.53,2959,6,50.7373,93.5978
17880,824.92,2960,6,50.7545,93.6028
12550,824.83,2961,6,50.7716,93.6079
14260,824.28,2962,6,50.7888,93.6129
16264,823.53,2963,6,50.8059,93.6179
15847,822.57,2964,6,50.823,93.623
16680,821.45,2965,6,50.8402,93.628
16246,821.35,2966,6,50.8573,93.633
13893,821.10,2967,6,50.8745,93.638
16898,820.86,2968,6,50.8916,93.643
12891,819.50,2969,6,50.9088,93.648
16135,819.45,2970,6,50.9259,93.653
17683,819.01,2971,6,50.9431,93.6581
14890,817.25,2972,6,50.9602,93.663
16362,816.96,2973,6,50.9774,93.668
15180,816.93,2974,6,50.9945,93.673
16943,816.73,2975,6,51.0117,93.678
17464,816.54,2976,6,51.0288,93.683
13514,815.90,2977,6,51.046,93.688
15399,815.77,2978,6,51.0631,93.693
14556,815.69,2979,6,51.0802,93.698
15713,814.84,2980,6,51.0974,93.703
14624,814.07,2981,6,51.1145,93.7079
17869,813.64,2982,6,51.1317,93.7129
16621,813.48,2983,6,51.1488,93.7179
16863,812.82,2984,6,51.166,93.7228
16460,811.23,2985,6,51.1831,93.7278
15759,810.98,2986,6,51.2003,93.7328
13350,810.72,2987,6,51.2174,93.7377
15483,810.68,2988,6,51.2346,93.7427
16624,810.57,2989,6,51.2517,93.7476
13045,808.92,2990,6,51.2689,93.7526
13479,808.50,2991,6,51.286,93.7575
14508,804.07,2992,6,51.3032,93.7624
16469,803.90,2993,6,51.3203,93.7673
15644,803.54,2994,6,51.3374,93.7722
13637,803.05,2995,6,51.3546,93.7772
14872,802.68,2996,6,51.3717,93.7821
16164,802.53,2997,6,51.3889,93.787
12703,802.18,2998,6,51.406,93.7919
18265,801.51,2999,6,51.4232,93.7968
16127,801.31,3000,6,51.4403,93.8017
15314,800.65,3001,6,51.4575,93.8066
17023,800.18,3002,6,51.4746,93.8115
16048,800.09,3003,6,51.4918,93.8163
13720,799.90,3004,6,51.5089,93.8212
15766,799.66,3005,6,51.5261,93.8261
12787,799.18,3006,6,51.5432,93.831
13041,799.13,3007,6,51.5604,93.8359
16438,798.35,3008,6,51.5775,93.8408
13389,797.96,3009,6,51.5947,93.8456
17281,797.85,3010,6,51.6118,93.8505
15637,797.59,3011,6,51.6289,93.8554
16869,797.32,3012,6,51.6461,93.8603
13513,796.99,3013,6,51.6632,93.8651
15396,796.38,3014,6,51.6804,93.87
16952,795.83,3015,6,51.6975,93.8749
13336,795.12,3016,6,51.7147,93.8797
12713,794.55,3017,6,51.7318,93.8846
17212,794.41,3018,6,51.749,93.8894
13175,793.10,3019,6,51.7661,93.8943
13296,792.51,3020,6,51.7833,93.8991
14022,792.15,3021,6,51.8004,93.904
12680,790.81,3022,6,51.8176,93.9088
17251,790.28,3023,6,51.8347,93.9136
14656,790.00,3024,6,51.8519,93.9185
13016,789.89,3025,6,51.869,93.9233
16472,789.60,3026,6,51.8861,93.9281
15448,788.81,3027,6,51.9033,93.9329
17952,788.46,3028,6,51.9204,93.9378
16661,788.31,3029,6,51.9376,93.9426
13323,787.85,3030,6,51.9547,93.9474
16468,787.52,3031,6,51.9719,93.9522
14087,786.72,3032,6,51.989,93.957
14463,786.57,3033,6,52.0062,93.9618
16810,786.14,3034,6,52.0233,93.9666
13770,785.37,3035,6,52.0405,93.9714
15806,784.58,3036,6,52.0576,93.9762
13595,784.48,3037,6,52.0748,93.981
15714,783.96,3038,6,52.0919,93.9858
18248,783.02,3039,6,52.1091,93.9906
16836,782.37,3040,6,52.1262,93.9954
15304,782.30,3041,6,52.1433,94.0002
15952,781.91,3042,6,52.1605,94.0049
13544,781.70,3043,6,52.1776,94.0097
17255,781.70,3044,6,52.1948,94.0145
17817,781.45,3045,6,52.2119,94.0193
15679,781.28,3046,6,52.2291,94.024
16155,781.05,3047,6,52.2462,94.0288
15246,780.40,3048,6,52.2634,94.0336
13212,779.33,3049,6,52.2805,94.0384
14815,778.50,3050,6,52.2977,94.0431
16958,778.49,3051,6,52.3148,94.0479
13612,777.79,3052,6,52.332,94.0526
13965,777.66,3053,6,52.3491,94.0574
16505,777.60,3054,6,52.3663,94.0621
13563,777.53,3055,6,52.3834,94.0669
15837,777.01,3056,6,52.4005,94.0716
15794,777.00,3057,6,52.4177,94.0764
17194,776.66,3058,6,52.4348,94.0811
15743,775.96,3059,6,52.452,94.0859
13341,775.85,3060,6,52.4691,94.0906
17482,775.64,3061,6,52.4863,94.0954
15414,774.90,3062,6,52.5034,94.1001
13502,774.60,3063,6,52.5206,94.1048
15773,774.52,3064,6,52.5377,94.1096
18058,774.06,3065,6,52.5549,94.1143
18112,773.36,3066,6,52.572,94.119
15092,773.16,3067,6,52.5892,94.1237
15075,773.03,3068,6,52.6063,94.1285
16961,773.01,3069,6,52.6235,94.1332
16759,772.84,3070,6,52.6406,94.1379
17349,772.41,3071,6,52.6578,94.1426
16739,772.23,3072,6,52.6749,94.1474
14997,771.38,3073,6,52.692,94.1521
14513,770.91,3074,6,52.7092,94.1568
13781,770.88,3075,6,52.7263,94.1615
14838,769.92,3076,6,52.7435,94.1662
12965,769.81,3077,6,52.7606,94.1709
16480,769.29,3078,6,52.7778,94.1756
18228,769.20,3079,6,52.7949,94.1803
12923,769.17,3080,6,52.8121,94.185
16978,768.88,3081,6,52.8292,94.1897
13356,768.24,3082,6,52.8464,94.1944
17801,767.48,3083,6,52.8635,94.1991
13484,767.32,3084,6,52.8807,94.2038
13712,766.42,3085,6,52.8978,94.2085
15921,765.61,3086,6,52.915,94.2132
12991,764.82,3087,6,52.9321,94.2178
14690,764.59,3088,6,52.9492,94.2225
15239,764.34,3089,6,52.9664,94.2272
17466,763.28,3090,6,52.9835,94.2318
15428,762.75,3091,6,53.0007,94.2365
15646,762.31,3092,6,53.0178,94.2412
12410,761.46,3093,6,53.035,94.2458
13745,761.27,3094,6,53.0521,94.2505
15066,760.59,3095,6,53.0693,94.2551
17425,759.17,3096,6,53.0864,94.2598
17495,759.07,3097,6,53.1036,94.2644
13453,758.99,3098,6,53.1207,94.269
18246,758.82,3099,6,53.1379,94.2737
15908,758.62,3100,6,53.155,94.2783
15568,758.29,3101,6,53.1722,94.2829
13768,758.07,3102,6,53.1893,94.2876
13034,756.82,3103,6,53.2064,94.2922
14883,756.64,3104,6,53.2236,94.2968
16411,756.39,3105,6,53.2407,94.3014
14037,755.95,3106,6,53.2579,94.3061
16392,755.45,3107,6,53.275,94.3107
15331,755.41,3108,6,53.2922,94.3153
18104,754.64,3109,6,53.3093,94.3199
14234,754.12,3110,6,53.3265,94.3245
14176,753.56,3111,6,53.3436,94.3291
18034,753.35,3112,6,53.3608,94.3337
14998,753.18,3113,6,53.3779,94.3383
15006,752.83,3114,6,53.3951,94.3429
13730,752.60,3115,6,53.4122,94.3475
15107,752.60,3116,6,53.4294,94.3521
12772,752.47,3117,6,53.4465,94.3567
13030,752.44,3118,6,53.4636,94.3613
14247,750.61,3119,6,53.4808,94.3659
14976,749.86,3120,6,53.4979,94.3705
13598,749.21,3121,6,53.5151,94.3751
14923,749.10,3122,6,53.5322,94.3797
16972,749.00,3123,6,53.5494,94.3842
12808,748.70,3124,6,53.5665,94.3888
15656,748.50,3125,6,53.5837,94.3934
13108,748.46,3126,6,53.6008,94.398
15137,747.55,3127,6,53.618,94.4025
15618,747.03,3128,6,53.6351,94.4071
15533,746.92,3129,6,53.6523,94.4117
17387,746.81,3130,6,53.6694,94.4162
14942,746.56,3131,6,53.6866,94.4208
17889,746.42,3132,6,53.7037,94.4254
14050,746.36,3133,6,53.7209,94.4299
12793,745.53,3134,6,53.738,94.4345
14228,745.50,3135,6,53.7551,94.439
12525,745.18,3136,6,53.7723,94.4436
17579,744.58,3137,6,53.7894,94.4481
12505,744.50,3138,6,53.8066,94.4527
12871,744.02,3139,6,53.8237,94.4572
13070,743.90,3140,6,53.8409,94.4618
13354,743.53,3141,6,53.858,94.4663
17038,743.17,3142,6,53.8752,94.4709
15420,743.00,3143,6,53.8923,94.4754
14302,742.90,3144,6,53.9095,94.48
18275,741.85,3145,6,53.9266,94.4845
13721,741.54,3146,6,53.9438,94.489
13713,740.76,3147,6,53.9609,94.4936
15831,740.64,3148,6,53.9781,94.4981
14104,740.53,3149,6,53.9952,94.5026
17114,739.72,3150,6,54.0123,94.5071
15720,739.22,3151,6,54.0295,94.5116
17760,739.14,3152,6,54.0466,94.5162
12697,739.02,3153,6,54.0638,94.5207
15070,737.05,3154,6,54.0809,94.5252
15462,737.05,3155,6,54.0981,94.5297
15988,736.39,3156,6,54.1152,94.5342
16806,736.21,3157,6,54.1324,94.5387
17461,735.82,3158,6,54.1495,94.5432
18190,735.67,3159,6,54.1667,94.5477
13286,734.91,3160,6,54.1838,94.5522
15938,734.81,3161,6,54.201,94.5567
17616,734.40,3162,6,54.2181,94.5612
13575,732.07,3163,6,54.2353,94.5656
13780,732.07,3164,6,54.2524,94.5701
12696,731.91,3165,6,54.2695,94.5746
14778,730.86,3166,6,54.2867,94.579
13452,729.80,3167,6,54.3038,94.5835
12925,729.33,3168,6,54.321,94.588
15872,729.25,3169,6,54.3381,94.5924
17756,728.75,3170,6,54.3553,94.5969
13950,728.56,3171,6,54.3724,94.6013
17141,727.58,3172,6,54.3896,94.6058
13236,727.27,3173,6,54.4067,94.6102
16447,727.10,3174,6,54.4239,94.6147
16075,726.98,3175,6,54.441,94.6191
16465,726.34,3176,6,54.4582,94.6235
16892,726.05,3177,6,54.4753,94.628
18078,725.53,3178,6,54.4925,94.6324
13569,725.04,3179,6,54.5096,94.6368
12745,723.85,3180,6,54.5267,94.6413
15368,722.74,3181,6,54.5439,94.6457
16924,722.64,3182,6,54.561,94.6501
13264,722.56,3183,6,54.5782,94.6545
13980,722.02,3184,6,54.5953,94.6589
18247,721.43,3185,6,54.6125,94.6633
13370,721.32,3186,6,54.6296,94.6678
13441,720.90,3187,6,54.6468,94.6722
13921,720.75,3188,6,54.6639,94.6766
16023,719.81,3189,6,54.6811,94.681
13541,717.90,3190,6,54.6982,94.6854
13537,717.85,3191,6,54.7154,94.6897
12527,717.51,3192,6,54.7325,94.6941
12573,717.41,3193,6,54.7497,94.6985
17860,717.39,3194,6,54.7668,94.7029
16526,717.21,3195,6,54.784,94.7073
15274,716.57,3196,6,54.8011,94.7117
12535,716.35,3197,6,54.8182,94.716
12628,715.61,3198,6,54.8354,94.7204
15309,715.53,3199,6,54.8525,94.7248
14798,715.11,3200,6,54.8697,94.7292
12792,715.01,3201,6,54.8868,94.7335
15330,714.96,3202,6,54.904,94.7379
16269,714.59,3203,6,54.9211,94.7423
17615,714.30,3204,6,54.9383,94.7466
14048,713.89,3205,6,54.9554,94.751
13512,713.39,3206,6,54.9726,94.7554
13604,713.39,3207,6,54.9897,94.7597
14026,713.11,3208,6,55.0069,94.7641
12761,712.95,3209,6,55.024,94.7684
13147,712.80,3210,6,55.0412,94.7728
17761,712.78,3211,6,55.0583,94.7771
14470,712.04,3212,6,55.0754,94.7815
16602,711.63,3213,6,55.0926,94.7858
15127,711.50,3214,6,55.1097,94.7902
13699,711.40,3215,6,55.1269,94.7945
17374,711.21,3216,6,55.144,94.7989
13103,709.64,3217,6,55.1612,94.8032
17979,709.11,3218,6,55.1783,94.8076
12485,708.10,3219,6,55.1955,94.8119
14398,707.79,3220,6,55.2126,94.8162
12453,707.09,3221,6,55.2298,94.8205
12723,707.07,3222,6,55.2469,94.8249
17051,706.49,3223,6,55.2641,94.8292
12890,706.02,3224,6,55.2812,94.8335
16364,705.79,3225,6,55.2984,94.8378
16882,705.12,3226,6,55.3155,94.8421
12883,703.47,3227,6,55.3326,94.8464
15103,703.36,3228,6,55.3498,94.8507
12730,703.25,3229,6,55.3669,94.855
17561,703.02,3230,6,55.3841,94.8593
16730,702.79,3231,6,55.4012,94.8636
14699,702.60,3232,6,55.4184,94.8679
16997,702.00,3233,6,55.4355,94.8722
17825,701.96,3234,6,55.4527,94.8765
14324,701.61,3235,6,55.4698,94.8808
14179,701.57,3236,6,55.487,94.8851
16565,700.45,3237,6,55.5041,94.8893
13833,700.41,3238,6,55.5213,94.8936
17163,699.78,3239,6,55.5384,94.8979
13242,699.40,3240,6,55.5556,94.9022
12588,698.98,3241,6,55.5727,94.9064
16018,698.13,3242,6,55.5898,94.9107
16415,696.76,3243,6,55.607,94.915
13101,695.40,3244,6,55.6241,94.9192
15995,694.54,3245,6,55.6413,94.9235
15053,693.95,3246,6,55.6584,94.9277
17547,692.35,3247,6,55.6756,94.9319
17198,692.22,3248,6,55.6927,94.9362
17733,692.19,3249,6,55.7099,94.9404
14880,690.59,3250,6,55.727,94.9446
13927,689.96,3251,6,55.7442,94.9488
16545,689.82,3252,6,55.7613,94.9531
17834,689.67,3253,6,55.7785,94.9573
12735,689.57,3254,6,55.7956,94.9615
13626,689.49,3255,6,55.8128,94.9657
16015,689.41,3256,6,55.8299,94.9699
17502,689.10,3257,6,55.8471,94.9741
15361,689.07,3258,6,55.8642,94.9783
14111,688.60,3259,6,55.8813,94.9825
18017,688.00,3260,6,55.8985,94.9867
14809,686.76,3261,6,55.9156,94.9909
16309,686.67,3262,6,55.9328,94.9951
13898,686.40,3263,6,55.9499,94.9993
16824,686.24,3264,6,55.9671,95.0035
15219,685.45,3265,6,55.9842,95.0077
15184,685.39,3266,6,56.0014,95.0119
14959,684.97,3267,6,56.0185,95.0161
12632,684.88,3268,6,56.0357,95.0203
16885,683.35,3269,6,56.0528,95.0245
14222,683.17,3270,6,56.07,95.0286
15582,682.91,3271,6,56.0871,95.0328
13987,682.54,3272,6,56.1043,95.037
18187,682.19,3273,6,56.1214,95.0412
12638,681.49,3274,6,56.1385,95.0453
18271,680.85,3275,6,56.1557,95.0495
18082,680.84,3276,6,56.1728,95.0536
13524,680.18,3277,6,56.19,95.0578
13809,679.70,3278,6,56.2071,95.062
14497,679.16,3279,6,56.2243,95.0661
17782,679.02,3280,6,56.2414,95.0703
16262,677.78,3281,6,56.2586,95.0744
15669,677.69,3282,6,56.2757,95.0785
13040,676.99,3283,6,56.2929,95.0827
13729,676.43,3284,6,56.31,95.0868
16601,675.83,3285,6,56.3272,95.0909
18156,675.64,3286,6,56.3443,95.0951
12942,675.60,3287,6,56.3615,95.0992
13325,675.30,3288,6,56.3786,95.1033
16646,675.05,3289,6,56.3957,95.1075
13355,674.70,3290,6,56.4129,95.1116
16449,674.69,3291,6,56.43,95.1157
13585,674.46,3292,6,56.4472,95.1198
13951,674.45,3293,6,56.4643,95.1239
12465,673.89,3294,6,56.4815,95.1281
14504,673.26,3295,6,56.4986,95.1322
16226,672.17,3296,6,56.5158,95.1363
12781,671.72,3297,6,56.5329,95.1404
15562,671.43,3298,6,56.5501,95.1445
17709,671.01,3299,6,56.5672,95.1486
13398,670.34,3300,6,56.5844,95.1527
15363,670.16,3301,6,56.6015,95.1568
17418,670.06,3302,6,56.6187,95.1609
13255,669.91,3303,6,56.6358,95.165
12786,668.50,3304,6,56.6529,95.1691
15901,667.89,3305,6,56.6701,95.1732
12450,666.95,3306,6,56.6872,95.1772
14356,666.94,3307,6,56.7044,95.1813
14151,666.70,3308,6,56.7215,95.1854
18123,666.64,3309,6,56.7387,95.1895
13741,666.33,3310,6,56.7558,95.1935
17105,665.78,3311,6,56.773,95.1976
13415,665.42,3312,6,56.7901,95.2017
16132,664.20,3313,6,56.8073,95.2057
16704,664.16,3314,6,56.8244,95.2098
13596,664.11,3315,6,56.8416,95.2138
15700,664.03,3316,6,56.8587,95.2179
14720,663.81,3317,6,56.8759,95.222
13974,663.52,3318,6,56.893,95.226
16679,663.31,3319,6,56.9102,95.2301
17462,662.94,3320,6,56.9273,95.2341
12837,662.66,3321,6,56.9444,95.2382
13864,662.40,3322,6,56.9616,95.2422
16862,662.33,3323,6,56.9787,95.2463
14182,660.07,3324,6,56.9959,95.2503
14603,660.00,3325,6,57.013,95.2543
15405,659.84,3326,6,57.0302,95.2584
13028,659.68,3327,6,57.0473,95.2624
15492,659.46,3328,6,57.0645,95.2664
13759,659.41,3329,6,57.0816,95.2705
14452,658.95,3330,6,57.0988,95.2745
14150,658.64,3331,6,57.1159,95.2785
17874,658.26,3332,6,57.1331,95.2825
16887,658.17,3333,6,57.1502,95.2866
15715,658.02,3334,6,57.1674,95.2906
16696,657.90,3335,6,57.1845,95.2946
17852,657.81,3336,6,57.2016,95.2986
17459,657.30,3337,6,57.2188,95.3026
15207,657.27,3338,6,57.2359,95.3067
13433,656.87,3339,6,57.2531,95.3107
12791,656.83,3340,6,57.2702,95.3147
16708,656.63,3341,6,57.2874,95.3187
14142,655.94,3342,6,57.3045,95.3227
17398,653.38,3343,6,57.3217,95.3267
18121,653.30,3344,6,57.3388,95.3307
15205,653.24,3345,6,57.356,95.3347
16648,653.00,3346,6,57.3731,95.3387
17523,652.74,3347,6,57.3903,95.3427
17935,652.64,3348,6,57.4074,95.3467
17572,652.21,3349,6,57.4246,95.3506
13430,652.07,3350,6,57.4417,95.3546
17962,651.51,3351,6,57.4588,95.3586
13622,651.45,3352,6,57.476,95.3626
13840,651.40,3353,6,57.4931,95.3666
17371,651.37,3354,6,57.5103,95.3706
16056,650.75,3355,6,57.5274,95.3745
16969,650.41,3356,6,57.5446,95.3785
16117,650.05,3357,6,57.5617,95.3825
12844,648.60,3358,6,57.5789,95.3864
16573,648.41,3359,6,57.596,95.3904
16495,648.26,3360,6,57.6132,95.3944
12440,648.15,3361,6,57.6303,95.3983
17777,647.56,3362,6,57.6475,95.4023
15643,647.40,3363,6,57.6646,95.4062
16734,646.76,3364,6,57.6818,95.4102
13474,646.59,3365,6,57.6989,95.4142
15945,646.27,3366,6,57.716,95.4181
15012,646.26,3367,6,57.7332,95.4221
14024,645.74,3368,6,57.7503,95.426
16185,644.72,3369,6,57.7675,95.4299
17312,644.30,3370,6,57.7846,95.4339
16157,644.24,3371,6,57.8018,95.4378
17380,643.75,3372,6,57.8189,95.4418
17963,643.16,3373,6,57.8361,95.4457
13237,643.00,3374,6,57.8532,95.4496
13318,640.76,3375,6,57.8704,95.4535
12538,640.45,3376,6,57.8875,95.4574
12880,640.13,3377,6,57.9047,95.4614
18163,639.34,3378,6,57.9218,95.4653
15183,637.03,3379,6,57.939,95.4692
14664,636.24,3380,6,57.9561,95.473
15829,636.14,3381,6,57.9733,95.4769
16534,635.90,3382,6,57.9904,95.4808
14425,635.89,3383,6,58.0075,95.4847
16428,635.54,3384,6,58.0247,95.4886
14537,635.45,3385,6,58.0418,95.4925
15297,635.04,3386,6,58.059,95.4964
17334,634.73,3387,6,58.0761,95.5002
14365,634.68,3388,6,58.0933,95.5041
17779,633.92,3389,6,58.1104,95.508
14219,633.83,3390,6,58.1276,95.5119
15045,633.66,3391,6,58.1447,95.5157
17375,632.95,3392,6,58.1619,95.5196
15666,632.94,3393,6,58.179,95.5235
13820,632.50,3394,6,58.1962,95.5273
13540,632.39,3395,6,58.2133,95.5312
12658,632.05,3396,6,58.2305,95.5351
13822,632.00,3397,6,58.2476,95.5389
17985,631.35,3398,6,58.2647,95.5428
13706,631.17,3399,6,58.2819,95.5466
16193,630.43,3400,6,58.299,95.5505
13525,628.78,3401,6,58.3162,95.5543
14283,628.44,3402,6,58.3333,95.5582
16399,628.42,3403,6,58.3505,95.562
13480,627.82,3404,6,58.3676,95.5659
17691,627.35,3405,6,58.3848,95.5697
13518,627.16,3406,6,58.4019,95.5735
12461,626.88,3407,6,58.4191,95.5774
14036,626.65,3408,6,58.4362,95.5812
14381,625.94,3409,6,58.4534,95.585
16715,625.52,3410,6,58.4705,95.5888
14563,625.42,3411,6,58.4877,95.5927
17134,625.30,3412,6,58.5048,95.5965
16750,623.93,3413,6,58.5219,95.6003
16792,623.46,3414,6,58.5391,95.6041
16431,623.28,3415,6,58.5562,95.6079
15258,623.16,3416,6,58.5734,95.6117
14115,622.67,3417,6,58.5905,95.6155
17430,622.57,3418,6,58.6077,95.6193
18101,622.01,3419,6,58.6248,95.6231
16368,621.44,3420,6,58.642,95.6269
13444,619.08,3421,6,58.6591,95.6307
16613,618.59,3422,6,58.6763,95.6345
13496,617.93,3423,6,58.6934,95.6383
16268,617.65,3424,6,58.7106,95.6421
15956,617.60,3425,6,58.7277,95.6458
14377,617.05,3426,6,58.7449,95.6496
13925,616.65,3427,6,58.762,95.6534
16311,616.26,3428,6,58.7791,95.6571
16330,615.68,3429,6,58.7963,95.6609
17639,615.17,3430,6,58.8134,95.6647
14077,615.08,3431,6,58.8306,95.6684
16847,614.89,3432,6,58.8477,95.6722
16844,614.34,3433,6,58.8649,95.6759
16343,614.12,3434,6,58.882,95.6797
14558,614.10,3435,6,58.8992,95.6834
16566,614.01,3436,6,58.9163,95.6872
13914,613.95,3437,6,58.9335,95.6909
12603,613.20,3438,6,58.9506,95.6947
14169,613.11,3439,6,58.9678,95.6984
15362,613.08,3440,6,58.9849,95.7022
12537,612.94,3441,6,59.0021,95.7059
15016,612.89,3442,6,59.0192,95.7097
12855,612.84,3443,6,59.0364,95.7134
16178,612.60,3444,6,59.0535,95.7172
17005,612.41,3445,6,59.0706,95.7209
16589,612.36,3446,6,59.0878,95.7247
15232,612.06,3447,6,59.1049,95.7284
16158,611.32,3448,6,59.1221,95.7321
16922,611.08,3449,6,59.1392,95.7359
14793,611.05,3450,6,59.1564,95.7396
13731,610.59,3451,6,59.1735,95.7433
14636,609.85,3452,6,59.1907,95.7471
15748,609.81,3453,6,59.2078,95.7508
17325,609.57,3454,6,59.225,95.7545
15275,609.19,3455,6,59.2421,95.7582
16675,608.86,3456,6,59.2593,95.762
13933,608.79,3457,6,59.2764,95.7657
15147,608.65,3458,6,59.2936,95.7694
12612,607.59,3459,6,59.3107,95.7731
12492,607.21,3460,6,59.3278,95.7768
15717,607.00,3461,6,59.345,95.7805
13020,606.96,3462,6,59.3621,95.7842
16781,606.40,3463,6,59.3793,95.788
17507,605.58,3464,6,59.3964,95.7917
17707,605.05,3465,6,59.4136,95.7954
12944,604.51,3466,6,59.4307,95.799
14339,604.48,3467,6,59.4479,95.8027
12734,603.65,3468,6,59.465,95.8064
12707,603.42,3469,6,59.4822,95.8101
18264,603.25,3470,6,59.4993,95.8138
16022,602.63,3471,6,59.5165,95.8175
13836,602.52,3472,6,59.5336,95.8212
17998,601.74,3473,6,59.5508,95.8249
17270,601.45,3474,6,59.5679,95.8285
15276,601.30,3475,6,59.585,95.8322
14254,601.03,3476,6,59.6022,95.8359
15257,600.90,3477,6,59.6193,95.8396
18183,600.52,3478,6,59.6365,95.8432
12420,600.39,3479,6,59.6536,95.8469
17745,600.34,3480,6,59.6708,95.8506
13301,600.19,3481,6,59.6879,95.8542
18211,600.07,3482,6,59.7051,95.8579
16077,600.00,3483,6,59.7222,95.8616
12556,599.56,3484,6,59.7394,95.8652
14611,599.38,3485,6,59.7565,95.8689
13832,598.64,3486,6,59.7737,95.8726
13311,598.57,3487,6,59.7908,95.8762
15424,597.78,3488,6,59.808,95.8799
14569,597.33,3489,6,59.8251,95.8835
15631,596.67,3490,6,59.8422,95.8872
16780,596.40,3491,6,59.8594,95.8908
14965,596.09,3492,6,59.8765,95.8944
17845,596.09,3493,6,59.8937,95.8981
17209,595.70,3494,6,59.9108,95.9017
12519,595.19,3495,6,59.928,95.9054
13558,594.52,3496,6,59.9451,95.909
15442,594.00,3497,6,59.9623,95.9126
15929,594.00,3498,6,59.9794,95.9163
17119,593.61,3499,6,59.9966,95.9199
13314,593.51,3500,6,60.0137,95.9235
14746,593.50,3501,7,60.0309,95.9271
16412,593.19,3502,7,60.048,95.9308
16116,592.88,3503,7,60.0652,95.9344
16776,592.51,3504,7,60.0823,95.938
13472,592.24,3505,7,60.0995,95.9416
17473,592.15,3506,7,60.1166,95.9453
17815,591.96,3507,7,60.1337,95.9489
17483,591.73,3508,7,60.1509,95.9525
15346,591.65,3509,7,60.168,95.9561
15524,591.40,3510,7,60.1852,95.9597
17098,591.07,3511,7,60.2023,95.9633
17968,590.44,3512,7,60.2195,95.9669
13270,590.00,3513,7,60.2366,95.9706
15160,589.27,3514,7,60.2538,95.9742
15624,588.13,3515,7,60.2709,95.9777
15191,588.05,3516,7,60.2881,95.9813
14455,587.12,3517,7,60.3052,95.9849
15097,587.05,3518,7,60.3224,95.9885
17890,586.89,3519,7,60.3395,95.9921
13106,586.46,3520,7,60.3567,95.9957
14729,586.24,3521,7,60.3738,95.9993
15648,584.75,3522,7,60.3909,96.0028
14023,584.07,3523,7,60.4081,96.0064
15762,583.75,3524,7,60.4252,96.01
14670,583.33,3525,7,60.4424,96.0136
16445,583.16,3526,7,60.4595,96.0171
15918,582.88,3527,7,60.4767,96.0207
16100,582.64,3528,7,60.4938,96.0242
16802,582.61,3529,7,60.511,96.0278
18232,582.47,3530,7,60.5281,96.0314
12427,582.37,3531,7,60.5453,96.0349
17099,582.17,3532,7,60.5624,96.0385
14771,579.92,3533,7,60.5796,96.042
17392,579.92,3534,7,60.5967,96.0456
14742,579.85,3535,7,60.6139,96.0491
17678,579.81,3536,7,60.631,96.0527
15588,579.60,3537,7,60.6481,96.0562
14529,578.61,3538,7,60.6653,96.0597
18262,577.54,3539,7,60.6824,96.0633
17557,575.46,3540,7,60.6996,96.0668
17773,575.37,3541,7,60.7167,96.0703
12859,575.10,3542,7,60.7339,96.0738
14323,574.26,3543,7,60.751,96.0773
13262,573.45,3544,7,60.7682,96.0808
17274,573.22,3545,7,60.7853,96.0843
13379,572.56,3546,7,60.8025,96.0878
13179,572.31,3547,7,60.8196,96.0913
14053,572.30,3548,7,60.8368,96.0948
17156,572.07,3549,7,60.8539,96.0983
12817,570.98,3550,7,60.8711,96.1018
15821,570.96,3551,7,60.8882,96.1053
17122,570.50,3552,7,60.9053,96.1088
15857,570.48,3553,7,60.9225,96.1123
14170,570.18,3554,7,60.9396,96.1158
17433,569.96,3555,7,60.9568,96.1192
15169,569.22,3556,7,60.9739,96.1227
12624,569.13,3557,7,60.9911,96.1262
12575,568.82,3558,7,61.0082,96.1297
18244,568.64,3559,7,61.0254,96.1332
17035,568.39,3560,7,61.0425,96.1366
13321,567.36,3561,7,61.0597,96.1401
16667,567.18,3562,7,61.0768,96.1436
14208,567.05,3563,7,61.094,96.147
14173,566.95,3564,7,61.1111,96.1505
15627,566.90,3565,7,61.1283,96.154
13998,566.70,3566,7,61.1454,96.1574
18150,566.58,3567,7,61.1626,96.1609
14932,566.13,3568,7,61.1797,96.1643
12699,566.11,3569,7,61.1968,96.1678
12601,565.76,3570,7,61.214,96.1713
16250,565.24,3571,7,61.2311,96.1747
15920,565.19,3572,7,61.2483,96.1782
15143,563.63,3573,7,61.2654,96.1816
16590,563.60,3574,7,61.2826,96.1851
16658,563.48,3575,7,61.2997,96.1885
14986,563.10,3576,7,61.3169,96.192
17665,563.10,3577,7,61.334,96.1954
17195,562.98,3578,7,61.3512,96.1988
17970,562.79,3579,7,61.3683,96.2023
17014,562.68,3580,7,61.3855,96.2057
17233,560.86,3581,7,61.4026,96.2091
17413,560.14,3582,7,61.4198,96.2126
14273,559.97,3583,7,61.4369,96.216
15415,559.61,3584,7,61.454,96.2194
15198,559.45,3585,7,61.4712,96.2228
17503,558.96,3586,7,61.4883,96.2262
14592,557.94,3587,7,61.5055,96.2297
13424,557.92,3588,7,61.5226,96.2331
13260,557.62,3589,7,61.5398,96.2365
13406,557.22,3590,7,61.5569,96.2399
16720,556.69,3591,7,61.5741,96.2433
18127,556.13,3592,7,61.5912,96.2467
15102,554.67,3593,7,61.6084,96.2501
15634,554.65,3594,7,61.6255,96.2535
15597,554.52,3595,7,61.6427,96.2568
16641,554.50,3596,7,61.6598,96.2602
17407,552.90,3597,7,61.677,96.2636
12879,552.57,3598,7,61.6941,96.267
17016,552.40,3599,7,61.7112,96.2704
12363,552.00,3600,7,61.7284,96.2737
15315,551.54,3601,7,61.7455,96.2771
13677,551.24,3602,7,61.7627,96.2805
16414,551.21,3603,7,61.7798,96.2839
17674,551.04,3604,7,61.797,96.2872
17291,550.80,3605,7,61.8141,96.2906
17265,550.01,3606,7,61.8313,96.294
16111,549.33,3607,7,61.8484,96.2973
15055,549.12,3608,7,61.8656,96.3007
15200,549.05,3609,7,61.8827,96.304
16936,548.29,3610,7,61.8999,96.3074
18039,548.22,3611,7,61.917,96.3107
16031,547.90,3612,7,61.9342,96.3141
15830,547.70,3613,7,61.9513,96.3174
15350,547.60,3614,7,61.9684,96.3208
16811,547.07,3615,7,61.9856,96.3241
17637,547.06,3616,7,62.0027,96.3275
17295,547.00,3617,7,62.0199,96.3308
17520,546.81,3618,7,62.037,96.3341
15080,546.25,3619,7,62.0542,96.3375
17806,546.04,3620,7,62.0713,96.3408
12478,545.99,3621,7,62.0885,96.3442
12521,545.68,3622,7,62.1056,96.3475
13684,544.42,3623,7,62.1228,96.3508
16475,544.30,3624,7,62.1399,96.3541
13390,544.08,3625,7,62.1571,96.3575
13955,544.07,3626,7,62.1742,96.3608
13008,543.28,3627,7,62.1914,96.3641
14716,543.28,3628,7,62.2085,96.3674
16927,543.05,3629,7,62.2257,96.3708
15598,543.02,3630,7,62.2428,96.3741
15959,542.89,3631,7,62.2599,96.3774
13785,542.49,3632,7,62.2771,96.3807
15675,542.04,3633,7,62.2942,96.384
16230,542.03,3634,7,62.3114,96.3873
16060,541.95,3635,7,62.3285,96.3906
16647,541.90,3636,7,62.3457,96.394
17447,541.53,3637,7,62.3628,96.3973
12819,540.52,3638,7,62.38,96.4006
12743,540.13,3639,7,62.3971,96.4039
18056,539.75,3640,7,62.4143,96.4072
15546,539.55,3641,7,62.4314,96.4105
15650,539.03,3642,7,62.4486,96.4138
15539,538.46,3643,7,62.4657,96.4171
16536,538.17,3644,7,62.4829,96.4203
17580,538.07,3645,7,62.5,96.4236
14539,537.48,3646,7,62.5171,96.4269
16804,536.99,3647,7,62.5343,96.4302
13948,536.86,3648,7,62.5514,96.4335
17011,536.70,3649,7,62.5686,96.4368
18140,536.41,3650,7,62.5857,96.44
12719,536.10,3651,7,62.6029,96.4433
13894,535.97,3652,7,62.62,96.4466
13207,535.86,3653,7,62.6372,96.4499
15890,535.65,3654,7,62.6543,96.4531
13024,535.42,3655,7,62.6715,96.4564
16142,535.34,3656,7,62.6886,96.4597
12810,534.99,3657,7,62.7058,96.463
13385,534.57,3658,7,62.7229,96.4662
17443,534.24,3659,7,62.7401,96.4695
16785,533.78,3660,7,62.7572,96.4728
16707,533.41,3661,7,62.7743,96.476
15825,532.94,3662,7,62.7915,96.4793
12513,532.79,3663,7,62.8086,96.4825
15659,532.49,3664,7,62.8258,96.4858
14940,531.49,3665,7,62.8429,96.489
16706,531.35,3666,7,62.8601,96.4923
16935,530.86,3667,7,62.8772,96.4955
15917,530.17,3668,7,62.8944,96.4988
18159,530.15,3669,7,62.9115,96.502
12654,529.98,3670,7,62.9287,96.5052
14002,529.73,3671,7,62.9458,96.5085
17681,529.60,3672,7,62.963,96.5117
17458,529.58,3673,7,62.9801,96.515
18191,529.40,3674,7,62.9973,96.5182
18043,529.29,3675,7,63.0144,96.5214
15842,528.75,3676,7,63.0316,96.5247
17999,528.46,3677,7,63.0487,96.5279
13057,528.24,3678,7,63.0658,96.5311
15115,528.10,3679,7,63.083,96.5343
15756,528.01,3680,7,63.1001,96.5376
18098,527.94,3681,7,63.1173,96.5408
14616,527.78,3682,7,63.1344,96.544
18053,527.77,3683,7,63.1516,96.5472
16421,526.27,3684,7,63.1687,96.5505
15919,525.69,3685,7,63.1859,96.5537
14417,524.65,3686,7,63.203,96.5569
15683,524.54,3687,7,63.2202,96.5601
17765,524.00,3688,7,63.2373,96.5633
13277,523.30,3689,7,63.2545,96.5665
17223,523.04,3690,7,63.2716,96.5697
17712,522.91,3691,7,63.2888,96.5729
13605,522.67,3692,7,63.3059,96.5761
16413,522.03,3693,7,63.323,96.5793
17514,522.00,3694,7,63.3402,96.5825
12956,521.89,3695,7,63.3573,96.5856
17436,521.31,3696,7,63.3745,96.5888
15689,521.03,3697,7,63.3916,96.592
13977,519.81,3698,7,63.4088,96.5952
13811,519.75,3699,7,63.4259,96.5984
13287,519.67,3700,7,63.4431,96.6016
12571,519.61,3701,7,63.4602,96.6047
12777,519.45,3702,7,63.4774,96.6079
16001,519.06,3703,7,63.4945,96.6111
13190,518.76,3704,7,63.5117,96.6142
12825,518.63,3705,7,63.5288,96.6174
12790,518.45,3706,7,63.546,96.6206
13600,518.42,3707,7,63.5631,96.6238
18205,517.36,3708,7,63.5802,96.6269
14429,516.28,3709,7,63.5974,96.6301
13859,515.86,3710,7,63.6145,96.6332
18243,515.78,3711,7,63.6317,96.6364
17510,514.56,3712,7,63.6488,96.6395
18212,514.37,3713,7,63.666,96.6427
12897,514.25,3714,7,63.6831,96.6458
12977,513.88,3715,7,63.7003,96.6489
16829,513.32,3716,7,63.7174,96.6521
16576,513.17,3717,7,63.7346,96.6552
14570,512.40,3718,7,63.7517,96.6584
13177,512.20,3719,7,63.7689,96.6615
15467,511.88,3720,7,63.786,96.6646
15691,511.80,3721,7,63.8032,96.6677
15655,511.32,3722,7,63.8203,96.6709
16561,511.12,3723,7,63.8374,96.674
16406,509.66,3724,7,63.8546,96.6771
13710,509.52,3725,7,63.8717,96.6802
15891,509.13,3726,7,63.8889,96.6833
14034,509.09,3727,7,63.906,96.6864
17524,508.90,3728,7,63.9232,96.6896
15417,508.80,3729,7,63.9403,96.6927
17391,508.80,3730,7,63.9575,96.6958
14317,508.58,3731,7,63.9746,96.6989
13067,508.51,3732,7,63.9918,96.702
13594,508.42,3733,7,64.0089,96.7051
14552,507.93,3734,7,64.0261,96.7082
17415,507.84,3735,7,64.0432,96.7113
14158,507.66,3736,7,64.0604,96.7144
17384,507.55,3737,7,64.0775,96.7175
13885,506.80,3738,7,64.0947,96.7206
13123,506.75,3739,7,64.1118,96.7237
14647,506.04,3740,7,64.1289,96.7268
12988,505.82,3741,7,64.1461,96.7299
18207,505.12,3742,7,64.1632,96.733
12390,504.84,3743,7,64.1804,96.7361
14807,504.14,3744,7,64.1975,96.7391
17630,503.60,3745,7,64.2147,96.7422
17266,501.72,3746,7,64.2318,96.7453
13865,501.56,3747,7,64.249,96.7484
13247,501.12,3748,7,64.2661,96.7514
17248,500.54,3749,7,64.2833,96.7545
18049,500.50,3750,7,64.3004,96.7575
16616,500.42,3751,7,64.3176,96.7606
12800,500.25,3752,7,64.3347,96.7637
12366,500.24,3753,7,64.3519,96.7667
12559,500.21,3754,7,64.369,96.7698
17110,499.90,3755,7,64.3861,96.7728
13553,499.60,3756,7,64.4033,96.7759
15193,499.32,3757,7,64.4204,96.7789
17256,498.93,3758,7,64.4376,96.782
14171,498.79,3759,7,64.4547,96.785
13961,498.70,3760,7,64.4719,96.7881
13493,498.63,3761,7,64.489,96.7911
14949,498.55,3762,7,64.5062,96.7942
16820,497.61,3763,7,64.5233,96.7972
14968,497.49,3764,7,64.5405,96.8003
17335,497.04,3765,7,64.5576,96.8033
17923,497.00,3766,7,64.5748,96.8063
15300,496.44,3767,7,64.5919,96.8094
17053,496.38,3768,7,64.6091,96.8124
15278,496.16,3769,7,64.6262,96.8154
12904,496.06,3770,7,64.6433,96.8185
16977,496.00,3771,7,64.6605,96.8215
17995,495.48,3772,7,64.6776,96.8245
16352,494.44,3773,7,64.6948,96.8275
17333,494.25,3774,7,64.7119,96.8306
12763,494.08,3775,7,64.7291,96.8336
14008,493.74,3776,7,64.7462,96.8366
14270,492.65,3777,7,64.7634,96.8396
16488,492.20,3778,7,64.7805,96.8426
14310,492.10,3779,7,64.7977,96.8456
13732,491.86,3780,7,64.8148,96.8486
17269,491.81,3781,7,64.832,96.8516
14663,490.60,3782,7,64.8491,96.8546
15000,490.52,3783,7,64.8663,96.8576
14416,490.22,3784,7,64.8834,96.8606
12983,490.08,3785,7,64.9005,96.8636
17715,489.60,3786,7,64.9177,96.8666
14722,489.52,3787,7,64.9348,96.8696
12943,489.00,3788,7,64.952,96.8726
17608,488.06,3789,7,64.9691,96.8756
15165,487.75,3790,7,64.9863,96.8786
13412,487.35,3791,7,65.0034,96.8815
16021,487.03,3792,7,65.0206,96.8845
13675,486.82,3793,7,65.0377,96.8875
17453,486.72,3794,7,65.0549,96.8905
12920,486.64,3795,7,65.072,96.8934
15138,486.59,3796,7,65.0892,96.8964
17548,486.48,3797,7,65.1063,96.8994
13153,486.22,3798,7,65.1235,96.9024
15216,486.09,3799,7,65.1406,96.9053
17658,485.88,3800,7,65.1578,96.9083
13116,485.19,3801,7,65.1749,96.9113
13812,485.00,3802,7,65.192,96.9142
15447,484.93,3803,7,65.2092,96.9172
16999,484.82,3804,7,65.2263,96.9202
13733,484.53,3805,7,65.2435,96.9231
13816,483.04,3806,7,65.2606,96.9261
18203,482.52,3807,7,65.2778,96.929
16603,482.47,3808,7,65.2949,96.932
18216,481.75,3809,7,65.3121,96.9349
17106,481.58,3810,7,65.3292,96.9379
13176,481.49,3811,7,65.3464,96.9408
15174,481.46,3812,7,65.3635,96.9437
12979,479.54,3813,7,65.3807,96.9467
16024,478.71,3814,7,65.3978,96.9496
13428,478.54,3815,7,65.415,96.9525
14319,476.95,3816,7,65.4321,96.9554
15344,476.58,3817,7,65.4492,96.9584
15277,476.34,3818,7,65.4664,96.9613
15507,475.86,3819,7,65.4835,96.9642
17988,475.74,3820,7,65.5007,96.9671
15780,475.28,3821,7,65.5178,96.97
17104,474.03,3822,7,65.535,96.9729
16635,473.00,3823,7,65.5521,96.9758
16080,472.90,3824,7,65.5693,96.9787
13194,472.78,3825,7,65.5864,96.9816
18280,472.45,3826,7,65.6036,96.9844
14975,472.39,3827,7,65.6207,96.9873
13161,472.13,3828,7,65.6379,96.9902
13043,471.57,3829,7,65.655,96.9931
15721,471.40,3830,7,65.6722,96.996
15963,470.76,3831,7,65.6893,96.9989
17996,469.73,3832,7,65.7064,97.0017
16473,469.58,3833,7,65.7236,97.0046
17254,469.48,3834,7,65.7407,97.0075
14058,469.19,3835,7,65.7579,97.0103
14369,469.13,3836,7,65.775,97.0132
15557,468.91,3837,7,65.7922,97.0161
15387,468.65,3838,7,65.8093,97.0189
17294,467.79,3839,7,65.8265,97.0218
17187,467.71,3840,7,65.8436,97.0247
14029,467.66,3841,7,65.8608,97.0275
16390,467.50,3842,7,65.8779,97.0304
12958,467.34,3843,7,65.8951,97.0332
14052,466.66,3844,7,65.9122,97.0361
14148,466.29,3845,7,65.9294,97.0389
14237,466.04,3846,7,65.9465,97.0418
16504,465.88,3847,7,65.9636,97.0446
13248,465.68,3848,7,65.9808,97.0475
13928,464.57,3849,7,65.9979,97.0503
15349,463.91,3850,7,66.0151,97.0531
18083,463.53,3851,7,66.0322,97.056
17040,463.25,3852,7,66.0494,97.0588
17964,463.21,3853,7,66.0665,97.0616
14331,462.66,3854,7,66.0837,97.0645
17680,462.50,3855,7,66.1008,97.0673
14954,462.12,3856,7,66.118,97.0701
15958,462.12,3857,7,66.1351,97.0729
15540,460.68,3858,7,66.1523,97.0758
13367,460.20,3859,7,66.1694,97.0786
12667,460.13,3860,7,66.1866,97.0814
16310,460.08,3861,7,66.2037,97.0842
17111,459.58,3862,7,66.2209,97.087
13642,459.45,3863,7,66.238,97.0898
16596,458.98,3864,7,66.2551,97.0926
14118,458.45,3865,7,66.2723,97.0954
13957,458.25,3866,7,66.2894,97.0982
14599,457.89,3867,7,66.3066,97.101
15121,457.72,3868,7,66.3237,97.1038
16069,457.70,3869,7,66.3409,97.1066
15973,457.57,3870,7,66.358,97.1094
15589,456.58,3871,7,66.3752,97.1122
14819,456.41,3872,7,66.3923,97.115
15018,456.26,3873,7,66.4095,97.1178
12999,455.88,3874,7,66.4266,97.1206
15585,455.30,3875,7,66.4438,97.1234
14335,454.86,3876,7,66.4609,97.1261
16765,454.75,3877,7,66.4781,97.1289
17067,454.54,3878,7,66.4952,97.1317
16038,454.33,3879,7,66.5123,97.1345
17140,454.12,3880,7,66.5295,97.1372
15475,454.11,3881,7,66.5466,97.14
17564,454.01,3882,7,66.5638,97.1428
17376,453.64,3883,7,66.5809,97.1456
14184,452.89,3884,7,66.5981,97.1483
12816,452.20,3885,7,66.6152,97.1511
14011,451.92,3886,7,66.6324,97.1539
18158,451.75,3887,7,66.6495,97.1566
13698,451.73,3888,7,66.6667,97.1594
18100,451.56,3889,7,66.6838,97.1621
18031,451.30,3890,7,66.701,97.1649
15961,451.29,3891,7,66.7181,97.1677
12361,451.25,3892,7,66.7353,97.1704
12831,451.11,3893,7,66.7524,97.1732
15124,450.82,3894,7,66.7695,97.1759
12596,450.27,3895,7,66.7867,97.1787
16870,450.16,3896,7,66.8038,97.1814
14784,449.93,3897,7,66.821,97.1842
16039,449.65,3898,7,66.8381,97.1869
13489,449.52,3899,7,66.8553,97.1897
15126,449.49,3900,7,66.8724,97.1924
15418,449.42,3901,7,66.8896,97.1952
17823,449.25,3902,7,66.9067,97.1979
15739,449.12,3903,7,66.9239,97.2007
18176,448.65,3904,7,66.941,97.2034
14296,448.45,3905,7,66.9582,97.2061
14761,447.92,3906,7,66.9753,97.2089
16799,447.83,3907,7,66.9925,97.2116
14780,447.68,3908,7,67.0096,97.2144
18201,447.53,3909,7,67.0267,97.2171
13754,447.05,3910,7,67.0439,97.2198
16095,447.05,3911,7,67.061,97.2226
17476,446.51,3912,7,67.0782,97.2253
13877,446.33,3913,7,67.0953,97.228
17370,446.18,3914,7,67.1125,97.2307
18134,445.00,3915,7,67.1296,97.2335
17276,444.19,3916,7,67.1468,97.2362
17344,443.86,3917,7,67.1639,97.2389
14638,443.60,3918,7,67.1811,97.2416
18222,443.00,3919,7,67.1982,97.2443
12414,442.41,3920,7,67.2154,97.247
14996,442.29,3921,7,67.2325,97.2497
17699,442.00,3922,7,67.2497,97.2524
12907,440.36,3923,7,67.2668,97.2551
18233,440.00,3924,7,67.284,97.2578
17643,439.70,3925,7,67.3011,97.2605
16025,439.66,3926,7,67.3182,97.2632
16968,439.43,3927,7,67.3354,97.2659
13086,439.33,3928,7,67.3525,97.2685
17729,438.65,3929,7,67.3697,97.2712
15859,438.46,3930,7,67.3868,97.2739
15881,438.24,3931,7,67.404,97.2766
17807,437.87,3932,7,67.4211,97.2793
15877,437.83,3933,7,67.4383,97.2819
15158,437.66,3934,7,67.4554,97.2846
17070,437.42,3935,7,67.4726,97.2873
16519,436.96,3936,7,67.4897,97.29
13432,436.55,3937,7,67.5069,97.2926
14123,436.18,3938,7,67.524,97.2953
16084,436.18,3939,7,67.5412,97.298
14311,435.90,3940,7,67.5583,97.3006
13150,435.02,3941,7,67.5754,97.3033
13738,434.78,3942,7,67.5926,97.3059
14238,434.23,3943,7,67.6097,97.3086
16888,434.20,3944,7,67.6269,97.3112
14093,433.86,3945,7,67.644,97.3139
16939,433.85,3946,7,67.6612,97.3166
18029,433.77,3947,7,67.6783,97.3192
15613,433.72,3948,7,67.6955,97.3219
16522,433.36,3949,7,67.7126,97.3245
17178,432.96,3950,7,67.7298,97.3271
17687,432.68,3951,7,67.7469,97.3298
16236,432.20,3952,7,67.7641,97.3324
16881,432.00,3953,7,67.7812,97.3351
14042,431.98,3954,7,67.7984,97.3377
15488,431.92,3955,7,67.8155,97.3404
12447,431.49,3956,7,67.8326,97.343
16481,430.93,3957,7,67.8498,97.3456
13066,430.90,3958,7,67.8669,97.3483
17842,430.69,3959,7,67.8841,97.3509
16404,430.30,3960,7,67.9012,97.3535
12827,430.15,3961,7,67.9184,97.3562
15450,429.84,3962,7,67.9355,97.3588
14979,429.66,3963,7,67.9527,97.3614
15230,429.60,3964,7,67.9698,97.364
15036,429.56,3965,7,67.987,97.3667
12436,429.01,3966,7,68.0041,97.3693
15553,428.93,3967,7,68.0213,97.3719
18089,428.45,3968,7,68.0384,97.3745
15360,427.93,3969,7,68.0556,97.3771
12740,427.60,3970,7,68.0727,97.3797
13624,427.18,3971,7,68.0898,97.3824
17740,426.90,3972,7,68.107,97.385
13171,426.81,3973,7,68.1241,97.3876
18152,426.69,3974,7,68.1413,97.3902
15930,426.63,3975,7,68.1584,97.3928
15217,426.24,3976,7,68.1756,97.3954
14877,425.85,3977,7,68.1927,97.398
12491,424.40,3978,7,68.2099,97.4006
17103,424.30,3979,7,68.227,97.4032
16913,423.91,3980,7,68.2442,97.4058
17330,423.80,3981,7,68.2613,97.4084
12542,423.38,3982,7,68.2785,97.411
12479,423.30,3983,7,68.2956,97.4135
14097,422.86,3984,7,68.3128,97.4161
16137,422.70,3985,7,68.3299,97.4187
18240,422.58,3986,7,68.3471,97.4213
16149,422.22,3987,7,68.3642,97.4239
13964,421.90,3988,7,68.3813,97.4265
14413,421.72,3989,7,68.3985,97.429
16773,421.24,3990,7,68.4156,97.4316
14757,420.50,3991,7,68.4328,97.4342
15206,420.30,3992,7,68.4499,97.4367
15711,420.25,3993,7,68.4671,97.4393
14575,420.22,3994,7,68.4842,97.4419
13442,419.87,3995,7,68.5014,97.4444
16541,419.78,3996,7,68.5185,97.447
13096,419.70,3997,7,68.5357,97.4496
14124,419.58,3998,7,68.5528,97.4521
13079,419.18,3999,7,68.57,97.4547
15262,418.82,4000,7,68.5871,97.4573
13073,418.08,4001,7,68.6043,97.4598
17701,417.95,4002,7,68.6214,97.4624
15433,417.87,4003,7,68.6385,97.4649
17232,417.77,4004,7,68.6557,97.4675
16832,417.61,4005,7,68.6728,97.47
14762,417.57,4006,7,68.69,97.4726
12833,417.38,4007,7,68.7071,97.4751
17258,417.30,4008,7,68.7243,97.4777
16816,417.06,4009,7,68.7414,97.4802
12729,417.01,4010,7,68.7586,97.4828
16957,416.64,4011,7,68.7757,97.4853
15011,416.60,4012,7,68.7929,97.4879
12608,415.79,4013,7,68.81,97.4904
15725,415.25,4014,7,68.8272,97.493
13565,414.80,4015,7,68.8443,97.4955
16356,414.42,4016,7,68.8615,97.498
18278,414.20,4017,7,68.8786,97.5006
13002,414.13,4018,7,68.8957,97.5031
14288,413.85,4019,7,68.9129,97.5056
13669,413.55,4020,7,68.93,97.5081
14082,413.36,4021,7,68.9472,97.5107
17767,413.05,4022,7,68.9643,97.5132
17662,412.92,4023,7,68.9815,97.5157
17601,412.66,4024,7,68.9986,97.5182
16932,412.55,4025,7,69.0158,97.5208
18050,412.06,4026,7,69.0329,97.5233
16272,411.70,4027,7,69.0501,97.5258
18284,411.68,4028,7,69.0672,97.5283
18011,410.79,4029,7,69.0844,97.5308
15099,410.48,4030,7,69.1015,97.5333
17598,409.98,4031,7,69.1187,97.5358
12930,409.90,4032,7,69.1358,97.5383
13827,409.80,4033,7,69.1529,97.5409
15728,409.80,4034,7,69.1701,97.5434
14581,409.65,4035,7,69.1872,97.5459
14348,409.57,4036,7,69.2044,97.5484
15225,409.40,4037,7,69.2215,97.5509
16864,409.25,4038,7,69.2387,97.5534
16921,409.21,4039,7,69.2558,97.5559
16243,409.10,4040,7,69.273,97.5584
13686,409.04,4041,7,69.2901,97.5609
12974,408.95,4042,7,69.3073,97.5634
16629,408.63,4043,7,69.3244,97.5659
16324,408.59,4044,7,69.3416,97.5684
14846,406.80,4045,7,69.3587,97.5709
12353,406.76,4046,7,69.3759,97.5733
14627,406.40,4047,7,69.393,97.5758
16632,406.40,4048,7,69.4102,97.5783
17000,406.30,4049,7,69.4273,97.5808
18270,406.30,4050,7,69.4444,97.5833
12384,406.16,4051,7,69.4616,97.5858
16815,406.02,4052,7,69.4787,97.5882
12922,405.38,4053,7,69.4959,97.5907
13640,405.00,4054,7,69.513,97.5932
13574,404.45,4055,7,69.5302,97.5957
16319,404.40,4056,7,69.5473,97.5981
17785,403.38,4057,7,69.5645,97.6006
17431,403.30,4058,7,69.5816,97.6031
13530,402.98,4059,7,69.5988,97.6055
12564,402.90,4060,7,69.6159,97.608
16315,402.71,4061,7,69.6331,97.6105
12386,401.90,4062,7,69.6502,97.6129
15968,401.80,4063,7,69.6674,97.6154
14494,401.46,4064,7,69.6845,97.6178
14471,400.95,4065,7,69.7016,97.6203
17285,400.44,4066,7,69.7188,97.6227
17168,400.20,4067,7,69.7359,97.6252
14358,400.06,4068,7,69.7531,97.6276
15501,399.95,4069,7,69.7702,97.6301
15966,399.58,4070,7,69.7874,97.6325
18128,399.29,4071,7,69.8045,97.6349
13143,399.20,4072,7,69.8217,97.6374
17052,399.09,4073,7,69.8388,97.6398
18111,398.90,4074,7,69.856,97.6423
17830,398.70,4075,7,69.8731,97.6447
12459,398.36,4076,7,69.8903,97.6471
15522,397.99,4077,7,69.9074,97.6496
12508,397.88,4078,7,69.9246,97.652
15037,397.76,4079,7,69.9417,97.6544
15280,397.52,4080,7,69.9588,97.6568
13807,397.30,4081,7,69.976,97.6593
17789,397.15,4082,7,69.9931,97.6617
12824,397.12,4083,7,70.0103,97.6641
17486,396.87,4084,8,70.0274,97.6666
15883,396.48,4085,8,70.0446,97.669
15888,396.45,4086,8,70.0617,97.6714
18067,396.33,4087,8,70.0789,97.6738
15577,396.03,4088,8,70.096,97.6762
13879,395.50,4089,8,70.1132,97.6787
13083,395.43,4090,8,70.1303,97.6811
16538,395.07,4091,8,70.1475,97.6835
18048,394.93,4092,8,70.1646,97.6859
18164,394.70,4093,8,70.1818,97.6883
16998,394.50,4094,8,70.1989,97.6907
16207,394.38,4095,8,70.216,97.6931
15386,394.14,4096,8,70.2332,97.6956
15960,394.00,4097,8,70.2503,97.698
17300,393.64,4098,8,70.2675,97.7004
15437,393.45,4099,8,70.2846,97.7028
14620,393.28,4100,8,70.3018,97.7052
16424,392.06,4101,8,70.3189,97.7076
16783,391.95,4102,8,70.3361,97.71
15342,391.76,4103,8,70.3532,97.7124
15461,391.30,4104,8,70.3704,97.7148
12419,391.01,4105,8,70.3875,97.7171
14072,390.85,4106,8,70.4047,97.7195
14197,390.05,4107,8,70.4218,97.7219
15446,390.00,4108,8,70.439,97.7243
14910,389.86,4109,8,70.4561,97.7267
17116,389.78,4110,8,70.4733,97.7291
17379,389.72,4111,8,70.4904,97.7314
14752,389.64,4112,8,70.5075,97.7338
17479,389.26,4113,8,70.5247,97.7362
17286,389.18,4114,8,70.5418,97.7386
13358,389.03,4115,8,70.559,97.741
15592,388.58,4116,8,70.5761,97.7433
13896,388.55,4117,8,70.5933,97.7457
13899,388.52,4118,8,70.6104,97.7481
17918,388.44,4119,8,70.6276,97.7505
13673,387.44,4120,8,70.6447,97.7528
12797,387.43,4121,8,70.6619,97.7552
16827,387.18,4122,8,70.679,97.7576
17718,386.98,4123,8,70.6962,97.7599
17771,386.93,4124,8,70.7133,97.7623
17595,386.69,4125,8,70.7305,97.7647
14678,386.44,4126,8,70.7476,97.767
17614,386.32,4127,8,70.7647,97.7694
14779,386.15,4128,8,70.7819,97.7717
16492,385.56,4129,8,70.799,97.7741
12973,385.55,4130,8,70.8162,97.7765
14826,385.20,4131,8,70.8333,97.7788
17711,385.10,4132,8,70.8505,97.7812
12788,384.90,4133,8,70.8676,97.7835
17171,384.59,4134,8,70.8848,97.7859
16868,384.56,4135,8,70.9019,97.7882
16433,384.52,4136,8,70.9191,97.7906
12554,384.50,4137,8,70.9362,97.7929
17357,384.39,4138,8,70.9534,97.7953
14322,384.30,4139,8,70.9705,97.7976
13966,384.26,4140,8,70.9877,97.8
16982,384.06,4141,8,71.0048,97.8023
15155,383.97,4142,8,71.0219,97.8047
13792,383.95,4143,8,71.0391,97.807
17804,383.78,4144,8,71.0562,97.8094
15440,383.68,4145,8,71.0734,97.8117
12376,383.15,4146,8,71.0905,97.814
12832,383.03,4147,8,71.1077,97.8164
17403,382.87,4148,8,71.1248,97.8187
14767,382.81,4149,8,71.142,97.8211
16988,382.67,4150,8,71.1591,97.8234
13657,382.14,4151,8,71.1763,97.8257
12593,382.10,4152,8,71.1934,97.8281
17250,381.97,4153,8,71.2106,97.8304
14908,381.90,4154,8,71.2277,97.8327
16304,381.66,4155,8,71.2449,97.8351
15504,381.50,4156,8,71.262,97.8374
15090,381.32,4157,8,71.2791,97.8397
17393,381.15,4158,8,71.2963,97.8421
17903,381.09,4159,8,71.3134,97.8444
12672,380.50,4160,8,71.3306,97.8467
17936,380.13,4161,8,71.3477,97.849
14731,380.02,4162,8,71.3649,97.8514
16577,380.00,4163,8,71.382,97.8537
16552,379.73,4164,8,71.3992,97.856
17753,379.56,4165,8,71.4163,97.8583
16484,379.40,4166,8,71.4335,97.8606
14200,379.20,4167,8,71.4506,97.863
16930,378.89,4168,8,71.4678,97.8653
13954,378.59,4169,8,71.4849,97.8676
15048,377.52,4170,8,71.5021,97.8699
12941,377.49,4171,8,71.5192,97.8722
13597,377.21,4172,8,71.5364,97.8745
18285,377.00,4173,8,71.5535,97.8768
17783,376.96,4174,8,71.5706,97.8791
17717,376.92,4175,8,71.5878,97.8814
17489,376.64,4176,8,71.6049,97.8837
14353,376.50,4177,8,71.6221,97.886
13997,376.46,4178,8,71.6392,97.8883
14531,376.34,4179,8,71.6564,97.8906
17078,375.86,4180,8,71.6735,97.8929
13688,375.50,4181,8,71.6907,97.8952
12375,375.42,4182,8,71.7078,97.8975
14448,375.35,4183,8,71.725,97.8998
14294,375.34,4184,8,71.7421,97.9021
14079,375.10,4185,8,71.7593,97.9044
12579,374.72,4186,8,71.7764,97.9067
14067,374.70,4187,8,71.7936,97.909
17568,374.45,4188,8,71.8107,97.9113
14736,374.05,4189,8,71.8278,97.9136
13283,373.36,4190,8,71.845,97.9158
13197,373.01,4191,8,71.8621,97.9181
13374,372.80,4192,8,71.8793,97.9204
12981,372.22,4193,8,71.8964,97.9227
17245,371.63,4194,8,71.9136,97.9249
15472,371.56,4195,8,71.9307,97.9272
18162,371.51,4196,8,71.9479,97.9295
15975,371.01,4197,8,71.965,97.9318
15063,370.80,4198,8,71.9822,97.934
15765,370.63,4199,8,71.9993,97.9363
12445,370.48,4200,8,72.0165,97.9385
15458,370.44,4201,8,72.0336,97.9408
17094,370.40,4202,8,72.0508,97.9431
16148,370.37,4203,8,72.0679,97.9453
17437,369.68,4204,8,72.085,97.9476
16758,369.34,4205,8,72.1022,97.9499
14888,369.20,4206,8,72.1193,97.9521
15477,368.40,4207,8,72.1365,97.9544
17792,368.35,4208,8,72.1536,97.9566
15989,368.31,4209,8,72.1708,97.9589
15345,367.69,4210,8,72.1879,97.9611
14706,367.54,4211,8,72.2051,97.9634
14018,367.15,4212,8,72.2222,97.9656
14962,366.91,4213,8,72.2394,97.9678
12899,366.40,4214,8,72.2565,97.9701
17911,366.23,4215,8,72.2737,97.9723
12889,365.66,4216,8,72.2908,97.9746
16974,365.50,4217,8,72.308,97.9768
12448,365.45,4218,8,72.3251,97.979
12443,365.31,4219,8,72.3422,97.9813
12651,365.30,4220,8,72.3594,97.9835
15429,364.90,4221,8,72.3765,97.9857
17536,364.83,4222,8,72.3937,97.988
14886,364.80,4223,8,72.4108,97.9902
15949,364.72,4224,8,72.428,97.9924
15343,364.50,4225,8,72.4451,97.9946
15915,364.24,4226,8,72.4623,97.9969
14528,364.22,4227,8,72.4794,97.9991
16909,364.14,4228,8,72.4966,98.0013
16509,363.70,4229,8,72.5137,98.0035
15922,363.60,4230,8,72.5309,98.0058
14253,363.40,4231,8,72.548,98.008
14594,363.33,4232,8,72.5652,98.0102
16078,362.99,4233,8,72.5823,98.0124
16378,362.95,4234,8,72.5995,98.0146
17573,362.90,4235,8,72.6166,98.0169
13962,362.80,4236,8,72.6337,98.0191
12493,362.79,4237,8,72.6509,98.0213
15029,362.15,4238,8,72.668,98.0235
16052,362.06,4239,8,72.6852,98.0257
18110,362.03,4240,8,72.7023,98.0279
13844,361.62,4241,8,72.7195,98.0301
14950,361.25,4242,8,72.7366,98.0324
16305,361.22,4243,8,72.7538,98.0346
16448,361.12,4244,8,72.7709,98.0368
13274,360.85,4245,8,72.7881,98.039
18091,360.85,4246,8,72.8052,98.0412
17772,360.75,4247,8,72.8224,98.0434
17012,360.61,4248,8,72.8395,98.0456
18208,360.08,4249,8,72.8567,98.0478
12634,360.00,4250,8,72.8738,98.05
13298,360.00,4251,8,72.8909,98.0522
15008,360.00,4252,8,72.9081,98.0544
13181,359.69,4253,8,72.9252,98.0566
17945,359.50,4254,8,72.9424,98.0588
14919,359.35,4255,8,72.9595,98.061
17948,358.56,4256,8,72.9767,98.0632
16856,358.49,4257,8,72.9938,98.0654
17748,358.15,4258,8,73.011,98.0676
13228,358.00,4259,8,73.0281,98.0697
12499,357.72,4260,8,73.0453,98.0719
16606,357.66,4261,8,73.0624,98.0741
15595,357.60,4262,8,73.0796,98.0763
16971,357.21,4263,8,73.0967,98.0785
18040,357.20,4264,8,73.1139,98.0807
18273,357.00,4265,8,73.131,98.0828
14500,356.85,4266,8,73.1481,98.085
17200,356.71,4267,8,73.1653,98.0872
14172,356.27,4268,8,73.1824,98.0894
17912,356.20,4269,8,73.1996,98.0916
12996,355.50,4270,8,73.2167,98.0937
16920,355.45,4271,8,73.2339,98.0959
15863,355.10,4272,8,73.251,98.0981
16689,355.10,4273,8,73.2682,98.1002
14268,354.85,4274,8,73.2853,98.1024
14244,354.82,4275,8,73.3025,98.1046
15986,354.42,4276,8,73.3196,98.1068
12845,354.09,4277,8,73.3368,98.1089
16323,353.66,4278,8,73.3539,98.1111
18003,353.51,4279,8,73.3711,98.1132
13210,353.48,4280,8,73.3882,98.1154
12677,353.30,4281,8,73.4053,98.1176
14804,353.27,4282,8,73.4225,98.1197
13413,353.12,4283,8,73.4396,98.1219
16382,353.10,4284,8,73.4568,98.124
12617,352.98,4285,8,73.4739,98.1262
13765,352.82,4286,8,73.4911,98.1283
16857,352.80,4287,8,73.5082,98.1305
14333,351.45,4288,8,73.5254,98.1327
16192,351.30,4289,8,73.5425,98.1348
13923,351.13,4290,8,73.5597,98.1369
12796,351.00,4291,8,73.5768,98.1391
14252,350.99,4292,8,73.594,98.1412
13332,350.90,4293,8,73.6111,98.1434
12498,349.70,4294,8,73.6283,98.1455
13670,349.70,4295,8,73.6454,98.1477
13887,349.55,4296,8,73.6626,98.1498
14545,349.25,4297,8,73.6797,98.1519
16355,349.20,4298,8,73.6968,98.1541
17252,348.91,4299,8,73.714,98.1562
13790,348.80,4300,8,73.7311,98.1583
17577,348.75,4301,8,73.7483,98.1605
15282,348.59,4302,8,73.7654,98.1626
12452,348.57,4303,8,73.7826,98.1647
16263,348.16,4304,8,73.7997,98.1668
15334,347.87,4305,8,73.8169,98.169
18155,347.82,4306,8,73.834,98.1711
17668,347.75,4307,8,73.8512,98.1732
15085,347.54,4308,8,73.8683,98.1754
12895,347.30,4309,8,73.8855,98.1775
13062,346.98,4310,8,73.9026,98.1796
12411,346.90,4311,8,73.9198,98.1817
17780,346.56,4312,8,73.9369,98.1838
13234,346.50,4313,8,73.954,98.1859
16423,346.12,4314,8,73.9712,98.1881
15840,345.66,4315,8,73.9883,98.1902
12829,345.35,4316,8,74.0055,98.1923
13774,345.00,4317,8,74.0226,98.1944
14633,344.90,4318,8,74.0398,98.1965
15337,344.72,4319,8,74.0569,98.1986
15519,344.61,4320,8,74.0741,98.2007
17569,344.14,4321,8,74.0912,98.2028
13068,344.00,4322,8,74.1084,98.2049
16990,344.00,4323,8,74.1255,98.207
15120,343.82,4324,8,74.1427,98.2091
15047,343.62,4325,8,74.1598,98.2112
15520,343.50,4326,8,74.177,98.2133
18081,343.45,4327,8,74.1941,98.2154
17810,343.21,4328,8,74.2112,98.2175
18250,342.92,4329,8,74.2284,98.2196
17795,342.83,4330,8,74.2455,98.2217
13550,342.55,4331,8,74.2627,98.2238
16851,342.45,4332,8,74.2798,98.2259
14989,342.40,4333,8,74.297,98.228
17835,342.24,4334,8,74.3141,98.2301
17660,342.22,4335,8,74.3313,98.2322
18199,342.20,4336,8,74.3484,98.2343
14724,341.90,4337,8,74.3656,98.2364
16826,341.70,4338,8,74.3827,98.2384
16585,341.59,4339,8,74.3999,98.2405
13252,341.30,4340,8,74.417,98.2426
16259,340.94,4341,8,74.4342,98.2447
14491,340.93,4342,8,74.4513,98.2468
17542,340.85,4343,8,74.4684,98.2489
16044,340.84,4344,8,74.4856,98.251
15818,340.50,4345,8,74.5027,98.253
13584,340.40,4346,8,74.5199,98.2551
12900,340.33,4347,8,74.537,98.2572
14840,340.21,4348,8,74.5542,98.2593
13737,339.60,4349,8,74.5713,98.2614
14203,339.34,4350,8,74.5885,98.2634
13352,339.28,4351,8,74.6056,98.2655
17697,338.95,4352,8,74.6228,98.2676
14630,338.65,4353,8,74.6399,98.2696
17833,338.46,4354,8,74.6571,98.2717
14799,338.15,4355,8,74.6742,98.2738
17296,338.13,4356,8,74.6914,98.2758
12869,337.67,4357,8,74.7085,98.2779
14926,337.65,4358,8,74.7257,98.28
13545,337.64,4359,8,74.7428,98.282
17736,337.49,4360,8,74.7599,98.2841
15942,337.44,4361,8,74.7771,98.2862
13930,337.34,4362,8,74.7942,98.2882
17973,337.04,4363,8,74.8114,98.2903
16476,337.00,4364,8,74.8285,98.2923
17488,336.50,4365,8,74.8457,98.2944
15619,336.40,4366,8,74.8628,98.2965
13482,336.09,4367,8,74.88,98.2985
16690,336.08,4368,8,74.8971,98.3006
14196,335.52,4369,8,74.9143,98.3026
16063,335.32,4370,8,74.9314,98.3047
17917,335.03,4371,8,74.9486,98.3067
12690,335.01,4372,8,74.9657,98.3088
17821,334.62,4373,8,74.9829,98.3108
17607,333.81,4374,8,75.0,98.3128
13216,333.74,4375,8,75.0171,98.3149
14241,333.70,4376,8,75.0343,98.3169
15781,333.56,4377,8,75.0514,98.319
16006,332.82,4378,8,75.0686,98.321
13904,332.64,4379,8,75.0857,98.323
16850,332.41,4380,8,75.1029,98.3251
16803,332.30,4381,8,75.12,98.3271
16452,332.17,4382,8,75.1372,98.3291
17647,331.66,4383,8,75.1543,98.3312
15512,331.58,4384,8,75.1715,98.3332
16274,331.55,4385,8,75.1886,98.3352
17435,331.35,4386,8,75.2058,98.3372
13519,331.26,4387,8,75.2229,98.3393
16030,331.24,4388,8,75.2401,98.3413
16478,331.00,4389,8,75.2572,98.3433
15878,330.77,4390,8,75.2743,98.3453
14517,330.45,4391,8,75.2915,98.3473
13010,330.12,4392,8,75.3086,98.3494
15130,330.11,4393,8,75.3258,98.3514
12850,330.00,4394,8,75.3429,98.3534
18186,329.58,4395,8,75.3601,98.3554
17518,329.42,4396,8,75.3772,98.3574
17914,329.36,4397,8,75.3944,98.3594
17154,329.34,4398,8,75.4115,98.3615
15153,329.25,4399,8,75.4287,98.3635
15979,329.22,4400,8,75.4458,98.3655
13817,328.98,4401,8,75.463,98.3675
14012,328.80,4402,8,75.4801,98.3695
13372,328.64,4403,8,75.4973,98.3715
16855,328.40,4404,8,75.5144,98.3735
16318,328.15,4405,8,75.5316,98.3755
15709,327.85,4406,8,75.5487,98.3775
17196,327.75,4407,8,75.5658,98.3795
15735,327.68,4408,8,75.583,98.3815
13345,327.60,4409,8,75.6001,98.3835
16166,327.48,4410,8,75.6173,98.3855
13981,327.39,4411,8,75.6344,98.3875
13498,327.38,4412,8,75.6516,98.3895
16322,326.75,4413,8,75.6687,98.3915
16604,326.25,4414,8,75.6859,98.3935
18047,326.09,4415,8,75.703,98.3955
17439,325.74,4416,8,75.7202,98.3975
12804,325.37,4417,8,75.7373,98.3995
13661,325.24,4418,8,75.7545,98.4015
15213,325.05,4419,8,75.7716,98.4035
13801,324.80,4420,8,75.7888,98.4055
15982,324.51,4421,8,75.8059,98.4074
12946,324.45,4422,8,75.823,98.4094
16685,324.24,4423,8,75.8402,98.4114
18261,324.24,4424,8,75.8573,98.4134
13351,323.94,4425,8,75.8745,98.4154
13025,323.39,4426,8,75.8916,98.4173
13646,323.30,4427,8,75.9088,98.4193
16195,323.25,4428,8,75.9259,98.4213
14263,322.93,4429,8,75.9431,98.4233
16627,322.80,4430,8,75.9602,98.4252
17776,322.55,4431,8,75.9774,98.4272
16342,322.41,4432,8,75.9945,98.4292
12780,322.40,4433,8,76.0117,98.4312
14424,322.08,4434,8,76.0288,98.4331
15726,321.91,4435,8,76.046,98.4351
18090,321.90,4436,8,76.0631,98.4371
13111,321.88,4437,8,76.0802,98.439
17976,321.79,4438,8,76.0974,98.441
17471,321.65,4439,8,76.1145,98.443
14070,321.60,4440,8,76.1317,98.4449
15770,321.45,4441,8,76.1488,98.4469
14823,321.43,4442,8,76.166,98.4489
17182,321.30,4443,8,76.1831,98.4508
15869,321.11,4444,8,76.2003,98.4528
15236,321.05,4445,8,76.2174,98.4547
12504,321.00,4446,8,76.2346,98.4567
15323,320.90,4447,8,76.2517,98.4587
12365,320.69,4448,8,76.2689,98.4606
14622,320.58,4449,8,76.286,98.4626
13986,320.46,4450,8,76.3032,98.4645
17309,320.39,4451,8,76.3203,98.4665
13942,320.00,4452,8,76.3374,98.4685
13843,319.75,4453,8,76.3546,98.4704
16967,319.02,4454,8,76.3717,98.4724
17229,318.76,4455,8,76.3889,98.4743
12795,318.48,4456,8,76.406,98.4763
16273,318.34,4457,8,76.4232,98.4782
14703,318.17,4458,8,76.4403,98.4801
17839,318.15,4459,8,76.4575,98.4821
18253,317.88,4460,8,76.4746,98.484
12552,317.82,4461,8,76.4918,98.486
12760,317.80,4462,8,76.5089,98.4879
17267,317.20,4463,8,76.5261,98.4899
15616,317.11,4464,8,76.5432,98.4918
17689,317.08,4465,8,76.5604,98.4937
15682,316.99,4466,8,76.5775,98.4957
16761,316.62,4467,8,76.5947,98.4976
15204,316.58,4468,8,76.6118,98.4995
13494,316.26,4469,8,76.6289,98.5015
12614,315.60,4470,8,76.6461,98.5034
15042,315.45,4471,8,76.6632,98.5053
15670,315.20,4472,8,76.6804,98.5073
16091,315.06,4473,8,76.6975,98.5092
17121,314.74,4474,8,76.7147,98.5111
14991,314.67,4475,8,76.7318,98.513
18206,314.66,4476,8,76.749,98.515
18117,314.40,4477,8,76.7661,98.5169
17440,314.26,4478,8,76.7833,98.5188
12532,313.83,4479,8,76.8004,98.5207
17563,313.78,4480,8,76.8176,98.5226
12888,313.77,4481,8,76.8347,98.5246
15196,313.70,4482,8,76.8519,98.5265
13087,313.64,4483,8,76.869,98.5284
16582,313.62,4484,8,76.8861,98.5303
14981,313.52,4485,8,76.9033,98.5322
17928,313.16,4486,8,76.9204,98.5341
13845,312.98,4487,8,76.9376,98.536
16234,312.78,4488,8,76.9547,98.538
17843,312.65,4489,8,76.9719,98.5399
15318,312.62,4490,8,76.989,98.5418
13226,312.46,4491,8,77.0062,98.5437
12834,312.38,4492,8,77.0233,98.5456
17326,312.35,4493,8,77.0405,98.5475
12529,311.78,4494,8,77.0576,98.5494
14951,311.69,4495,8,77.0748,98.5513
13990,311.30,4496,8,77.0919,98.5532
16328,310.83,4497,8,77.1091,98.5551
14094,310.82,4498,8,77.1262,98.557
13847,310.72,4499,8,77.1433,98.5589
16439,310.70,4500,8,77.1605,98.5608
15185,310.62,4501,8,77.1776,98.5627
14848,310.56,4502,8,77.1948,98.5646
15188,310.43,4503,8,77.2119,98.5665
13315,310.26,4504,8,77.2291,98.5684
14749,310.15,4505,8,77.2462,98.5703
13628,310.14,4506,8,77.2634,98.5722
17181,309.85,4507,8,77.2805,98.5741
14122,309.77,4508,8,77.2977,98.576
13187,309.66,4509,8,77.3148,98.5779
15699,309.65,4510,8,77.332,98.5798
16373,309.49,4511,8,77.3491,98.5817
16683,309.35,4512,8,77.3663,98.5836
12884,309.05,4513,8,77.3834,98.5854
15010,308.94,4514,8,77.4005,98.5873
16194,308.60,4515,8,77.4177,98.5892
13164,308.45,4516,8,77.4348,98.5911
14181,308.35,4517,8,77.452,98.593
14927,308.20,4518,8,77.4691,98.5949
13289,307.95,4519,8,77.4863,98.5968
15778,307.95,4520,8,77.5034,98.5986
16123,307.78,4521,8,77.5206,98.6005
13529,307.76,4522,8,77.5377,98.6024
18070,307.75,4523,8,77.5549,98.6043
13060,307.53,4524,8,77.572,98.6062
17120,307.46,4525,8,77.5892,98.608
13932,307.40,4526,8,77.6063,98.6099
15374,307.32,4527,8,77.6235,98.6118
17721,307.21,4528,8,77.6406,98.6137
13036,307.10,4529,8,77.6578,98.6156
13142,307.09,4530,8,77.6749,98.6174
15087,306.94,4531,8,77.692,98.6193
16649,306.58,4532,8,77.7092,98.6212
13718,306.55,4533,8,77.7263,98.6231
13281,306.45,4534,8,77.7435,98.6249
16524,306.19,4535,8,77.7606,98.6268
17077,306.00,4536,8,77.7778,98.6287
14168,305.90,4537,8,77.7949,98.6305
16796,305.62,4538,8,77.8121,98.6324
16181,305.54,4539,8,77.8292,98.6343
14783,305.35,4540,8,77.8464,98.6361
13383,305.28,4541,8,77.8635,98.638
15893,305.28,4542,8,77.8807,98.6399
15163,304.47,4543,8,77.8978,98.6417
18185,304.25,4544,8,77.915,98.6436
16674,304.24,4545,8,77.9321,98.6454
14990,304.17,4546,8,77.9492,98.6473
17383,304.09,4547,8,77.9664,98.6492
15454,303.89,4548,8,77.9835,98.651
16489,303.70,4549,8,78.0007,98.6529
14791,303.63,4550,8,78.0178,98.6547
14806,303.43,4551,8,78.035,98.6566
18255,303.15,4552,8,78.0521,98.6584
16425,302.70,4553,8,78.0693,98.6603
18165,302.46,4554,8,78.0864,98.6621
15308,302.27,4555,8,78.1036,98.664
15054,302.10,4556,8,78.1207,98.6658
15242,302.04,4557,8,78.1379,98.6677
13773,301.54,4558,8,78.155,98.6695
15667,301.32,4559,8,78.1722,98.6714
15148,301.29,4560,8,78.1893,98.6732
13625,301.26,4561,8,78.2064,98.6751
15432,301.26,4562,8,78.2236,98.6769
16437,301.25,4563,8,78.2407,98.6787
12351,300.93,4564,8,78.2579,98.6806
13400,300.93,4565,8,78.275,98.6824
16479,300.83,4566,8,78.2922,98.6843
16050,300.70,4567,8,78.3093,98.6861
17556,300.67,4568,8,78.3265,98.6879
17793,300.34,4569,8,78.3436,98.6898
14797,300.31,4570,8,78.3608,98.6916
15724,299.80,4571,8,78.3779,98.6934
12852,299.75,4572,8,78.3951,98.6953
12544,299.70,4573,8,78.4122,98.6971
14043,299.65,4574,8,78.4294,98.6989
17766,299.61,4575,8,78.4465,98.7008
12547,299.58,4576,8,78.4636,98.7026
12864,299.57,4577,8,78.4808,98.7044
13346,299.40,4578,8,78.4979,98.7062
17898,299.18,4579,8,78.5151,98.7081
13667,299.05,4580,8,78.5322,98.7099
15880,299.03,4581,8,78.5494,98.7117
12489,298.93,4582,8,78.5665,98.7136
17991,298.65,4583,8,78.5837,98.7154
17824,298.40,4584,8,78.6008,98.7172
12881,298.00,4585,8,78.618,98.719
16583,297.95,4586,8,78.6351,98.7209
18059,296.71,4587,8,78.6523,98.7227
12460,296.65,4588,8,78.6694,98.7245
13751,296.25,4589,8,78.6866,98.7263
12898,296.21,4590,8,78.7037,98.7281
13504,295.93,4591,8,78.7209,98.7299
13660,295.74,4592,8,78.738,98.7317
14614,295.13,4593,8,78.7551,98.7335
12350,294.40,4594,8,78.7723,98.7353
17301,294.39,4595,8,78.7894,98.7371
14747,294.30,4596,8,78.8066,98.7389
17506,294.29,4597,8,78.8237,98.7407
17124,294.24,4598,8,78.8409,98.7425
14137,294.10,4599,8,78.858,98.7443
17927,294.00,4600,8,78.8752,98.7461
15718,293.79,4601,8,78.8923,98.7479
15135,293.78,4602,8,78.9095,98.7497
14192,293.74,4603,8,78.9266,98.7515
15928,293.53,4604,8,78.9438,98.7533
17710,293.50,4605,8,78.9609,98.7551
16402,293.45,4606,8,78.9781,98.7569
17441,293.35,4607,8,78.9952,98.7587
14835,293.10,4608,8,79.0123,98.7605
15060,293.00,4609,8,79.0295,98.7623
12566,292.70,4610,8,79.0466,98.764
16721,292.47,4611,8,79.0638,98.7658
16956,292.34,4612,8,79.0809,98.7676
13739,292.20,4613,8,79.0981,98.7694
14985,292.01,4614,8,79.1152,98.7712
13449,291.88,4615,8,79.1324,98.773
17207,291.77,4616,8,79.1495,98.7748
17907,291.76,4617,8,79.1667,98.7765
17882,291.56,4618,8,79.1838,98.7783
13347,291.36,4619,8,79.201,98.7801
14727,291.13,4620,8,79.2181,98.7819
18182,291.13,4621,8,79.2353,98.7837
15302,291.05,4622,8,79.2524,98.7854
17551,290.34,4623,8,79.2695,98.7872
13796,289.70,4624,8,79.2867,98.789
15962,289.48,4625,8,79.3038,98.7908
14162,289.36,4626,8,79.321,98.7925
15041,288.98,4627,8,79.3381,98.7943
15545,288.97,4628,8,79.3553,98.7961
17057,288.79,4629,8,79.3724,98.7978
17501,288.60,4630,8,79.3896,98.7996
16808,288.42,4631,8,79.4067,98.8013
14010,288.10,4632,8,79.4239,98.8031
16432,287.40,4633,8,79.441,98.8049
17497,287.25,4634,8,79.4582,98.8066
13508,287.05,4635,8,79.4753,98.8084
17688,286.50,4636,8,79.4925,98.8101
16555,285.89,4637,8,79.5096,98.8119
12698,285.75,4638,8,79.5267,98.8136
14660,285.74,4639,8,79.5439,98.8154
14402,285.60,4640,8,79.561,98.8171
17627,285.11,4641,8,79.5782,98.8189
16429,284.55,4642,8,79.5953,98.8206
15445,284.50,4643,8,79.6125,98.8223
17359,284.46,4644,8,79.6296,98.8241
13616,283.85,4645,8,79.6468,98.8258
15662,283.73,4646,8,79.6639,98.8275
13708,283.33,4647,8,79.6811,98.8293
15391,282.92,4648,8,79.6982,98.831
13909,282.85,4649,8,79.7154,98.8327
15936,282.79,4650,8,79.7325,98.8345
16557,281.85,4651,8,79.7497,98.8362
13326,281.76,4652,8,79.7668,98.8379
13679,281.26,4653,8,79.784,98.8396
18042,281.15,4654,8,79.8011,98.8413
12595,281.02,4655,8,79.8182,98.8431
15772,280.88,4656,8,79.8354,98.8448
12851,280.76,4657,8,79.8525,98.8465
14433,280.70,4658,8,79.8697,98.8482
14242,280.55,4659,8,79.8868,98.8499
13581,280.53,4660,8,79.904,98.8516
17247,280.09,4661,8,79.9211,98.8533
15556,279.77,4662,8,79.9383,98.8551
12515,278.70,4663,8,79.9554,98.8568
16297,278.55,4664,8,79.9726,98.8585
14183,278.34,4665,8,79.9897,98.8602
14303,277.94,4666,8,80.0069,98.8619
15338,277.93,4667,9,80.024,98.8636
16890,277.91,4668,9,80.0412,98.8653
16543,277.81,4669,9,80.0583,98.867
15355,277.05,4670,9,80.0754,98.8687
13606,276.75,4671,9,80.0926,98.8703
13272,276.56,4672,9,80.1097,98.872
12750,275.88,4673,9,80.1269,98.8737
13399,275.40,4674,9,80.144,98.8754
16313,274.15,4675,9,80.1612,98.8771
17072,273.35,4676,9,80.1783,98.8787
13307,273.34,4677,9,80.1955,98.8804
17355,273.31,4678,9,80.2126,98.8821
17498,272.22,4679,9,80.2298,98.8838
13917,272.04,4680,9,80.2469,98.8854
14816,271.85,4681,9,80.2641,98.8871
17292,271.75,4682,9,80.2812,98.8887
14436,271.70,4683,9,80.2984,98.8904
13058,271.40,4684,9,80.3155,98.8921
15943,271.29,4685,9,80.3326,98.8937
17278,271.24,4686,9,80.3498,98.8954
18238,270.92,4687,9,80.3669,98.897
14520,270.60,4688,9,80.3841,98.8987
16757,270.48,4689,9,80.4012,98.9003
15609,270.03,4690,9,80.4184,98.902
13834,269.89,4691,9,80.4355,98.9036
15964,269.21,4692,9,80.4527,98.9053
13533,269.09,4693,9,80.4698,98.9069
17264,268.28,4694,9,80.487,98.9086
12751,268.27,4695,9,80.5041,98.9102
18254,267.90,4696,9,80.5213,98.9118
14039,267.28,4697,9,80.5384,98.9135
15408,267.18,4698,9,80.5556,98.9151
15320,267.13,4699,9,80.5727,98.9167
15517,267.03,4700,9,80.5898,98.9184
17786,266.85,4701,9,80.607,98.92
14863,266.76,4702,9,80.6241,98.9216
13837,266.59,4703,9,80.6413,98.9233
16217,266.45,4704,9,80.6584,98.9249
14392,266.40,4705,9,80.6756,98.9265
15119,266.40,4706,9,80.6927,98.9282
12962,266.39,4707,9,80.7099,98.9298
13217,266.12,4708,9,80.727,98.9314
17636,265.93,4709,9,80.7442,98.933
16321,265.50,4710,9,80.7613,98.9347
13973,264.70,4711,9,80.7785,98.9363
16615,264.50,4712,9,80.7956,98.9379
16579,264.45,4713,9,80.8128,98.9395
16334,263.73,4714,9,80.8299,98.9411
16286,263.65,4715,9,80.8471,98.9427
13128,263.50,4716,9,80.8642,98.9443
16089,263.49,4717,9,80.8813,98.946
12892,263.38,4718,9,80.8985,98.9476
12715,263.36,4719,9,80.9156,98.9492
17808,262.64,4720,9,80.9328,98.9508
13331,262.40,4721,9,80.9499,98.9524
17910,261.70,4722,9,80.9671,98.954
14957,261.69,4723,9,80.9842,98.9556
14269,261.68,4724,9,81.0014,98.9572
13080,260.83,4725,9,81.0185,98.9588
13189,260.68,4726,9,81.0357,98.9604
17901,260.08,4727,9,81.0528,98.962
17022,260.00,4728,9,81.07,98.9635
12487,259.80,4729,9,81.0871,98.9651
16733,259.68,4730,9,81.1043,98.9667
14149,259.43,4731,9,81.1214,98.9683
13127,259.17,4732,9,81.1385,98.9699
17558,259.17,4733,9,81.1557,98.9715
17219,259.13,4734,9,81.1728,98.9731
15536,259.09,4735,9,81.19,98.9746
14526,258.65,4736,9,81.2071,98.9762
13683,258.60,4737,9,81.2243,98.9778
16502,258.55,4738,9,81.2414,98.9794
13227,257.70,4739,9,81.2586,98.981
15014,257.67,4740,9,81.2757,98.9825
15894,257.60,4741,9,81.2929,98.9841
16542,257.32,4742,9,81.31,98.9857
15503,257.30,4743,9,81.3272,98.9873
15852,257.26,4744,9,81.3443,98.9888
15404,257.06,4745,9,81.3615,98.9904
14876,256.70,4746,9,81.3786,98.992
14274,256.60,4747,9,81.3957,98.9935
13806,256.38,4748,9,81.4129,98.9951
17896,256.32,4749,9,81.43,98.9967
17385,256.11,4750,9,81.4472,98.9982
13825,255.59,4751,9,81.4643,98.9998
14881,255.40,4752,9,81.4815,99.0014
13121,254.73,4753,9,81.4986,99.0029
14765,254.11,4754,9,81.5158,99.0045
17626,254.00,4755,9,81.5329,99.006
13343,253.93,4756,9,81.5501,99.0076
16845,253.88,4757,9,81.5672,99.0091
17992,252.88,4758,9,81.5844,99.0107
18267,252.87,4759,9,81.6015,99.0122
15019,252.81,4760,9,81.6187,99.0138
15035,252.73,4761,9,81.6358,99.0153
13251,252.68,4762,9,81.6529,99.0168
15552,252.52,4763,9,81.6701,99.0184
16074,252.50,4764,9,81.6872,99.0199
13404,252.49,4765,9,81.7044,99.0215
13645,252.10,4766,9,81.7215,99.023
17210,251.72,4767,9,81.7387,99.0246
16453,251.71,4768,9,81.7558,99.0261
16976,251.52,4769,9,81.773,99.0276
16911,251.35,4770,9,81.7901,99.0292
13861,251.31,4771,9,81.8073,99.0307
14166,251.15,4772,9,81.8244,99.0322
18266,251.10,4773,9,81.8416,99.0338
16962,251.04,4774,9,81.8587,99.0353
14764,250.55,4775,9,81.8759,99.0368
17303,250.04,4776,9,81.893,99.0384
15510,250.00,4777,9,81.9102,99.0399
16893,249.47,4778,9,81.9273,99.0414
14483,249.20,4779,9,81.9444,99.0429
13061,248.61,4780,9,81.9616,99.0445
13592,247.96,4781,9,81.9787,99.046
16381,247.85,4782,9,81.9959,99.0475
15293,247.50,4783,9,82.013,99.049
12665,247.45,4784,9,82.0302,99.0505
14658,247.15,4785,9,82.0473,99.052
14654,246.86,4786,9,82.0645,99.0535
15697,246.75,4787,9,82.0816,99.055
13943,246.54,4788,9,82.0988,99.0566
15378,246.50,4789,9,82.1159,99.0581
15495,246.50,4790,9,82.1331,99.0596
15783,246.30,4791,9,82.1502,99.0611
18153,246.22,4792,9,82.1674,99.0626
16778,245.94,4793,9,82.1845,99.0641
13250,245.59,4794,9,82.2016,99.0656
14325,245.48,4795,9,82.2188,99.0671
14281,245.15,4796,9,82.2359,99.0686
15118,244.80,4797,9,82.2531,99.0701
13511,244.61,4798,9,82.2702,99.0716
15884,244.60,4799,9,82.2874,99.0731
13905,244.45,4800,9,82.3045,99.0746
16528,244.41,4801,9,82.3217,99.0761
14694,244.31,4802,9,82.3388,99.0775
13551,244.20,4803,9,82.356,99.079
17892,244.10,4804,9,82.3731,99.0805
17925,244.08,4805,9,82.3903,99.082
16793,243.84,4806,9,82.4074,99.0835
13886,243.56,4807,9,82.4246,99.085
12495,243.40,4808,9,82.4417,99.0865
17339,243.36,4809,9,82.4588,99.088
12655,243.35,4810,9,82.476,99.0895
12650,242.44,4811,9,82.4931,99.0909
16215,242.35,4812,9,82.5103,99.0924
15543,242.26,4813,9,82.5274,99.0939
17009,242.06,4814,9,82.5446,99.0954
13445,241.90,4815,9,82.5617,99.0969
13582,241.68,4816,9,82.5789,99.0983
15776,241.62,4817,9,82.596,99.0998
15162,241.50,4818,9,82.6132,99.1013
14774,241.45,4819,9,82.6303,99.1028
14523,241.09,4820,9,82.6475,99.1042
16427,241.06,4821,9,82.6646,99.1057
16508,240.95,4822,9,82.6818,99.1072
15286,240.55,4823,9,82.6989,99.1087
15336,240.50,4824,9,82.716,99.1101
15931,239.90,4825,9,82.7332,99.1116
15690,239.76,4826,9,82.7503,99.1131
13570,239.49,4827,9,82.7675,99.1145
13789,239.46,4828,9,82.7846,99.116
17684,239.41,4829,9,82.8018,99.1175
14777,239.26,4830,9,82.8189,99.1189
17981,239.12,4831,9,82.8361,99.1204
13275,238.86,4832,9,82.8532,99.1218
12561,238.85,4833,9,82.8704,99.1233
16280,238.05,4834,9,82.8875,99.1248
18002,237.62,4835,9,82.9047,99.1262
17877,237.61,4836,9,82.9218,99.1277
15457,237.07,4837,9,82.939,99.1291
18024,236.78,4838,9,82.9561,99.1306
12604,236.18,4839,9,82.9733,99.132
13088,236.11,4840,9,82.9904,99.1334
16026,236.09,4841,9,83.0075,99.1349
12741,236.07,4842,9,83.0247,99.1363
17093,235.88,4843,9,83.0418,99.1378
17872,235.87,4844,9,83.059,99.1392
16046,235.78,4845,9,83.0761,99.1407
14982,234.88,4846,9,83.0933,99.1421
12392,234.75,4847,9,83.1104,99.1435
13114,234.38,4848,9,83.1276,99.145
14473,234.34,4849,9,83.1447,99.1464
17060,234.24,4850,9,83.1619,99.1478
13009,234.00,4851,9,83.179,99.1492
13348,233.76,4852,9,83.1962,99.1507
13672,233.53,4853,9,83.2133,99.1521
14153,233.40,4854,9,83.2305,99.1535
13129,233.25,4855,9,83.2476,99.155
17055,232.85,4856,9,83.2647,99.1564
13678,232.60,4857,9,83.2819,99.1578
18213,232.48,4858,9,83.299,99.1592
13608,232.05,4859,9,83.3162,99.1606
14995,231.98,4860,9,83.3333,99.1621
16408,231.93,4861,9,83.3505,99.1635
17151,231.90,4862,9,83.3676,99.1649
16436,231.84,4863,9,83.3848,99.1663
17136,231.68,4864,9,83.4019,99.1677
18279,231.34,4865,9,83.4191,99.1691
15487,231.32,4866,9,83.4362,99.1706
12746,230.85,4867,9,83.4534,99.172
15941,230.60,4868,9,83.4705,99.1734
17125,230.50,4869,9,83.4877,99.1748
13960,230.22,4870,9,83.5048,99.1762
12807,229.95,4871,9,83.5219,99.1776
14017,229.75,4872,9,83.5391,99.179
12812,229.64,4873,9,83.5562,99.1804
13403,229.50,4874,9,83.5734,99.1818
17185,229.46,4875,9,83.5905,99.1832
15528,229.33,4876,9,83.6077,99.1846
15273,228.96,4877,9,83.6248,99.186
17347,228.96,4878,9,83.642,99.1874
13146,228.91,4879,9,83.6591,99.1888
15231,228.36,4880,9,83.6763,99.1902
17066,228.34,4881,9,83.6934,99.1916
16760,228.00,4882,9,83.7106,99.193
15566,227.87,4883,9,83.7277,99.1944
14363,227.47,4884,9,83.7449,99.1958
17868,227.15,4885,9,83.762,99.1972
17617,227.14,4886,9,83.7791,99.1986
12660,227.10,4887,9,83.7963,99.1999
16740,226.91,4888,9,83.8134,99.2013
15451,226.86,4889,9,83.8306,99.2027
18005,226.47,4890,9,83.8477,99.2041
14718,226.42,4891,9,83.8649,99.2055
17993,225.99,4892,9,83.882,99.2069
14069,225.81,4893,9,83.8992,99.2082
17915,225.78,4894,9,83.9163,99.2096
12789,225.35,4895,9,83.9335,99.211
16587,225.15,4896,9,83.9506,99.2124
14357,225.12,4897,9,83.9678,99.2138
16346,224.51,4898,9,83.9849,99.2151
15175,224.14,4899,9,84.0021,99.2165
12914,223.98,4900,9,84.0192,99.2179
16753,223.92,4901,9,84.0364,99.2192
16562,223.86,4902,9,84.0535,99.2206
13926,223.85,4903,9,84.0706,99.222
13619,223.44,4904,9,84.0878,99.2233
17967,223.42,4905,9,84.1049,99.2247
18131,222.96,4906,9,84.1221,99.2261
12887,222.40,4907,9,84.1392,99.2274
15294,222.30,4908,9,84.1564,99.2288
14596,222.22,4909,9,84.1735,99.2301
14598,221.97,4910,9,84.1907,99.2315
14314,221.90,4911,9,84.2078,99.2329
14445,221.65,4912,9,84.225,99.2342
17261,221.59,4913,9,84.2421,99.2356
17087,221.53,4914,9,84.2593,99.2369
18197,221.40,4915,9,84.2764,99.2383
14960,221.27,4916,9,84.2936,99.2396
12563,221.24,4917,9,84.3107,99.241
13419,221.06,4918,9,84.3278,99.2423
12821,220.80,4919,9,84.345,99.2437
18030,220.70,4920,9,84.3621,99.245
16482,220.62,4921,9,84.3793,99.2464
13033,220.55,4922,9,84.3964,99.2477
18132,220.13,4923,9,84.4136,99.2491
18114,220.10,4924,9,84.4307,99.2504
13454,219.87,4925,9,84.4479,99.2518
13992,219.50,4926,9,84.465,99.2531
14074,219.40,4927,9,84.4822,99.2544
15096,219.39,4928,9,84.4993,99.2558
12799,219.35,4929,9,84.5165,99.2571
14458,219.27,4930,9,84.5336,99.2585
15423,219.14,4931,9,84.5508,99.2598
15790,218.75,4932,9,84.5679,99.2611
15086,218.53,4933,9,84.585,99.2625
12732,218.26,4934,9,84.6022,99.2638
15591,217.90,4935,9,84.6193,99.2651
16035,217.73,4936,9,84.6365,99.2665
16666,217.71,4937,9,84.6536,99.2678
15554,217.20,4938,9,84.6708,99.2691
13423,217.03,4939,9,84.6879,99.2705
15401,216.95,4940,9,84.7051,99.2718
18021,216.41,4941,9,84.7222,99.2731
12430,216.40,4942,9,84.7394,99.2744
17902,216.40,4943,9,84.7565,99.2757
15604,216.39,4944,9,84.7737,99.2771
13858,216.17,4945,9,84.7908,99.2784
13674,215.88,4946,9,84.808,99.2797
16179,215.83,4947,9,84.8251,99.281
15788,215.53,4948,9,84.8422,99.2823
16189,215.48,4949,9,84.8594,99.2837
14376,215.46,4950,9,84.8765,99.285
14635,215.22,4951,9,84.8937,99.2863
18007,215.22,4952,9,84.9108,99.2876
14106,214.80,4953,9,84.928,99.2889
16338,214.80,4954,9,84.9451,99.2902
14361,214.71,4955,9,84.9623,99.2916
17619,214.37,4956,9,84.9794,99.2929
15460,214.26,4957,9,84.9966,99.2942
14271,214.18,4958,9,85.0137,99.2955
14601,213.96,4959,9,85.0309,99.2968
18157,213.90,4960,9,85.048,99.2981
13621,213.85,4961,9,85.0652,99.2994
17153,213.78,4962,9,85.0823,99.3007
13369,213.75,4963,9,85.0995,99.302
13411,213.55,4964,9,85.1166,99.3033
16591,213.50,4965,9,85.1337,99.3046
16897,213.03,4966,9,85.1509,99.3059
13724,213.01,4967,9,85.168,99.3072
16302,212.82,4968,9,85.1852,99.3085
12961,211.99,4969,9,85.2023,99.3098
12470,211.95,4970,9,85.2195,99.3111
15866,211.89,4971,9,85.2366,99.3124
14843,211.80,4972,9,85.2538,99.3137
15703,211.50,4973,9,85.2709,99.315
13691,210.78,4974,9,85.2881,99.3163
14992,210.50,4975,9,85.3052,99.3176
13532,210.31,4976,9,85.3224,99.3189
17217,210.10,4977,9,85.3395,99.3201
16874,209.89,4978,9,85.3567,99.3214
17484,209.57,4979,9,85.3738,99.3227
13828,209.49,4980,9,85.3909,99.324
13056,209.48,4981,9,85.4081,99.3253
14003,209.41,4982,9,85.4252,99.3266
15112,209.40,4983,9,85.4424,99.3278
16487,209.40,4984,9,85.4595,99.3291
17855,208.97,4985,9,85.4767,99.3304
17743,208.85,4986,9,85.4938,99.3317
15327,208.75,4987,9,85.511,99.3329
15741,208.62,4988,9,85.5281,99.3342
15897,208.59,4989,9,85.5453,99.3355
16457,208.36,4990,9,85.5624,99.3368
12848,208.00,4991,9,85.5796,99.338
16964,207.85,4992,9,85.5967,99.3393
16866,207.74,4993,9,85.6139,99.3406
15052,207.73,4994,9,85.631,99.3418
16752,207.50,4995,9,85.6481,99.3431
13099,207.36,4996,9,85.6653,99.3444
17989,207.33,4997,9,85.6824,99.3457
15925,207.15,4998,9,85.6996,99.3469
15295,207.04,4999,9,85.7167,99.3482
15820,206.98,5000,9,85.7339,99.3494
12771,206.50,5001,9,85.751,99.3507
14964,206.21,5002,9,85.7682,99.352
15914,205.99,5003,9,85.7853,99.3532
14278,205.83,5004,9,85.8025,99.3545
16540,205.75,5005,9,85.8196,99.3557
17670,205.70,5006,9,85.8368,99.357
16622,205.60,5007,9,85.8539,99.3583
14602,205.36,5008,9,85.8711,99.3595
15307,205.30,5009,9,85.8882,99.3608
12400,205.25,5010,9,85.9053,99.362
15758,205.25,5011,9,85.9225,99.3633
15319,204.50,5012,9,85.9396,99.3645
14928,204.46,5013,9,85.9568,99.3658
17271,204.30,5014,9,85.9739,99.367
16901,204.26,5015,9,85.9911,99.3683
14468,204.24,5016,9,86.0082,99.3695
17206,204.24,5017,9,86.0254,99.3708
13017,204.00,5018,9,86.0425,99.372
17394,203.87,5019,9,86.0597,99.3733
17891,203.86,5020,9,86.0768,99.3745
14519,203.14,5021,9,86.094,99.3758
17074,203.05,5022,9,86.1111,99.377
15459,202.83,5023,9,86.1283,99.3782
18169,202.65,5024,9,86.1454,99.3795
12416,202.56,5025,9,86.1626,99.3807
14892,202.35,5026,9,86.1797,99.3819
12718,202.25,5027,9,86.1968,99.3832
14385,202.11,5028,9,86.214,99.3844
18281,201.14,5029,9,86.2311,99.3856
12702,201.00,5030,9,86.2483,99.3869
13556,200.82,5031,9,86.2654,99.3881
12995,200.72,5032,9,86.2826,99.3893
14330,200.63,5033,9,86.2997,99.3906
13133,200.45,5034,9,86.3169,99.3918
13944,200.43,5035,9,86.334,99.393
14782,200.10,5036,9,86.3512,99.3942
15593,199.80,5037,9,86.3683,99.3954
13322,199.48,5038,9,86.3855,99.3967
18126,198.58,5039,9,86.4026,99.3979
15020,198.47,5040,9,86.4198,99.3991
17184,198.41,5041,9,86.4369,99.4003
17778,197.70,5042,9,86.454,99.4015
14185,197.65,5043,9,86.4712,99.4027
14789,197.64,5044,9,86.4883,99.4039
17112,197.57,5045,9,86.5055,99.4051
13349,197.32,5046,9,86.5226,99.4063
12927,197.31,5047,9,86.5398,99.4076
15001,197.11,5048,9,86.5569,99.4088
15234,197.00,5049,9,86.5741,99.41
13436,196.89,5050,9,86.5912,99.4112
13978,196.79,5051,9,86.6084,99.4124
16937,196.25,5052,9,86.6255,99.4136
13284,196.15,5053,9,86.6427,99.4148
16112,195.74,5054,9,86.6598,99.416
13757,195.55,5055,9,86.677,99.4172
15212,195.43,5056,9,86.6941,99.4184
15612,195.15,5057,9,86.7112,99.4195
14405,195.00,5058,9,86.7284,99.4207
17468,194.80,5059,9,86.7455,99.4219
17065,194.70,5060,9,86.7627,99.4231
17475,194.37,5061,9,86.7798,99.4243
13651,193.95,5062,9,86.797,99.4255
14476,193.00,5063,9,86.8141,99.4267
16965,192.07,5064,9,86.8313,99.4278
18028,192.05,5065,9,86.8484,99.429
14100,191.95,5066,9,86.8656,99.4302
15909,191.94,5067,9,86.8827,99.4314
16695,191.90,5068,9,86.8999,99.4325
14279,191.86,5069,9,86.917,99.4337
15692,191.04,5070,9,86.9342,99.4349
14728,190.58,5071,9,86.9513,99.436
15688,190.57,5072,9,86.9684,99.4372
15412,190.53,5073,9,86.9856,99.4384
14617,190.47,5074,9,87.0027,99.4395
13766,190.35,5075,9,87.0199,99.4407
14501,190.31,5076,9,87.037,99.4419
13972,190.25,5077,9,87.0542,99.443
17257,189.78,5078,9,87.0713,99.4442
18046,189.63,5079,9,87.0885,99.4453
17166,189.49,5080,9,87.1056,99.4465
14801,189.34,5081,9,87.1228,99.4477
16277,188.69,5082,9,87.1399,99.4488
14697,188.61,5083,9,87.1571,99.45
17283,188.46,5084,9,87.1742,99.4511
16051,188.44,5085,9,87.1914,99.4523
13063,188.40,5086,9,87.2085,99.4534
14830,188.03,5087,9,87.2257,99.4546
17781,188.02,5088,9,87.2428,99.4557
17279,187.83,5089,9,87.2599,99.4569
15954,187.80,5090,9,87.2771,99.458
15072,187.52,5091,9,87.2942,99.4592
18013,187.29,5092,9,87.3114,99.4603
13568,187.05,5093,9,87.3285,99.4614
17693,187.02,5094,9,87.3457,99.4626
16267,186.66,5095,9,87.3628,99.4637
18063,186.60,5096,9,87.38,99.4649
17215,186.15,5097,9,87.3971,99.466
16388,186.05,5098,9,87.4143,99.4671
15567,186.01,5099,9,87.4314,99.4683
17574,185.65,5100,9,87.4486,99.4694
17010,185.46,5101,9,87.4657,99.4706
14879,185.06,5102,9,87.4829,99.4717
16097,185.05,5103,9,87.5,99.4728
14677,184.91,5104,9,87.5171,99.4739
17803,184.66,5105,9,87.5343,99.4751
16914,183.76,5106,9,87.5514,99.4762
14059,183.60,5107,9,87.5686,99.4773
13460,183.44,5108,9,87.5857,99.4784
14983,183.20,5109,9,87.6029,99.4796
15746,182.96,5110,9,87.62,99.4807
16819,182.59,5111,9,87.6372,99.4818
12574,182.45,5112,9,87.6543,99.4829
14941,182.10,5113,9,87.6715,99.484
13387,181.84,5114,9,87.6886,99.4851
12934,181.65,5115,9,87.7058,99.4862
15490,181.35,5116,9,87.7229,99.4874
16594,181.09,5117,9,87.7401,99.4885
14858,180.75,5118,9,87.7572,99.4896
18119,180.70,5119,9,87.7743,99.4907
16090,180.56,5120,9,87.7915,99.4918
14666,179.95,5121,9,87.8086,99.4929
12581,179.71,5122,9,87.8258,99.494
18234,179.60,5123,9,87.8429,99.4951
13826,179.55,5124,9,87.8601,99.4962
14945,179.40,5125,9,87.8772,99.4973
16640,179.40,5126,9,87.8944,99.4984
18147,179.34,5127,9,87.9115,99.4995
15895,179.17,5128,9,87.9287,99.5006
16490,179.16,5129,9,87.9458,99.5016
14705,179.00,5130,9,87.963,99.5027
15209,178.98,5131,9,87.9801,99.5038
15139,178.96,5132,9,87.9973,99.5049
14812,178.85,5133,9,88.0144,99.506
16691,178.83,5134,9,88.0316,99.5071
16299,178.65,5135,9,88.0487,99.5082
17879,178.52,5136,9,88.0658,99.5093
15292,178.39,5137,9,88.083,99.5104
18045,178.34,5138,9,88.1001,99.5115
17253,178.26,5139,9,88.1173,99.5126
13618,177.34,5140,9,88.1344,99.5137
13072,177.15,5141,9,88.1516,99.5147
16285,176.90,5142,9,88.1687,99.5158
17036,176.90,5143,9,88.1859,99.5169
13746,176.69,5144,9,88.203,99.518
17947,176.68,5145,9,88.2202,99.5191
18282,176.60,5146,9,88.2373,99.5201
12893,176.55,5147,9,88.2545,99.5212
18054,176.50,5148,9,88.2716,99.5223
18175,176.10,5149,9,88.2888,99.5234
18084,176.03,5150,9,88.3059,99.5244
17840,175.90,5151,9,88.323,99.5255
17026,175.83,5152,9,88.3402,99.5266
14486,175.50,5153,9,88.3573,99.5277
18166,175.50,5154,9,88.3745,99.5287
13007,175.25,5155,9,88.3916,99.5298
16144,175.20,5156,9,88.4088,99.5309
17331,175.20,5157,9,88.4259,99.532
16559,175.00,5158,9,88.4431,99.533
17108,174.95,5159,9,88.4602,99.5341
18010,174.80,5160,9,88.4774,99.5352
14518,174.37,5161,9,88.4945,99.5362
17587,173.76,5162,9,88.5117,99.5373
14674,173.66,5163,9,88.5288,99.5384
15565,173.16,5164,9,88.546,99.5394
16741,173.06,5165,9,88.5631,99.5405
16599,172.80,5166,9,88.5802,99.5415
13671,172.60,5167,9,88.5974,99.5426
13271,172.37,5168,9,88.6145,99.5436
13690,172.25,5169,9,88.6317,99.5447
17798,172.17,5170,9,88.6488,99.5457
15515,171.81,5171,9,88.666,99.5468
17983,171.71,5172,9,88.6831,99.5478
17575,171.70,5173,9,88.7003,99.5489
13560,171.42,5174,9,88.7174,99.5499
16312,171.15,5175,9,88.7346,99.551
16673,171.13,5176,9,88.7517,99.552
14536,170.95,5177,9,88.7689,99.5531
15403,170.88,5178,9,88.786,99.5541
14811,170.50,5179,9,88.8032,99.5552
13852,170.45,5180,9,88.8203,99.5562
15256,170.40,5181,9,88.8374,99.5572
17922,170.40,5182,9,88.8546,99.5583
16731,170.30,5183,9,88.8717,99.5593
15335,170.22,5184,9,88.8889,99.5604
13747,169.80,5185,9,88.906,99.5614
14218,169.48,5186,9,88.9232,99.5624
12346,169.36,5187,9,88.9403,99.5635
16002,169.21,5188,9,88.9575,99.5645
15647,169.00,5189,9,88.9746,99.5655
14578,168.63,5190,9,88.9918,99.5666
14860,168.62,5191,9,89.0089,99.5676
17904,168.32,5192,9,89.0261,99.5686
18099,168.31,5193,9,89.0432,99.5697
17737,168.24,5194,9,89.0604,99.5707
14131,168.22,5195,9,89.0775,99.5717
12551,168.00,5196,9,89.0947,99.5727
14521,167.65,5197,9,89.1118,99.5738
17559,167.62,5198,9,89.1289,99.5748
17367,167.55,5199,9,89.1461,99.5758
18037,167.42,5200,9,89.1632,99.5768
17586,167.40,5201,9,89.1804,99.5779
13609,167.35,5202,9,89.1975,99.5789
16405,167.25,5203,9,89.2147,99.5799
15166,167.16,5204,9,89.2318,99.5809
17875,167.10,5205,9,89.249,99.5819
13967,166.30,5206,9,89.2661,99.583
14495,166.30,5207,9,89.2833,99.584
17650,166.08,5208,9,89.3004,99.585
18088,166.03,5209,9,89.3176,99.586
18107,165.88,5210,9,89.3347,99.587
13903,165.45,5211,9,89.3519,99.588
13470,165.00,5212,9,89.369,99.589
15316,165.00,5213,9,89.3861,99.5901
16663,165.00,5214,9,89.4033,99.5911
17408,164.89,5215,9,89.4204,99.5921
15904,164.68,5216,9,89.4376,99.5931
13547,164.53,5217,9,89.4547,99.5941
17535,164.40,5218,9,89.4719,99.5951
13603,164.34,5219,9,89.489,99.5961
17417,164.18,5220,9,89.5062,99.5971
14955,163.77,5221,9,89.5233,99.5981
14354,163.62,5222,9,89.5405,99.5991
14119,163.47,5223,9,89.5576,99.6001
14485,162.80,5224,9,89.5748,99.6011
16517,162.70,5225,9,89.5919,99.6021
15359,162.60,5226,9,89.6091,99.6031
18174,162.50,5227,9,89.6262,99.6041
12954,162.45,5228,9,89.6433,99.6051
15733,162.30,5229,9,89.6605,99.6061
15534,162.25,5230,9,89.6776,99.607
16443,162.24,5231,9,89.6948,99.608
12622,162.10,5232,9,89.7119,99.609
12661,162.00,5233,9,89.7291,99.61
17971,161.94,5234,9,89.7462,99.611
17600,161.67,5235,9,89.7634,99.612
16113,161.38,5236,9,89.7805,99.613
13714,161.35,5237,9,89.7977,99.614
13779,161.13,5238,9,89.8148,99.615
16403,161.05,5239,9,89.832,99.6159
13229,160.95,5240,9,89.8491,99.6169
17605,160.75,5241,9,89.8663,99.6179
17202,160.65,5242,9,89.8834,99.6189
17487,160.55,5243,9,89.9005,99.6199
15229,160.50,5244,9,89.9177,99.6209
16645,160.39,5245,9,89.9348,99.6218
18146,160.35,5246,9,89.952,99.6228
12966,160.18,5247,9,89.9691,99.6238
14571,160.00,5248,9,89.9863,99.6248
13701,159.55,5249,9,90.0034,99.6257
13191,159.21,5250,10,90.0206,99.6267
13302,159.20,5251,10,90.0377,99.6277
16213,159.00,5252,10,90.0549,99.6287
18224,158.95,5253,10,90.072,99.6296
14089,158.75,5254,10,90.0892,99.6306
15499,158.65,5255,10,90.1063,99.6316
12509,158.50,5256,10,90.1235,99.6325
15548,158.09,5257,10,90.1406,99.6335
15348,158.04,5258,10,90.1578,99.6345
14318,158.02,5259,10,90.1749,99.6354
18004,157.92,5260,10,90.192,99.6364
17751,157.86,5261,10,90.2092,99.6374
14207,157.80,5262,10,90.2263,99.6383
14822,157.70,5263,10,90.2435,99.6393
16687,157.63,5264,10,90.2606,99.6403
12894,157.35,5265,10,90.2778,99.6412
17318,157.33,5266,10,90.2949,99.6422
16371,157.20,5267,10,90.3121,99.6431
17128,157.09,5268,10,90.3292,99.6441
17118,157.02,5269,10,90.3464,99.6451
15007,156.91,5270,10,90.3635,99.646
15742,156.87,5271,10,90.3807,99.647
14406,156.75,5272,10,90.3978,99.6479
12522,156.72,5273,10,90.415,99.6489
18018,156.69,5274,10,90.4321,99.6499
16578,156.60,5275,10,90.4492,99.6508
15438,156.58,5276,10,90.4664,99.6518
17820,156.56,5277,10,90.4835,99.6527
15263,156.51,5278,10,90.5007,99.6537
17885,156.34,5279,10,90.5178,99.6546
14287,156.23,5280,10,90.535,99.6556
13051,155.80,5281,10,90.5521,99.6565
12441,155.55,5282,10,90.5693,99.6575
17832,155.37,5283,10,90.5864,99.6584
14368,155.00,5284,10,90.6036,99.6594
17698,154.95,5285,10,90.6207,99.6603
15740,154.88,5286,10,90.6379,99.6613
15729,154.70,5287,10,90.655,99.6622
17899,154.55,5288,10,90.6722,99.6632
15226,154.41,5289,10,90.6893,99.6641
18014,154.27,5290,10,90.7064,99.6651
13490,154.25,5291,10,90.7236,99.666
17517,153.94,5292,10,90.7407,99.6669
16908,153.59,5293,10,90.7579,99.6679
15560,153.52,5294,10,90.775,99.6688
15431,153.24,5295,10,90.7922,99.6698
13676,153.15,5296,10,90.8093,99.6707
12602,153.12,5297,10,90.8265,99.6716
14814,152.96,5298,10,90.8436,99.6726
16248,152.94,5299,10,90.8608,99.6735
18138,152.65,5300,10,90.8779,99.6744
14066,152.55,5301,10,90.8951,99.6754
15509,152.41,5302,10,90.9122,99.6763
17327,152.35,5303,10,90.9294,99.6772
13653,152.20,5304,10,90.9465,99.6782
16617,151.85,5305,10,90.9636,99.6791
14046,151.59,5306,10,90.9808,99.68
14362,151.50,5307,10,90.9979,99.6809
18076,151.49,5308,10,91.0151,99.6819
13697,151.30,5309,10,91.0322,99.6828
14516,151.17,5310,10,91.0494,99.6837
16337,151.05,5311,10,91.0665,99.6846
16662,151.05,5312,10,91.0837,99.6856
12959,150.95,5313,10,91.1008,99.6865
12367,150.90,5314,10,91.118,99.6874
14980,150.68,5315,10,91.1351,99.6883
15991,150.55,5316,10,91.1523,99.6893
14084,150.50,5317,10,91.1694,99.6902
15775,150.50,5318,10,91.1866,99.6911
15474,150.35,5319,10,91.2037,99.692
18200,150.35,5320,10,91.2209,99.6929
12663,150.00,5321,10,91.238,99.6938
14845,150.00,5322,10,91.2551,99.6948
17234,149.89,5323,10,91.2723,99.6957
17946,149.58,5324,10,91.2894,99.6966
17390,149.30,5325,10,91.3066,99.6975
15435,149.29,5326,10,91.3237,99.6984
13003,149.05,5327,10,91.3409,99.6993
17549,148.86,5328,10,91.358,99.7002
17953,148.67,5329,10,91.3752,99.7011
13125,148.62,5330,10,91.3923,99.7021
15526,148.44,5331,10,91.4095,99.703
15684,147.80,5332,10,91.4266,99.7039
13578,147.66,5333,10,91.4438,99.7048
15479,147.40,5334,10,91.4609,99.7057
14098,147.35,5335,10,91.4781,99.7066
16724,147.35,5336,10,91.4952,99.7075
17794,147.30,5337,10,91.5123,99.7084
12858,147.27,5338,10,91.5295,99.7093
17030,146.87,5339,10,91.5466,99.7102
14683,146.56,5340,10,91.5638,99.7111
15496,146.14,5341,10,91.5809,99.712
18137,145.99,5342,10,91.5981,99.7129
12641,145.90,5343,10,91.6152,99.7137
13866,145.67,5344,10,91.6324,99.7146
15937,145.35,5345,10,91.6495,99.7155
14972,145.07,5346,10,91.6667,99.7164
15902,145.01,5347,10,91.6838,99.7173
16852,144.91,5348,10,91.701,99.7182
16822,144.84,5349,10,91.7181,99.7191
17938,144.29,5350,10,91.7353,99.7199
12442,144.06,5351,10,91.7524,99.7208
12736,144.00,5352,10,91.7695,99.7217
17186,144.00,5353,10,91.7867,99.7226
12387,143.94,5354,10,91.8038,99.7235
14574,143.70,5355,10,91.821,99.7243
13457,143.27,5356,10,91.8381,99.7252
15705,143.10,5357,10,91.8553,99.7261
17149,143.10,5358,10,91.8724,99.727
15761,143.05,5359,10,91.8896,99.7278
16507,142.71,5360,10,91.9067,99.7287
14386,142.40,5361,10,91.9239,99.7296
17859,141.92,5362,10,91.941,99.7305
18038,141.48,5363,10,91.9582,99.7313
14041,141.41,5364,10,91.9753,99.7322
17273,141.12,5365,10,91.9925,99.733
17959,140.75,5366,10,92.0096,99.7339
16598,140.70,5367,10,92.0267,99.7348
15388,140.54,5368,10,92.0439,99.7356
13420,140.35,5369,10,92.061,99.7365
13483,140.34,5370,10,92.0782,99.7373
15324,140.22,5371,10,92.0953,99.7382
13839,139.95,5372,10,92.1125,99.7391
16840,139.85,5373,10,92.1296,99.7399
14073,139.54,5374,10,92.1468,99.7408
14768,139.50,5375,10,92.1639,99.7416
16483,139.35,5376,10,92.1811,99.7425
14772,139.26,5377,10,92.1982,99.7433
14707,139.20,5378,10,92.2154,99.7442
18209,139.10,5379,10,92.2325,99.745
13273,138.98,5380,10,92.2497,99.7459
18269,138.90,5381,10,92.2668,99.7467
12902,138.68,5382,10,92.284,99.7476
13716,138.28,5383,10,92.3011,99.7484
15873,138.24,5384,10,92.3182,99.7493
17982,138.18,5385,10,92.3354,99.7501
15663,138.14,5386,10,92.3525,99.7509
15848,137.99,5387,10,92.3697,99.7518
12738,137.35,5388,10,92.3868,99.7526
12618,137.31,5389,10,92.404,99.7535
13907,136.80,5390,10,92.4211,99.7543
13195,136.73,5391,10,92.4383,99.7551
16237,136.65,5392,10,92.4554,99.756
14604,136.36,5393,10,92.4726,99.7568
16651,136.20,5394,10,92.4897,99.7576
16876,136.01,5395,10,92.5069,99.7585
14366,136.00,5396,10,92.524,99.7593
12968,135.95,5397,10,92.5412,99.7601
13830,135.95,5398,10,92.5583,99.761
17583,135.95,5399,10,92.5754,99.7618
14889,135.90,5400,10,92.5926,99.7626
15419,135.86,5401,10,92.6097,99.7635
16114,135.75,5402,10,92.6269,99.7643
14391,135.60,5403,10,92.644,99.7651
15283,135.43,5404,10,92.6612,99.7659
13076,135.40,5405,10,92.6783,99.7668
16665,135.40,5406,10,92.6955,99.7676
14588,135.39,5407,10,92.7126,99.7684
13144,135.35,5408,10,92.7298,99.7693
17972,135.19,5409,10,92.7469,99.7701
13702,135.18,5410,10,92.7641,99.7709
17960,135.08,5411,10,92.7812,99.7717
17199,135.04,5412,10,92.7984,99.7726
13119,134.90,5413,10,92.8155,99.7734
16055,134.80,5414,10,92.8326,99.7742
14340,134.70,5415,10,92.8498,99.775
14174,134.46,5416,10,92.8669,99.7758
15926,134.44,5417,10,92.8841,99.7767
16486,134.36,5418,10,92.9012,99.7775
14586,134.16,5419,10,92.9184,99.7783
14280,134.04,5420,10,92.9355,99.7791
14349,133.50,5421,10,92.9527,99.7799
17881,133.35,5422,10,92.9698,99.7808
17826,133.34,5423,10,92.987,99.7816
12964,132.24,5424,10,93.0041,99.7824
12512,132.18,5425,10,93.0213,99.7832
14438,131.90,5426,10,93.0384,99.784
15558,131.88,5427,10,93.0556,99.7848
17565,131.83,5428,10,93.0727,99.7856
17455,131.70,5429,10,93.0898,99.7864
14795,131.45,5430,10,93.107,99.7872
14378,131.25,5431,10,93.1241,99.788
12565,131.17,5432,10,93.1413,99.7888
17225,131.15,5433,10,93.1584,99.7896
16865,130.95,5434,10,93.1756,99.7904
15844,130.74,5435,10,93.1927,99.7912
17240,130.60,5436,10,93.2099,99.792
16410,130.32,5437,10,93.227,99.7928
16288,129.85,5438,10,93.2442,99.7936
17762,129.75,5439,10,93.2613,99.7944
14999,129.48,5440,10,93.2785,99.7952
18020,129.28,5441,10,93.2956,99.796
13071,129.22,5442,10,93.3128,99.7968
17056,128.60,5443,10,93.3299,99.7976
17089,128.45,5444,10,93.3471,99.7983
16251,128.31,5445,10,93.3642,99.7991
15892,128.20,5446,10,93.3813,99.7999
17297,128.18,5447,10,93.3985,99.8007
13053,127.65,5448,10,93.4156,99.8015
13586,127.28,5449,10,93.4328,99.8023
15578,127.10,5450,10,93.4499,99.803
15923,127.08,5451,10,93.4671,99.8038
13666,127.05,5452,10,93.4842,99.8046
16973,127.00,5453,10,93.5014,99.8054
14751,126.45,5454,10,93.5185,99.8061
13279,126.30,5455,10,93.5357,99.8069
15463,126.14,5456,10,93.5528,99.8077
16294,126.05,5457,10,93.57,99.8085
13794,126.03,5458,10,93.5871,99.8092
17657,126.00,5459,10,93.6043,99.81
13522,125.80,5460,10,93.6214,99.8108
17847,125.74,5461,10,93.6385,99.8115
14773,125.70,5462,10,93.6557,99.8123
16925,125.65,5463,10,93.6728,99.8131
15017,125.58,5464,10,93.69,99.8138
15731,125.30,5465,10,93.7071,99.8146
13912,124.95,5466,10,93.7243,99.8154
17148,124.88,5467,10,93.7414,99.8161
17818,124.78,5468,10,93.7586,99.8169
13312,124.75,5469,10,93.7757,99.8176
16849,124.57,5470,10,93.7929,99.8184
17316,124.45,5471,10,93.81,99.8192
18000,124.25,5472,10,93.8272,99.8199
15779,124.08,5473,10,93.8443,99.8207
13968,123.66,5474,10,93.8615,99.8214
14187,123.50,5475,10,93.8786,99.8222
16397,123.13,5476,10,93.8957,99.823
13876,122.70,5477,10,93.9129,99.8237
13638,122.64,5478,10,93.93,99.8245
12969,122.45,5479,10,93.9472,99.8252
13244,121.74,5480,10,93.9643,99.8259
13182,121.18,5481,10,93.9815,99.8267
15049,121.17,5482,10,93.9986,99.8274
17260,120.95,5483,10,94.0158,99.8282
17446,120.90,5484,10,94.0329,99.8289
14884,120.60,5485,10,94.0501,99.8296
14165,120.44,5486,10,94.0672,99.8304
14444,120.44,5487,10,94.0844,99.8311
17543,120.05,5488,10,94.1015,99.8318
18015,120.03,5489,10,94.1187,99.8326
14259,120.00,5490,10,94.1358,99.8333
14453,119.93,5491,10,94.1529,99.834
15161,119.92,5492,10,94.1701,99.8348
17541,119.86,5493,10,94.1872,99.8355
17177,119.50,5494,10,94.2044,99.8362
17170,118.98,5495,10,94.2215,99.837
15843,118.95,5496,10,94.2387,99.8377
17280,118.86,5497,10,94.2558,99.8384
17079,118.80,5498,10,94.273,99.8392
14155,118.75,5499,10,94.2901,99.8399
14076,118.67,5500,10,94.3073,99.8406
13257,117.95,5501,10,94.3244,99.8413
17654,117.55,5502,10,94.3416,99.842
15836,117.47,5503,10,94.3587,99.8428
16959,117.35,5504,10,94.3759,99.8435
15409,117.20,5505,10,94.393,99.8442
14726,116.50,5506,10,94.4102,99.8449
13084,116.45,5507,10,94.4273,99.8456
17117,116.20,5508,10,94.4444,99.8463
14874,116.18,5509,10,94.4616,99.847
14143,115.80,5510,10,94.4787,99.8477
16068,115.73,5511,10,94.4959,99.8485
18027,115.31,5512,10,94.513,99.8492
18012,115.30,5513,10,94.5302,99.8499
17401,114.85,5514,10,94.5473,99.8506
15905,114.69,5515,10,94.5645,99.8513
13188,114.60,5516,10,94.5816,99.852
14632,114.56,5517,10,94.5988,99.8527
16247,114.56,5518,10,94.6159,99.8534
14652,114.18,5519,10,94.6331,99.8541
12938,114.14,5520,10,94.6502,99.8548
14582,114.11,5521,10,94.6674,99.8555
17275,114.10,5522,10,94.6845,99.8562
15056,113.65,5523,10,94.7016,99.8569
14457,113.64,5524,10,94.7188,99.8575
16828,113.50,5525,10,94.7359,99.8582
18105,113.48,5526,10,94.7531,99.8589
16821,113.35,5527,10,94.7702,99.8596
17784,112.86,5528,10,94.7874,99.8603
18148,112.85,5529,10,94.8045,99.861
14689,112.80,5530,10,94.8217,99.8617
16697,112.75,5531,10,94.8388,99.8624
15702,112.57,5532,10,94.856,99.8631
18129,112.55,5533,10,94.8731,99.8638
13241,112.53,5534,10,94.8903,99.8644
15610,112.46,5535,10,94.9074,99.8651
13620,112.34,5536,10,94.9246,99.8658
12756,112.08,5537,10,94.9417,99.8665
13193,112.08,5538,10,94.9588,99.8672
15317,112.05,5539,10,94.976,99.8679
14750,112.03,5540,10,94.9931,99.8686
14668,111.63,5541,10,95.0103,99.8692
17304,111.50,5542,10,95.0274,99.8699
17887,111.35,5543,10,95.0446,99.8706
15352,111.15,5544,10,95.0617,99.8713
17208,111.15,5545,10,95.0789,99.872
18120,111.15,5546,10,95.096,99.8726
14464,111.00,5547,10,95.1132,99.8733
12692,110.95,5548,10,95.1303,99.874
14509,110.95,5549,10,95.1475,99.8747
15537,110.92,5550,10,95.1646,99.8754
15853,110.80,5551,10,95.1818,99.876
17957,110.72,5552,10,95.1989,99.8767
14787,110.65,5553,10,95.216,99.8774
16963,110.55,5554,10,95.2332,99.8781
14641,110.46,5555,10,95.2503,99.8787
16544,110.30,5556,10,95.2675,99.8794
17909,110.05,5557,10,95.2846,99.8801
17836,109.83,5558,10,95.3018,99.8808
15851,109.73,5559,10,95.3189,99.8814
14033,109.44,5560,10,95.3361,99.8821
16363,109.36,5561,10,95.3532,99.8828
16064,109.31,5562,10,95.3704,99.8834
16664,109.20,5563,10,95.3875,99.8841
14721,109.07,5564,10,95.4047,99.8848
14345,108.98,5565,10,95.4218,99.8854
13170,108.81,5566,10,95.439,99.8861
15875,108.52,5567,10,95.4561,99.8868
16106,108.38,5568,10,95.4733,99.8874
14374,108.00,5569,10,95.4904,99.8881
14661,107.95,5570,10,95.5075,99.8887
13580,107.75,5571,10,95.5247,99.8894
14943,107.62,5572,10,95.5418,99.8901
15395,107.45,5573,10,95.559,99.8907
16301,107.33,5574,10,95.5761,99.8914
15328,107.24,5575,10,95.5933,99.892
17893,107.21,5576,10,95.6104,99.8927
15846,107.01,5577,10,95.6276,99.8933
16082,106.75,5578,10,95.6447,99.894
14637,106.68,5579,10,95.6619,99.8946
15168,106.56,5580,10,95.679,99.8953
15927,106.54,5581,10,95.6962,99.8959
17791,106.10,5582,10,95.7133,99.8966
17933,105.99,5583,10,95.7305,99.8972
18103,105.80,5584,10,95.7476,99.8979
15642,105.78,5585,10,95.7647,99.8985
14579,105.56,5586,10,95.7819,99.8992
15340,105.50,5587,10,95.799,99.8998
12929,105.10,5588,10,95.8162,99.9005
14027,104.82,5589,10,95.8333,99.9011
17328,104.70,5590,10,95.8505,99.9017
16630,104.30,5591,10,95.8676,99.9024
16547,104.26,5592,10,95.8848,99.903
12587,104.00,5593,10,95.9019,99.9037
16375,104.00,5594,10,95.9191,99.9043
16896,103.95,5595,10,95.9362,99.9049
14542,103.25,5596,10,95.9534,99.9056
15924,102.82,5597,10,95.9705,99.9062
16396,102.70,5598,10,95.9877,99.9068
18124,102.65,5599,10,96.0048,99.9074
17467,102.60,5600,10,96.0219,99.9081
14836,102.45,5601,10,96.0391,99.9087
15486,102.00,5602,10,96.0562,99.9093
16462,102.00,5603,10,96.0734,99.9099
16516,101.70,5604,10,96.0905,99.9106
18068,101.70,5605,10,96.1077,99.9112
16944,101.36,5606,10,96.1248,99.9118
18086,101.34,5607,10,96.142,99.9124
18195,101.16,5608,10,96.1591,99.913
17741,101.10,5609,10,96.1763,99.9137
17493,100.91,5610,10,96.1934,99.9143
14946,100.90,5611,10,96.2106,99.9149
17224,100.86,5612,10,96.2277,99.9155
17427,100.80,5613,10,96.2449,99.9161
14371,100.50,5614,10,96.262,99.9167
15635,100.35,5615,10,96.2791,99.9174
13703,99.50,5616,10,96.2963,99.918
17939,99.14,5617,10,96.3134,99.9186
16289,98.81,5618,10,96.3306,99.9192
17538,98.42,5619,10,96.3477,99.9198
16694,98.30,5620,10,96.3649,99.9204
12984,97.50,5621,10,96.382,99.921
17395,97.50,5622,10,96.3992,99.9216
14642,96.12,5623,10,96.4163,99.9222
17816,96.11,5624,10,96.4335,99.9227
13793,96.00,5625,10,96.4506,99.9233
15583,95.96,5626,10,96.4678,99.9239
17024,95.85,5627,10,96.4849,99.9245
17895,95.45,5628,10,96.5021,99.9251
18249,95.34,5629,10,96.5192,99.9257
15285,94.92,5630,10,96.5364,99.9262
14833,94.80,5631,10,96.5535,99.9268
15868,94.53,5632,10,96.5706,99.9274
16073,94.35,5633,10,96.5878,99.928
16339,94.05,5634,10,96.6049,99.9286
15397,94.00,5635,10,96.6221,99.9291
18033,93.82,5636,10,96.6392,99.9297
14394,93.80,5637,10,96.6564,99.9303
18227,93.75,5638,10,96.6735,99.9308
15305,93.60,5639,10,96.6907,99.9314
12992,93.35,5640,10,96.7078,99.932
15082,93.35,5641,10,96.725,99.9326
15816,93.30,5642,10,96.7421,99.9331
16196,93.30,5643,10,96.7593,99.9337
14865,92.52,5644,10,96.7764,99.9343
14054,92.46,5645,10,96.7936,99.9348
13160,91.80,5646,10,96.8107,99.9354
16831,91.80,5647,10,96.8278,99.936
13392,91.14,5648,10,96.845,99.9365
14786,90.96,5649,10,96.8621,99.9371
13947,90.60,5650,10,96.8793,99.9376
14435,90.42,5651,10,96.8964,99.9382
16506,90.30,5652,10,96.9136,99.9387
16597,90.04,5653,10,96.9307,99.9393
14117,90.00,5654,10,96.9479,99.9398
15686,90.00,5655,10,96.965,99.9404
14974,89.94,5656,10,96.9822,99.9409
13535,89.50,5657,10,96.9993,99.9415
13222,88.50,5658,10,97.0165,99.942
15083,88.20,5659,10,97.0336,99.9426
16564,87.80,5660,10,97.0508,99.9431
17606,87.30,5661,10,97.0679,99.9436
16498,86.12,5662,10,97.085,99.9442
13180,86.10,5663,10,97.1022,99.9447
12814,85.92,5664,10,97.1193,99.9452
15541,85.13,5665,10,97.1365,99.9457
13841,85.00,5666,10,97.1536,99.9462
12774,83.70,5667,10,97.1708,99.9468
15094,83.00,5668,10,97.1879,99.9473
14347,82.60,5669,10,97.2051,99.9478
13469,82.40,5670,10,97.2222,99.9483
16028,82.20,5671,10,97.2394,99.9488
13215,81.60,5672,10,97.2565,99.9493
13006,81.57,5673,10,97.2737,99.9498
17620,81.44,5674,10,97.2908,99.9503
17008,81.36,5675,10,97.308,99.9508
15170,81.15,5676,10,97.3251,99.9513
17336,81.12,5677,10,97.3422,99.9518
16789,80.80,5678,10,97.3594,99.9522
17752,80.64,5679,10,97.3765,99.9527
15833,80.40,5680,10,97.3937,99.9532
15131,80.28,5681,10,97.4108,99.9537
14109,80.20,5682,10,97.428,99.9542
14190,79.90,5683,10,97.4451,99.9547
16165,79.90,5684,10,97.4623,99.9552
14007,79.48,5685,10,97.4794,99.9557
15753,79.20,5686,10,97.4966,99.9562
17942,77.50,5687,10,97.5137,99.9566
14785,77.40,5688,10,97.5309,99.9571
13132,77.30,5689,10,97.548,99.9576
16867,76.74,5690,10,97.5652,99.958
14373,76.55,5691,10,97.5823,99.9585
14090,76.32,5692,10,97.5995,99.959
14613,76.32,5693,10,97.6166,99.9595
15668,76.32,5694,10,97.6337,99.9599
18113,76.32,5695,10,97.6509,99.9604
13219,76.23,5696,10,97.668,99.9608
17628,75.75,5697,10,97.6852,99.9613
16610,75.66,5698,10,97.7023,99.9618
14559,75.60,5699,10,97.7195,99.9622
17192,75.28,5700,10,97.7366,99.9627
16420,75.00,5701,10,97.7538,99.9632
17944,74.99,5702,10,97.7709,99.9636
15603,74.73,5703,10,97.7881,99.9641
13095,74.40,5704,10,97.8052,99.9645
12659,73.68,5705,10,97.8224,99.965
12506,73.50,5706,10,97.8395,99.9654
18032,73.50,5707,10,97.8567,99.9659
16171,73.20,5708,10,97.8738,99.9663
17906,72.90,5709,10,97.8909,99.9668
14717,72.80,5710,10,97.9081,99.9672
13105,72.00,5711,10,97.9252,99.9677
16459,71.79,5712,10,97.9424,99.9681
13938,71.66,5713,10,97.9595,99.9685
13185,71.40,5714,10,97.9767,99.969
16970,71.40,5715,10,97.9938,99.9694
12686,71.14,5716,10,98.011,99.9698
15564,70.74,5717,10,98.0281,99.9703
16581,70.44,5718,10,98.0453,99.9707
13172,69.60,5719,10,98.0624,99.9711
12401,69.30,5720,10,98.0796,99.9715
12861,68.25,5721,10,98.0967,99.972
17249,68.03,5722,10,98.1139,99.9724
14393,67.95,5723,10,98.131,99.9728
12548,67.20,5724,10,98.1481,99.9732
17532,65.34,5725,10,98.1653,99.9736
17747,64.65,5726,10,98.1824,99.974
13130,64.00,5727,10,98.1996,99.9744
16238,63.66,5728,10,98.2167,99.9748
17216,63.60,5729,10,98.2339,99.9752
17263,63.44,5730,10,98.251,99.9756
15470,63.42,5731,10,98.2682,99.9759
16058,62.70,5732,10,98.2853,99.9763
13218,62.64,5733,10,98.3025,99.9767
14650,62.50,5734,10,98.3196,99.9771
15516,62.43,5735,10,98.3368,99.9775
13380,62.40,5736,10,98.3539,99.9779
13303,61.72,5737,10,98.3711,99.9782
13818,61.28,5738,10,98.3882,99.9786
15375,60.96,5739,10,98.4053,99.979
18256,60.60,5740,10,98.4225,99.9794
16605,60.48,5741,10,98.4396,99.9797
15250,60.00,5742,10,98.4568,99.9801
17174,59.90,5743,10,98.4739,99.9805
13391,59.80,5744,10,98.4911,99.9808
13682,59.50,5745,10,98.5082,99.9812
15233,59.40,5746,10,98.5254,99.9815
15371,59.40,5747,10,98.5425,99.9819
14384,58.50,5748,10,98.5597,99.9823
17775,56.40,5749,10,98.5768,99.9826
15899,56.25,5750,10,98.594,99.983
13366,56.16,5751,10,98.6111,99.9833
15685,55.98,5752,10,98.6283,99.9836
17494,54.70,5753,10,98.6454,99.984
12860,54.22,5754,10,98.6626,99.9843
14760,53.80,5755,10,98.6797,99.9846
13306,53.65,5756,10,98.6968,99.985
16349,53.50,5757,10,98.714,99.9853
12568,52.00,5758,10,98.7311,99.9856
15313,52.00,5759,10,98.7483,99.9859
16786,51.84,5760,10,98.7654,99.9862
17844,51.56,5761,10,98.7826,99.9866
13254,51.41,5762,10,98.7997,99.9869
17763,51.15,5763,10,98.8169,99.9872
14351,51.00,5764,10,98.834,99.9875
13011,50.55,5765,10,98.8512,99.9878
14743,50.48,5766,10,98.8683,99.9881
13022,50.30,5767,10,98.8855,99.9884
18184,49.80,5768,10,98.9026,99.9887
16530,48.35,5769,10,98.9198,99.989
13438,46.50,5770,10,98.9369,99.9893
15698,46.20,5771,10,98.954,99.9896
12496,45.34,5772,10,98.9712,99.9899
15672,45.30,5773,10,98.9883,99.9901
16061,44.95,5774,10,99.0055,99.9904
17599,44.55,5775,10,99.0226,99.9907
17916,43.87,5776,10,99.0398,99.991
14300,43.20,5777,10,99.0569,99.9912
13913,42.22,5778,10,99.0741,99.9915
13906,42.00,5779,10,99.0912,99.9917
16219,40.80,5780,10,99.1084,99.992
14266,40.56,5781,10,99.1255,99.9922
15178,40.50,5782,10,99.1427,99.9925
14086,39.95,5783,10,99.1598,99.9927
14589,39.75,5784,10,99.177,99.993
16659,39.12,5785,10,99.1941,99.9932
17246,38.92,5786,10,99.2112,99.9934
18019,38.45,5787,10,99.2284,99.9937
15455,38.25,5788,10,99.2455,99.9939
15693,37.50,5789,10,99.2627,99.9941
16162,37.40,5790,10,99.2798,99.9944
17352,36.25,5791,10,99.297,99.9946
14993,36.13,5792,10,99.3141,99.9948
16417,35.70,5793,10,99.3313,99.995
14576,35.40,5794,10,99.3484,99.9952
17831,35.40,5795,10,99.3656,99.9955
15744,34.80,5796,10,99.3827,99.9957
17533,34.80,5797,10,99.3999,99.9959
15871,33.10,5798,10,99.417,99.9961
16941,33.00,5799,10,99.4342,99.9963
14977,31.93,5800,10,99.4513,99.9965
17129,31.85,5801,10,99.4684,99.9967
13915,31.20,5802,10,99.4856,99.9969
13120,30.60,5803,10,99.5027,99.9971
14144,30.60,5804,10,99.5199,99.9972
16548,30.15,5805,10,99.537,99.9974
15575,30.10,5806,10,99.5542,99.9976
15657,30.00,5807,10,99.5713,99.9978
17319,29.10,5808,10,99.5885,99.998
12776,27.50,5809,10,99.6056,99.9981
17102,25.50,5810,10,99.6228,99.9983
15284,24.75,5811,10,99.6399,99.9985
14610,24.35,5812,10,99.6571,99.9986
16257,21.95,5813,10,99.6742,99.9987
16953,20.80,5814,10,99.6914,99.9989
17986,20.80,5815,10,99.7085,99.999
15999,20.40,5816,10,99.7257,99.9991
16093,17.00,5817,10,99.7428,99.9992
17900,15.00,5818,10,99.7599,99.9993
14580,14.85,5819,10,99.7771,99.9994
14900,13.92,5820,10,99.7942,99.9995
17956,12.75,5821,10,99.8114,99.9996
18072,12.24,5822,10,99.8285,99.9996
16537,10.55,5823,10,99.8457,99.9997
18115,9.70,5824,10,99.8628,99.9998
15040,7.49,5825,10,99.88,99.9998
16454,7.45,5826,10,99.8971,99.9999
15913,6.30,5827,10,99.9143,99.9999
15940,4.00,5828,10,99.9314,99.9999
13788,3.75,5829,10,99.9486,99.9999
16738,3.75,5830,10,99.9657,100.0
14095,2.95,5831,10,99.9829,100.0
16446,2.90,5832,10,100.0,100.0
