customer_id,first_purchase,last_purchase,frequency,cancelled_orders,monetary,recency_days,r_score,f_score,m_score,rfm_cell,rfm_total,segment
18102,2009-12-01,2011-12-09,145,2,578408.64,1,5,5,5,555,15,Champions
14646,2009-12-02,2011-12-08,145,7,523202.74,2,5,5,5,555,15,Champions
14156,2009-12-01,2011-11-30,144,38,297775.01,10,5,5,5,555,15,Champions
14911,2009-12-01,2011-12-08,373,93,258522.43,2,5,5,5,555,15,Champions
17450,2010-09-27,2011-12-01,51,4,233643.91,9,5,5,5,555,15,Champions
13694,2009-12-04,2011-12-06,143,15,190391.50,4,5,5,5,555,15,Champions
17511,2009-12-02,2011-12-07,60,24,168504.44,3,5,5,5,555,15,Champions
12415,2010-06-30,2011-11-15,24,4,143107.02,25,4,5,5,455,14,Champions
16684,2009-12-07,2011-12-05,55,9,141530.29,5,5,5,5,555,15,Champions
15061,2009-12-01,2011-12-06,127,10,124982.13,4,5,5,5,555,15,Champions
15311,2009-12-01,2011-12-09,207,62,111444.36,1,5,5,5,555,15,Champions
13089,2009-12-02,2011-12-07,203,44,109893.24,3,5,5,5,555,15,Champions
17949,2009-12-02,2011-12-08,116,12,98469.06,2,5,5,5,555,15,Champions
16029,2009-12-08,2011-11-01,106,6,97066.71,39,4,5,5,455,14,Champions
14298,2009-12-11,2011-12-01,82,2,90489.31,9,5,5,5,555,15,Champions
15769,2009-12-11,2011-12-02,46,3,84183.52,8,5,5,5,555,15,Champions
13798,2009-12-08,2011-12-08,110,14,73177.50,2,5,5,5,555,15,Champions
15838,2009-12-15,2011-11-28,34,3,72738.93,12,5,5,5,555,15,Champions
12931,2009-12-01,2011-11-18,57,11,71009.97,22,4,5,5,455,14,Champions
17841,2009-12-02,2011-12-08,211,76,67287.06,2,5,5,5,555,15,Champions
14088,2010-10-14,2011-11-29,16,2,63731.63,11,5,5,5,555,15,Champions
16422,2009-12-01,2011-11-22,107,15,59939.52,18,5,5,5,555,15,Champions
13081,2009-12-08,2011-11-28,28,15,55968.97,12,5,5,5,555,15,Champions
17389,2009-12-04,2011-12-09,61,14,54945.68,1,5,5,5,555,15,Champions
16754,2010-03-08,2010-12-02,29,5,54692.82,373,2,5,5,255,12,At Risk - High Value
13093,2009-12-04,2011-03-09,55,32,53283.30,276,2,5,5,255,12,At Risk - High Value
14096,2011-08-30,2011-12-05,17,0,53258.43,5,5,5,5,555,15,Champions
14680,2009-12-04,2011-11-14,58,29,53080.02,26,4,5,5,455,14,Champions
16013,2009-12-08,2011-12-06,84,7,51615.64,4,5,5,5,555,15,Champions
17850,2009-12-05,2010-12-02,155,4,50407.77,373,2,5,5,255,12,At Risk - High Value
13408,2009-12-04,2011-12-08,106,21,49751.36,2,5,5,5,555,15,Champions
13777,2009-12-02,2011-12-09,61,11,49228.16,1,5,5,5,555,15,Champions
12748,2009-12-04,2011-12-09,322,21,46674.18,1,5,5,5,555,15,Champions
17404,2010-01-07,2011-12-05,21,5,45863.82,5,5,5,5,555,15,Champions
13881,2010-03-04,2011-12-06,43,8,44392.50,4,5,5,5,555,15,Champions
16705,2009-12-09,2011-12-09,42,19,42653.14,1,5,5,5,555,15,Champions
15098,2011-06-10,2011-06-10,3,1,39619.50,183,3,3,5,335,11,Needs Attention
15039,2009-12-10,2011-11-30,93,14,38853.04,10,5,5,5,555,15,Champions
17675,2009-12-10,2011-12-08,70,19,37067.02,2,5,5,5,555,15,Champions
17381,2010-06-09,2011-12-01,38,1,36395.47,9,5,5,5,555,15,Champions
14031,2009-12-03,2011-12-02,44,10,36112.53,8,5,5,5,555,15,Champions
17677,2009-12-11,2011-12-08,54,36,34233.35,2,5,5,5,555,15,Champions
12921,2009-12-01,2011-11-30,74,29,33951.65,10,5,5,5,555,15,Champions
16210,2009-12-02,2011-12-08,33,2,33545.52,2,5,5,5,555,15,Champions
13767,2009-12-01,2011-12-07,73,23,33480.82,3,5,5,5,555,15,Champions
12471,2009-12-02,2011-12-07,71,49,33294.92,3,5,5,5,555,15,Champions
16779,2009-12-03,2011-12-07,53,9,32522.40,3,5,5,5,555,15,Champions
12678,2010-01-07,2011-10-28,15,2,32165.13,43,4,5,5,455,14,Champions
15856,2009-12-03,2011-12-05,52,6,31871.79,5,5,5,5,555,15,Champions
14258,2009-12-04,2011-11-30,25,7,31027.35,10,5,5,5,555,15,Champions
17428,2009-12-01,2011-12-09,45,6,30885.06,1,5,5,5,555,15,Champions
13902,2009-12-08,2010-03-17,5,2,30375.26,633,1,4,5,145,10,At Risk - High Value
14606,2009-12-03,2011-12-08,184,66,28913.22,2,5,5,5,555,15,Champions
12709,2009-12-09,2011-11-24,32,21,28708.10,16,5,5,5,555,15,Champions
13098,2011-01-26,2011-12-08,28,13,28658.88,2,5,5,5,555,15,Champions
17940,2009-12-03,2011-10-21,14,0,28389.58,50,4,5,5,455,14,Champions
13078,2009-12-01,2011-12-06,57,38,28369.44,4,5,5,5,555,15,Champions
12681,2009-12-13,2011-11-25,44,9,26679.24,15,5,5,5,555,15,Champions
16333,2011-02-03,2011-12-02,22,0,26626.80,8,5,5,5,555,15,Champions
14527,2009-12-02,2011-12-07,121,19,26359.18,3,5,5,5,555,15,Champions
18251,2009-12-22,2011-09-13,9,0,26278.86,88,3,5,5,355,13,Loyal
15513,2010-01-13,2011-11-06,35,6,25959.16,34,4,5,5,455,14,Champions
17857,2010-03-08,2011-12-05,23,2,25653.84,5,5,5,5,555,15,Champions
17865,2009-12-01,2011-11-09,46,16,25584.75,31,4,5,5,455,14,Champions
12731,2010-03-02,2011-11-16,17,2,25540.21,24,4,5,5,455,14,Champions
13802,2010-02-16,2011-07-24,19,5,25491.56,139,3,5,5,355,13,Loyal
14062,2009-12-10,2011-11-30,24,3,25416.28,10,5,5,5,555,15,Champions
12939,2010-01-12,2011-10-06,20,0,25264.80,65,3,5,5,355,13,Loyal
15498,2009-12-16,2011-12-07,44,4,24739.06,3,5,5,5,555,15,Champions
14895,2009-12-03,2011-12-02,38,10,24488.82,8,5,5,5,555,15,Champions
13001,2009-12-03,2011-12-05,33,4,24006.60,5,5,5,5,555,15,Champions
17920,2009-12-06,2011-12-05,54,2,23563.33,5,5,5,5,555,15,Champions
15640,2009-12-14,2011-12-05,29,5,23340.29,5,5,5,5,555,15,Champions
12409,2010-05-23,2011-09-22,7,6,23090.47,79,3,4,5,345,12,Loyal
16525,2009-12-02,2011-12-07,48,6,22919.40,3,5,5,5,555,15,Champions
16133,2010-03-31,2011-12-06,56,22,22228.88,4,5,5,5,555,15,Champions
13340,2010-02-22,2011-10-25,12,0,22100.56,46,4,5,5,455,14,Champions
15159,2010-10-04,2011-12-08,34,4,22049.40,2,5,5,5,555,15,Champions
12482,2010-02-24,2010-05-12,27,0,21941.72,577,1,5,5,155,11,At Risk - High Value
12621,2010-02-09,2011-12-08,35,9,21900.70,2,5,5,5,555,15,Champions
15749,2011-01-11,2011-04-18,3,1,21535.90,236,2,3,5,235,10,At Risk
14051,2009-12-03,2011-12-09,37,5,21441.48,1,5,5,5,555,15,Champions
15615,2009-12-02,2011-11-29,47,7,21282.07,11,5,5,5,555,15,Champions
12753,2010-12-12,2011-11-17,6,5,21024.01,23,4,4,5,445,13,Champions
13319,2009-12-06,2011-12-04,58,20,20974.96,6,5,5,5,555,15,Champions
12682,2009-12-01,2011-12-06,51,1,20648.12,4,5,5,5,555,15,Champions
14866,2010-09-21,2011-11-29,17,1,20507.59,11,5,5,5,555,15,Champions
16839,2010-02-11,2011-12-01,44,7,20420.53,9,5,5,5,555,15,Champions
12477,2010-03-26,2011-11-17,9,3,20173.64,23,4,5,5,455,14,Champions
14667,2009-12-02,2011-11-29,54,7,20153.04,11,5,5,5,555,15,Champions
15251,2010-01-29,2011-11-30,21,9,20118.92,10,5,5,5,555,15,Champions
17243,2009-12-01,2011-12-08,69,11,20004.03,2,5,5,5,555,15,Champions
18008,2010-01-06,2011-09-30,23,0,19759.08,71,3,5,5,355,13,Loyal
16843,2009-12-10,2011-10-28,35,3,19528.78,43,4,5,5,455,14,Champions
17139,2010-01-11,2011-11-24,25,4,19473.91,16,5,5,5,555,15,Champions
12540,2009-12-07,2011-11-20,32,2,19159.29,20,4,5,5,455,14,Champions
17340,2009-12-08,2011-11-10,18,11,19159.01,30,4,5,5,455,14,Champions
17706,2010-01-19,2011-12-05,31,12,19066.07,5,5,5,5,555,15,Champions
14194,2009-12-10,2011-12-05,36,18,18442.87,5,5,5,5,555,15,Champions
12557,2009-12-17,2011-11-23,8,0,18096.14,17,5,4,5,545,14,Champions
16746,2009-12-04,2011-12-05,42,4,18010.50,5,5,5,5,555,15,Champions
17581,2009-12-03,2011-12-09,43,9,17543.99,1,5,5,5,555,15,Champions
12357,2010-11-16,2011-11-06,2,0,17437.66,34,4,2,5,425,11,New / Promising
14952,2009-12-03,2011-10-11,32,11,17347.25,60,3,5,5,355,13,Loyal
16652,2010-03-17,2011-10-12,16,8,17312.83,59,3,5,5,355,13,Loyal
18172,2009-12-11,2011-11-25,52,11,17289.23,15,5,5,5,555,15,Champions
14607,2009-12-15,2011-11-24,20,5,17226.23,16,5,5,5,555,15,Champions
17416,2009-12-14,2011-11-10,22,3,17221.47,30,4,5,5,455,14,Champions
17377,2009-12-02,2011-11-16,78,12,17184.23,24,4,5,5,455,14,Champions
13027,2010-01-20,2011-08-18,19,1,17143.20,114,3,5,5,355,13,Loyal
15523,2009-12-02,2011-09-16,16,2,17119.24,85,3,5,5,355,13,Loyal
15189,2010-07-18,2011-12-08,46,12,17101.13,2,5,5,5,555,15,Champions
15078,2009-12-04,2011-12-02,52,11,17091.37,8,5,5,5,555,15,Champions
15808,2009-12-01,2011-02-06,21,3,17038.95,307,2,5,5,255,12,At Risk - High Value
12433,2010-08-20,2011-12-09,10,0,16794.14,1,5,5,5,555,15,Champions
17735,2010-07-30,2011-12-07,26,3,16707.98,3,5,5,5,555,15,Champions
16019,2009-12-14,2011-10-24,27,8,16503.46,47,4,5,5,455,14,Champions
16553,2010-02-11,2011-06-29,33,3,16500.12,164,3,5,5,355,13,Loyal
14961,2009-12-04,2011-11-29,22,6,16328.90,11,5,5,5,555,15,Champions
12901,2011-03-14,2011-12-01,28,6,16316.14,9,5,5,5,555,15,Champions
16656,2009-12-04,2011-11-17,30,14,16307.72,23,4,5,5,455,14,Champions
13113,2010-03-28,2011-12-09,37,22,16250.09,1,5,5,5,555,15,Champions
15358,2009-12-07,2011-12-05,42,13,16213.65,5,5,5,5,555,15,Champions
16180,2010-06-23,2011-08-31,13,3,16170.27,101,3,5,5,355,13,Loyal
15125,2010-03-31,2011-11-14,24,12,16124.33,26,4,5,5,455,14,Champions
13199,2009-12-05,2011-12-06,66,2,15921.30,4,5,5,5,555,15,Champions
12980,2009-12-02,2011-07-05,21,5,15909.39,158,3,5,5,355,13,Loyal
13225,2009-12-17,2011-12-06,16,1,15879.27,4,5,5,5,555,15,Champions
17716,2009-12-02,2011-11-17,24,3,15671.32,23,4,5,5,455,14,Champions
15044,2009-12-16,2011-11-20,32,9,15653.61,20,4,5,5,455,14,Champions
13564,2009-12-02,2010-12-20,36,13,15613.10,355,2,5,5,255,12,At Risk - High Value
17107,2010-01-31,2011-11-06,10,3,15595.37,34,4,5,5,455,14,Champions
14769,2009-12-16,2011-12-07,17,4,15437.25,3,5,5,5,555,15,Champions
12949,2009-12-03,2011-11-09,22,6,15391.00,31,4,5,5,455,14,Champions
15768,2009-12-03,2011-08-16,34,1,15307.26,116,3,5,5,355,13,Loyal
12971,2009-12-15,2011-12-06,116,3,15218.05,4,5,5,5,555,15,Champions
14849,2010-01-10,2011-11-18,43,7,15186.60,22,4,5,5,455,14,Champions
16191,2009-12-11,2011-12-07,24,15,15155.17,3,5,5,5,555,15,Champions
18092,2009-12-04,2011-12-07,18,2,14687.47,3,5,5,5,555,15,Champions
16126,2009-12-02,2011-11-10,15,0,14644.60,30,4,5,5,455,14,Champions
16873,2010-02-09,2011-12-05,12,5,14547.03,5,5,5,5,555,15,Champions
17448,2010-03-04,2010-06-28,41,7,14375.01,530,1,5,5,155,11,At Risk - High Value
14733,2010-11-02,2011-11-23,15,3,14200.78,17,5,5,5,555,15,Champions
12472,2009-12-09,2011-11-07,19,18,14169.69,33,4,5,5,455,14,Champions
15601,2009-12-01,2011-11-28,30,5,14150.84,12,5,5,5,555,15,Champions
13488,2010-01-25,2011-11-22,23,6,14131.81,18,5,5,5,555,15,Champions
13178,2009-12-16,2011-11-13,21,4,13997.89,27,4,5,5,455,14,Champions
16713,2009-12-15,2011-11-21,32,9,13943.36,19,5,5,5,555,15,Champions
12435,2009-12-02,2011-09-21,6,0,13925.93,80,3,4,5,345,12,Loyal
12647,2010-01-13,2011-11-17,35,7,13919.74,23,4,5,5,455,14,Champions
17589,2010-03-07,2011-10-10,18,3,13661.22,61,3,5,5,355,13,Loyal
15382,2009-12-04,2011-11-25,12,8,13646.50,15,5,5,5,555,15,Champions
18087,2009-12-01,2011-02-22,16,3,13563.62,291,2,5,5,255,12,At Risk - High Value
18223,2009-12-04,2011-12-05,26,25,13504.67,5,5,5,5,555,15,Champions
15005,2009-12-01,2011-11-24,56,20,13410.90,16,5,5,5,555,15,Champions
13629,2010-02-11,2011-11-16,19,0,13370.86,24,4,5,5,455,14,Champions
12744,2010-04-27,2011-10-14,8,0,13158.16,57,4,4,5,445,13,Champions
16558,2009-12-03,2011-12-09,38,9,13149.56,1,5,5,5,555,15,Champions
15291,2009-12-03,2011-11-14,39,13,13077.44,26,4,5,5,455,14,Champions
15093,2009-12-08,2011-11-21,23,11,13034.15,19,5,5,5,555,15,Champions
15738,2009-12-10,2011-11-21,41,4,13015.42,19,5,5,5,555,15,Champions
17133,2010-03-21,2011-11-24,12,1,12972.09,16,5,5,5,555,15,Champions
14110,2009-12-01,2011-12-06,33,2,12959.60,4,5,5,5,555,15,Champions
14049,2010-04-01,2011-11-23,13,5,12848.40,17,5,5,5,555,15,Champions
12989,2009-12-10,2011-12-06,33,6,12846.80,4,5,5,5,555,15,Champions
13969,2010-03-25,2011-12-02,35,4,12820.36,8,5,5,5,555,15,Champions
13316,2010-03-10,2011-11-02,10,1,12818.42,38,4,5,5,455,14,Champions
12714,2009-12-04,2011-11-30,12,0,12815.71,10,5,5,5,555,15,Champions
13097,2009-12-01,2011-11-07,27,11,12811.56,33,4,5,5,455,14,Champions
13952,2009-12-16,2011-05-06,14,3,12790.89,218,2,5,5,255,12,At Risk - High Value
16549,2009-12-03,2011-11-29,34,3,12759.25,11,5,5,5,555,15,Champions
13090,2010-08-02,2011-12-01,23,6,12744.93,9,5,5,5,555,15,Champions
18225,2009-12-04,2011-12-06,26,8,12643.25,4,5,5,5,555,15,Champions
14299,2009-12-02,2011-12-01,27,14,12620.28,9,5,5,5,555,15,Champions
13668,2009-12-11,2011-12-07,35,12,12607.68,3,5,5,5,555,15,Champions
16923,2010-01-31,2011-11-27,32,9,12572.15,13,5,5,5,555,15,Champions
13468,2009-12-03,2011-12-08,72,14,12518.01,2,5,5,5,555,15,Champions
12451,2010-06-28,2011-11-29,8,2,12506.53,11,5,4,5,545,14,Champions
17858,2009-12-06,2011-12-04,30,1,12458.65,6,5,5,5,555,15,Champions
12583,2009-12-06,2011-12-07,27,3,12409.04,3,5,5,5,555,15,Champions
17017,2009-12-03,2011-12-07,29,11,12397.49,3,5,5,5,555,15,Champions
16000,2011-12-07,2011-12-07,3,0,12393.70,3,5,3,5,535,13,Hibernating
14936,2010-05-05,2011-11-06,12,2,12378.46,34,4,5,5,455,14,Champions
14040,2009-12-01,2011-10-30,35,6,12340.13,41,4,5,5,455,14,Champions
16161,2010-02-08,2011-12-08,43,13,12279.97,2,5,5,5,555,15,Champions
15144,2009-12-13,2011-12-01,29,4,12006.51,9,5,5,5,555,15,Champions
14543,2009-12-01,2011-11-11,39,10,11958.76,29,4,5,5,455,14,Champions
12476,2010-07-26,2011-11-24,18,15,11920.12,16,5,5,5,555,15,Champions
16814,2010-04-11,2011-11-25,36,1,11906.45,15,5,5,5,555,15,Champions
14735,2009-12-04,2011-12-06,55,3,11899.66,4,5,5,5,555,15,Champions
13687,2010-09-27,2010-09-27,1,0,11880.84,439,1,1,5,115,7,Cannot Lose Them
17044,2009-12-07,2011-11-14,12,4,11867.60,26,4,5,5,455,14,Champions
13458,2010-11-16,2011-12-02,16,8,11850.62,8,5,5,5,555,15,Champions
13854,2010-01-08,2011-12-01,39,6,11848.81,9,5,5,5,555,15,Champions
16258,2010-03-10,2011-10-25,15,1,11833.52,46,4,5,5,455,14,Champions
14415,2009-12-16,2011-12-08,23,9,11803.62,2,5,5,5,555,15,Champions
15194,2009-12-03,2011-12-06,28,11,11781.52,4,5,5,5,555,15,Champions
17338,2010-03-10,2011-11-22,17,3,11777.49,18,5,5,5,555,15,Champions
16523,2009-12-08,2011-12-08,28,11,11760.54,2,5,5,5,555,15,Champions
18226,2010-03-05,2011-10-26,26,12,11749.58,45,4,5,5,455,14,Champions
15465,2009-12-10,2011-11-20,32,7,11670.90,20,4,5,5,455,14,Champions
14505,2009-12-09,2011-11-22,19,8,11590.04,18,5,5,5,555,15,Champions
17364,2009-12-07,2011-12-09,27,2,11587.05,1,5,5,5,555,15,Champions
14739,2009-12-02,2011-12-05,25,3,11555.69,5,5,5,5,555,15,Champions
13050,2009-12-15,2011-11-25,34,20,11525.54,15,5,5,5,555,15,Champions
15023,2010-02-03,2011-12-06,20,3,11477.01,4,5,5,5,555,15,Champions
15218,2010-01-26,2011-11-29,22,3,11393.26,11,5,5,5,555,15,Champions
14016,2010-01-08,2011-07-01,11,2,11279.71,162,3,5,5,355,13,Loyal
13418,2009-12-11,2011-11-28,31,6,11242.22,12,5,5,5,555,15,Champions
12539,2009-12-23,2011-11-17,7,0,11186.75,23,4,4,5,445,13,Champions
13576,2009-12-08,2011-11-29,28,4,11167.00,11,5,5,5,555,15,Champions
13004,2009-12-15,2011-11-28,36,10,11143.99,12,5,5,5,555,15,Champions
15874,2010-01-07,2011-10-07,21,4,11135.00,64,3,5,5,355,13,Loyal
14134,2009-12-10,2010-11-22,15,0,11123.35,383,2,5,5,255,12,At Risk - High Value
13102,2010-05-06,2011-12-08,37,5,11123.30,2,5,5,5,555,15,Champions
14426,2010-03-04,2011-11-16,17,10,11103.97,24,4,5,5,455,14,Champions
13013,2009-12-14,2011-12-08,29,2,11073.48,2,5,5,5,555,15,Champions
12437,2009-12-02,2011-12-08,38,7,11011.85,2,5,5,5,555,15,Champions
12705,2009-12-03,2011-11-24,13,8,10906.00,16,5,5,5,555,15,Champions
12481,2010-04-11,2011-11-17,14,3,10889.15,23,4,5,5,455,14,Champions
12474,2010-02-11,2011-11-22,29,23,10886.75,18,5,5,5,555,15,Champions
18052,2010-05-24,2010-05-24,1,0,10877.18,565,1,1,5,115,7,Cannot Lose Them
15555,2009-12-06,2011-11-27,36,10,10866.36,13,5,5,5,555,15,Champions
16985,2009-12-10,2011-11-22,23,3,10545.76,18,5,5,5,555,15,Champions
15032,2009-12-10,2011-03-28,8,2,10515.05,257,2,4,5,245,11,At Risk - High Value
16033,2010-08-11,2011-12-04,27,9,10465.07,6,5,5,5,555,15,Champions
12567,2010-02-11,2011-11-17,15,2,10425.44,23,4,5,5,455,14,Champions
13324,2010-05-25,2011-11-03,18,5,10421.37,37,4,5,5,455,14,Champions
15290,2010-02-24,2011-12-05,26,4,10355.58,5,5,5,5,555,15,Champions
16168,2009-12-03,2011-11-29,66,6,10279.02,11,5,5,5,555,15,Champions
16984,2010-03-07,2011-09-12,9,9,10206.40,89,3,5,5,355,13,Loyal
15296,2010-01-21,2011-10-20,12,8,10204.13,51,4,5,5,455,14,Champions
17160,2009-12-04,2011-11-08,17,1,10201.36,32,4,5,5,455,14,Champions
14422,2009-12-17,2011-12-09,19,2,10200.92,1,5,5,5,555,15,Champions
12683,2009-12-13,2011-12-05,20,6,10167.52,5,5,5,5,555,15,Champions
18229,2009-12-03,2011-11-28,28,0,10150.51,12,5,5,5,555,15,Champions
15719,2009-12-01,2011-11-07,31,8,10117.22,33,4,5,5,455,14,Champions
18055,2010-10-22,2011-12-02,14,1,10110.59,8,5,5,5,555,15,Champions
16327,2009-12-14,2011-11-25,16,4,10103.22,15,5,5,5,555,15,Champions
17809,2009-12-02,2011-11-23,20,3,10014.58,17,5,5,5,555,15,Champions
15547,2009-12-06,2011-12-02,26,2,9989.15,8,5,5,5,555,15,Champions
13985,2010-02-09,2011-12-05,22,2,9982.31,5,5,5,5,555,15,Champions
16182,2010-03-09,2011-09-28,9,0,9971.65,73,3,5,5,355,13,Loyal
14796,2009-12-14,2011-12-08,27,12,9971.20,2,5,5,5,555,15,Champions
12431,2010-01-15,2011-11-04,25,6,9963.66,36,4,5,5,455,14,Champions
14101,2010-03-28,2011-09-27,13,1,9942.13,74,3,5,5,355,13,Loyal
13680,2009-12-04,2011-12-08,12,1,9899.56,2,5,5,5,555,15,Champions
15482,2009-12-02,2011-11-24,18,4,9891.12,16,5,5,5,555,15,Champions
16131,2009-12-02,2011-10-19,12,3,9866.27,52,4,5,5,455,14,Champions
14755,2009-12-03,2011-11-30,25,5,9851.45,10,5,5,5,555,15,Champions
12668,2010-01-31,2011-11-28,9,2,9842.06,12,5,5,5,555,15,Champions
13941,2009-12-16,2011-11-18,15,2,9826.63,22,4,5,5,455,14,Champions
14828,2009-12-07,2011-05-27,13,1,9803.46,197,2,5,5,255,12,At Risk - High Value
16353,2009-12-07,2011-12-06,38,3,9781.93,4,5,5,5,555,15,Champions
12758,2009-12-01,2011-08-15,7,1,9779.00,117,3,4,5,345,12,Loyal
12524,2010-02-08,2011-11-30,17,1,9759.36,10,5,5,5,555,15,Champions
17306,2010-11-01,2011-11-29,21,2,9751.77,11,5,5,5,555,15,Champions
13018,2010-03-01,2011-11-23,35,2,9742.81,17,5,5,5,555,15,Champions
18260,2009-12-15,2011-06-20,23,9,9737.10,173,3,5,5,355,13,Loyal
15694,2009-12-07,2011-12-09,23,5,9719.13,1,5,5,5,555,15,Champions
14329,2009-12-16,2011-11-22,15,13,9695.92,18,5,5,5,555,15,Champions
14085,2009-12-08,2011-12-07,32,1,9692.92,3,5,5,5,555,15,Champions
15805,2009-12-10,2011-11-16,30,10,9668.62,24,4,5,5,455,14,Champions
16701,2009-12-01,2011-12-01,26,8,9614.59,9,5,5,5,555,15,Champions
17049,2010-03-04,2011-12-07,19,6,9588.83,3,5,5,5,555,15,Champions
14944,2010-02-17,2011-11-10,19,5,9574.92,30,4,5,5,455,14,Champions
16782,2009-12-09,2011-11-29,38,12,9552.62,11,5,5,5,555,15,Champions
14091,2010-01-10,2010-02-23,2,0,9530.08,655,1,2,5,125,8,Cannot Lose Them
12839,2009-12-07,2011-12-07,26,4,9529.72,3,5,5,5,555,15,Champions
14063,2009-12-08,2010-01-22,7,0,9471.50,687,1,4,5,145,10,At Risk - High Value
17315,2010-09-27,2011-12-08,41,6,9467.45,2,5,5,5,555,15,Champions
14439,2010-01-21,2011-01-24,5,0,9443.04,320,2,4,5,245,11,At Risk - High Value
13999,2009-12-05,2011-11-29,29,7,9438.01,11,5,5,5,555,15,Champions
13599,2009-12-01,2011-12-08,33,19,9435.47,2,5,5,5,555,15,Champions
13735,2009-12-13,2011-11-15,13,9,9422.36,25,4,5,5,455,14,Champions
18109,2010-07-01,2011-12-08,38,7,9416.41,2,5,5,5,555,15,Champions
15727,2010-01-24,2011-11-23,15,0,9371.71,17,5,5,5,555,15,Champions
17811,2010-09-20,2011-12-05,47,13,9351.83,5,5,5,5,555,15,Champions
14045,2010-01-08,2011-08-22,16,3,9334.23,110,3,5,5,355,13,Loyal
12590,2010-04-12,2011-05-12,1,3,9330.48,212,2,1,5,215,8,Cannot Lose Them
15981,2010-03-29,2011-11-15,21,5,9284.07,25,4,5,5,455,14,Champions
17504,2010-02-08,2011-05-17,18,1,9238.42,207,2,5,5,255,12,At Risk - High Value
13267,2009-12-07,2011-12-07,36,14,9212.06,3,5,5,5,555,15,Champions
17230,2009-12-08,2011-03-20,18,5,9159.45,265,2,5,5,255,12,At Risk - High Value
15249,2010-03-26,2011-11-08,18,3,9147.15,32,4,5,5,455,14,Champions
14367,2011-03-08,2011-12-01,16,3,9134.12,9,5,5,5,555,15,Champions
13162,2009-12-04,2011-08-09,16,3,9116.94,123,3,5,5,355,13,Loyal
16709,2009-12-09,2011-09-16,14,0,9056.01,85,3,5,5,355,13,Loyal
15939,2010-11-30,2011-09-11,15,1,8992.09,90,3,5,5,355,13,Loyal
17757,2010-01-13,2011-12-08,56,4,8990.49,2,5,5,5,555,15,Champions
15150,2010-06-14,2011-11-22,13,1,8967.44,18,5,5,5,555,15,Champions
17068,2010-03-28,2011-11-27,47,2,8945.53,13,5,5,5,555,15,Champions
13327,2009-12-18,2011-11-01,19,2,8914.42,39,4,5,5,455,14,Champions
14292,2009-12-01,2011-12-02,16,11,8887.90,8,5,5,5,555,15,Champions
14060,2010-03-11,2011-12-05,30,2,8882.30,5,5,5,5,555,15,Champions
14709,2009-12-05,2011-11-24,25,2,8866.48,16,5,5,5,555,15,Champions
15903,2009-12-08,2011-11-30,12,3,8859.82,10,5,5,5,555,15,Champions
14135,2009-12-02,2011-12-08,24,1,8800.80,2,5,5,5,555,15,Champions
13555,2010-01-19,2011-09-27,13,3,8798.99,74,3,5,5,355,13,Loyal
12747,2009-12-07,2011-12-07,26,6,8786.53,3,5,5,5,555,15,Champions
15867,2009-12-14,2011-12-04,31,4,8780.77,6,5,5,5,555,15,Champions
12490,2009-12-01,2011-12-04,20,1,8759.64,6,5,5,5,555,15,Champions
16532,2010-03-29,2011-11-22,5,0,8756.64,18,5,4,5,545,14,Champions
16700,2009-12-02,2011-12-01,25,6,8747.12,9,5,5,5,555,15,Champions
15260,2009-12-06,2011-08-31,25,5,8677.88,101,3,5,5,355,13,Loyal
16186,2009-12-09,2011-11-17,26,4,8676.23,23,4,5,5,455,14,Champions
15570,2010-03-28,2011-12-02,25,2,8672.44,8,5,5,5,555,15,Champions
12359,2009-12-05,2011-10-13,10,4,8652.34,58,4,5,5,455,14,Champions
13263,2010-10-22,2011-12-08,38,0,8650.98,2,5,5,5,555,15,Champions
15497,2009-12-18,2011-11-22,9,2,8643.46,18,5,5,5,555,15,Champions
12957,2009-12-11,2011-11-30,13,8,8628.42,10,5,5,5,555,15,Champions
13756,2009-12-15,2011-12-07,23,2,8595.65,3,5,5,5,555,15,Champions
16550,2009-12-02,2011-08-23,18,11,8550.92,109,3,5,5,355,13,Loyal
13758,2009-12-01,2011-11-28,14,3,8544.29,12,5,5,5,555,15,Champions
17576,2009-12-03,2011-12-01,41,4,8534.45,9,5,5,5,555,15,Champions
16945,2009-12-09,2011-11-18,33,2,8530.66,22,4,5,5,455,14,Champions
12798,2010-10-14,2011-11-29,4,0,8510.93,11,5,3,5,535,13,Hibernating
13269,2009-12-02,2011-12-08,28,2,8507.01,2,5,5,5,555,15,Champions
18139,2011-11-21,2011-11-22,6,0,8438.34,18,5,4,5,545,14,Champions
13209,2010-01-24,2011-11-09,13,3,8438.06,31,4,5,5,455,14,Champions
14160,2010-01-10,2010-04-08,7,0,8421.47,611,1,4,5,145,10,At Risk - High Value
14286,2009-12-04,2011-11-16,7,5,8396.70,24,4,4,5,445,13,Champions
15786,2010-06-21,2011-10-24,5,4,8379.65,47,4,4,5,445,13,Champions
13069,2010-06-14,2011-12-09,38,4,8358.79,1,5,5,5,555,15,Champions
15281,2010-10-08,2011-10-12,16,6,8317.62,59,3,5,5,355,13,Loyal
13448,2009-12-06,2011-11-23,12,4,8312.52,17,5,5,5,555,15,Champions
13206,2009-12-07,2010-11-04,13,0,8308.19,401,2,5,5,255,12,At Risk - High Value
15984,2009-12-01,2011-12-07,30,2,8304.82,3,5,5,5,555,15,Champions
17686,2010-06-24,2011-12-02,9,0,8296.81,8,5,5,5,555,15,Champions
14676,2010-03-10,2011-11-08,12,4,8285.49,32,4,5,5,455,14,Champions
14057,2009-12-03,2011-11-16,22,1,8276.10,24,4,5,5,455,14,Champions
14146,2010-01-13,2011-12-01,12,1,8208.87,9,5,5,5,555,15,Champions
15034,2010-05-11,2011-11-24,14,3,8200.25,16,5,5,5,555,15,Champions
13139,2010-09-28,2011-11-23,8,1,8193.83,17,5,4,5,545,14,Champions
15998,2009-12-01,2011-11-03,16,5,8186.19,37,4,5,5,455,14,Champions
13381,2009-12-01,2011-11-08,12,3,8185.02,32,4,5,5,455,14,Champions
16722,2009-12-03,2011-11-22,22,4,8168.31,18,5,5,5,555,15,Champions
17365,2010-02-01,2011-11-27,15,1,8160.30,13,5,5,5,555,15,Champions
17396,2010-09-24,2011-10-31,13,2,8159.10,40,4,5,5,455,14,Champions
17611,2009-12-01,2011-12-02,28,6,8149.93,8,5,5,5,555,15,Champions
16672,2011-03-18,2011-12-07,20,2,8119.69,3,5,5,5,555,15,Champions
13047,2009-12-16,2011-10-14,23,17,8110.09,57,4,5,5,455,14,Champions
13715,2010-03-11,2011-03-03,17,4,8108.09,282,2,5,5,255,12,At Risk - High Value
12766,2010-10-28,2011-12-06,9,2,8093.14,4,5,5,5,555,15,Champions
13426,2009-12-09,2011-12-09,22,1,8084.38,1,5,5,5,555,15,Champions
15502,2010-06-03,2011-11-24,12,11,8076.45,16,5,5,5,555,15,Champions
12637,2010-06-14,2011-10-03,12,1,8071.16,68,3,5,5,355,13,Loyal
14056,2011-02-28,2011-12-08,23,6,8063.30,2,5,5,5,555,15,Champions
15955,2010-02-23,2011-11-15,22,3,8050.23,25,4,5,5,455,14,Champions
17593,2009-12-04,2011-12-06,11,4,8040.52,4,5,5,5,555,15,Champions
13869,2010-01-17,2011-08-08,10,0,7996.87,124,3,5,5,355,13,Loyal
13148,2009-12-07,2011-11-10,26,10,7990.11,30,4,5,5,455,14,Champions
13174,2009-12-04,2011-11-23,11,0,7972.46,17,5,5,5,555,15,Champions
15298,2009-12-08,2011-12-07,23,6,7958.43,3,5,5,5,555,15,Champions
14525,2009-12-13,2011-11-20,17,4,7952.76,20,4,5,5,455,14,Champions
16767,2010-04-28,2011-11-09,15,1,7950.41,31,4,5,5,455,14,Champions
18041,2010-01-14,2011-11-28,38,2,7936.04,12,5,5,5,555,15,Champions
14291,2009-12-09,2011-12-08,23,2,7844.40,2,5,5,5,555,15,Champions
16303,2010-03-18,2011-11-14,7,2,7823.72,26,4,4,5,445,13,Champions
13871,2009-12-20,2011-11-17,17,4,7804.95,23,4,5,5,455,14,Champions
17409,2009-12-11,2011-06-08,10,0,7793.51,185,3,5,5,355,13,Loyal
16670,2009-12-10,2011-11-23,20,13,7786.66,17,5,5,5,555,15,Champions
12867,2009-12-16,2011-11-13,13,3,7782.91,27,4,5,5,455,14,Champions
15544,2010-01-28,2011-11-30,20,6,7779.58,10,5,5,5,555,15,Champions
17730,2010-04-29,2011-12-06,20,3,7757.35,4,5,5,5,555,15,Champions
14395,2010-04-18,2011-12-07,20,4,7754.73,3,5,5,5,555,15,Champions
17739,2009-12-07,2011-11-28,18,2,7718.14,12,5,5,5,555,15,Champions
17085,2009-12-06,2011-08-08,28,4,7705.27,124,3,5,5,355,13,Loyal
16592,2009-12-18,2011-12-05,28,6,7624.46,5,5,5,5,555,15,Champions
16556,2009-12-07,2011-10-04,17,7,7610.23,67,3,5,5,355,13,Loyal
17426,2010-02-17,2011-12-01,13,4,7606.37,9,5,5,5,555,15,Champions
13373,2009-12-06,2011-10-10,6,0,7587.19,61,3,4,5,345,12,Loyal
13137,2010-07-25,2011-11-29,16,0,7586.94,11,5,5,5,555,15,Champions
14159,2009-12-03,2011-11-20,20,5,7526.62,20,4,5,5,455,14,Champions
13141,2009-12-09,2011-09-16,17,4,7524.13,85,3,5,5,355,13,Loyal
13709,2010-01-11,2011-12-06,18,4,7492.41,4,5,5,5,555,15,Champions
17091,2009-12-01,2011-12-07,19,4,7462.15,3,5,5,5,555,15,Champions
15179,2009-12-03,2011-11-21,13,4,7426.82,19,5,5,5,555,15,Champions
14030,2009-12-01,2011-11-21,20,2,7405.10,19,5,5,5,555,15,Champions
17696,2009-12-10,2011-11-01,27,21,7380.89,39,4,5,5,455,14,Champions
15046,2010-01-14,2011-11-30,25,3,7375.83,10,5,5,5,555,15,Champions
16242,2010-03-15,2011-12-01,14,4,7370.50,9,5,5,5,555,15,Champions
14175,2010-03-22,2011-10-11,8,9,7350.44,60,3,4,5,345,12,Loyal
12643,2010-04-07,2011-08-03,11,2,7334.30,129,3,5,5,355,13,Loyal
17238,2009-12-01,2011-12-07,32,0,7331.17,3,5,5,5,555,15,Champions
13534,2010-07-07,2011-12-07,35,25,7324.50,3,5,5,5,555,15,Champions
15622,2010-01-07,2011-10-27,17,13,7318.08,44,4,5,5,455,14,Champions
13082,2009-12-22,2011-08-05,21,4,7268.92,127,3,5,5,355,13,Loyal
14282,2010-02-15,2011-12-06,25,1,7245.76,4,5,5,5,555,15,Champions
15270,2009-12-17,2011-11-24,21,10,7241.19,16,5,5,5,555,15,Champions
17602,2010-03-30,2011-12-07,14,4,7240.73,3,5,5,5,555,15,Champions
16253,2009-12-08,2011-10-04,7,0,7222.20,67,3,4,5,345,12,Loyal
14092,2009-12-16,2011-12-02,24,3,7215.64,8,5,5,5,555,15,Champions
12380,2010-02-15,2011-11-18,8,2,7171.00,22,4,4,5,445,13,Champions
14841,2009-12-02,2011-10-17,14,0,7163.00,54,4,5,5,455,14,Champions
16745,2011-02-01,2011-09-14,17,1,7157.10,87,3,5,5,355,13,Loyal
14243,2010-08-20,2011-12-01,17,6,7152.06,9,5,5,5,555,15,Champions
16729,2011-04-12,2011-11-01,21,5,7045.41,39,4,5,5,455,14,Champions
13451,2010-03-21,2011-11-13,11,2,7017.97,27,4,5,5,455,14,Champions
13183,2010-03-14,2011-12-02,15,3,7010.88,8,5,5,5,555,15,Champions
14145,2010-04-08,2011-10-24,7,1,7006.05,47,4,4,5,445,13,Champions
17231,2009-12-07,2011-11-27,25,10,6958.83,13,5,5,5,555,15,Champions
17690,2010-02-03,2011-11-09,20,1,6954.30,31,4,5,5,455,14,Champions
17769,2010-01-19,2011-11-27,17,4,6944.96,13,5,5,5,555,15,Champions
14800,2010-09-30,2011-10-23,17,6,6890.73,48,4,5,5,455,14,Champions
17965,2009-12-14,2011-11-02,29,4,6879.70,38,4,5,5,455,14,Champions
15950,2010-01-26,2011-11-08,10,3,6878.71,32,4,5,5,455,14,Champions
15301,2010-09-15,2011-10-20,17,2,6867.44,51,4,5,5,455,14,Champions
15129,2010-04-08,2011-10-20,23,0,6860.18,51,4,5,5,455,14,Champions
16570,2009-12-03,2011-11-24,20,11,6844.81,16,5,5,5,555,15,Champions
16187,2011-02-28,2011-11-08,15,2,6841.24,32,4,5,5,455,14,Champions
18231,2010-01-10,2011-05-31,28,2,6815.47,193,2,5,5,255,12,At Risk - High Value
12830,2011-06-21,2011-11-02,6,0,6814.64,38,4,4,5,445,13,Champions
16170,2010-02-18,2011-10-20,20,5,6813.67,51,4,5,5,455,14,Champions
12841,2010-07-08,2011-12-05,40,2,6808.00,5,5,5,5,555,15,Champions
15413,2009-12-01,2010-01-17,5,0,6798.72,692,1,4,5,145,10,At Risk - High Value
14028,2010-06-07,2010-06-07,3,1,6786.00,551,1,3,5,135,9,At Risk
15521,2010-01-05,2011-10-30,16,7,6780.39,41,4,5,5,455,14,Champions
12720,2010-07-21,2011-12-07,29,10,6710.49,3,5,5,5,555,15,Champions
14401,2009-12-14,2011-12-05,22,3,6703.40,5,5,5,5,555,15,Champions
16497,2009-12-03,2011-10-21,23,0,6695.28,50,4,5,5,455,14,Champions
16145,2010-05-04,2011-12-01,19,10,6693.60,9,5,5,5,555,15,Champions
13993,2009-12-03,2011-10-28,19,5,6690.36,43,4,5,5,455,14,Champions
14844,2010-04-12,2011-10-07,10,2,6688.43,64,3,5,5,355,13,Loyal
14688,2010-09-09,2011-12-02,28,6,6666.93,8,5,5,5,555,15,Champions
14461,2010-01-18,2011-07-14,13,1,6660.62,149,3,5,5,355,13,Loyal
16265,2010-10-28,2011-11-30,12,3,6643.62,10,5,5,5,555,15,Champions
17001,2010-03-25,2011-12-09,19,0,6640.80,1,5,5,5,555,15,Champions
17700,2009-12-01,2011-11-23,14,3,6640.72,17,5,5,5,555,15,Champions
13953,2009-12-11,2011-12-02,12,0,6640.68,8,5,5,5,555,15,Champions
13983,2009-12-09,2011-11-10,21,9,6638.85,30,4,5,5,455,14,Champions
13384,2010-07-27,2011-11-09,11,4,6635.09,31,4,5,5,455,14,Champions
16401,2010-06-02,2011-12-08,23,15,6629.24,2,5,5,5,555,15,Champions
17975,2010-08-06,2011-11-24,24,2,6591.88,16,5,5,5,555,15,Champions
13552,2010-02-19,2011-10-04,22,10,6588.63,67,3,5,5,355,13,Loyal
15321,2009-12-17,2011-09-30,12,6,6573.40,71,3,5,5,355,13,Loyal
13831,2009-12-10,2011-11-23,18,2,6571.14,17,5,5,5,555,15,Champions
13815,2010-02-12,2011-11-17,8,2,6547.79,23,4,4,5,445,13,Champions
12836,2009-12-01,2011-10-11,15,2,6520.58,60,3,5,5,355,13,Loyal
14855,2010-04-08,2011-08-12,7,0,6520.30,120,3,4,5,345,12,Loyal
14221,2009-12-04,2011-10-28,17,2,6506.59,43,4,5,5,455,14,Champions
12823,2010-01-29,2011-09-26,18,0,6501.50,75,3,5,5,355,13,Loyal
15980,2010-06-01,2011-09-12,7,2,6496.28,89,3,4,5,345,12,Loyal
13015,2010-04-15,2011-10-17,11,3,6459.08,54,4,5,5,455,14,Champions
16655,2010-01-31,2011-11-22,13,0,6423.26,18,5,5,5,555,15,Champions
12428,2011-03-01,2011-11-14,8,3,6366.00,26,4,4,5,445,13,Champions
15750,2009-12-01,2011-12-07,18,6,6362.60,3,5,5,5,555,15,Champions
13394,2009-12-01,2011-12-08,19,4,6329.38,2,5,5,5,555,15,Champions
14227,2010-02-08,2011-11-13,15,7,6324.76,27,4,5,5,455,14,Champions
18094,2009-12-11,2011-09-19,13,2,6322.62,82,3,5,5,355,13,Loyal
13883,2009-12-23,2011-11-29,14,11,6321.59,11,5,5,5,555,15,Champions
14562,2010-02-07,2011-12-06,26,4,6314.30,4,5,5,5,555,15,Champions
13654,2009-12-02,2011-10-27,11,0,6308.00,44,4,5,5,455,14,Champions
14766,2010-06-06,2011-12-01,11,3,6301.88,9,5,5,5,555,15,Champions
14702,2009-12-10,2011-12-08,29,3,6298.48,2,5,5,5,555,15,Champions
14388,2010-01-20,2011-11-29,16,4,6289.95,11,5,5,5,555,15,Champions
13590,2009-12-01,2011-11-28,18,3,6284.74,12,5,5,5,555,15,Champions
12913,2009-12-01,2011-12-05,13,0,6283.24,5,5,5,5,555,15,Champions
12749,2010-07-06,2011-12-06,9,7,6278.49,4,5,5,5,555,15,Champions
14154,2010-01-13,2011-04-14,8,2,6263.60,240,2,4,5,245,11,At Risk - High Value
14004,2010-09-30,2011-10-27,11,0,6258.45,44,4,5,5,455,14,Champions
16940,2009-12-08,2011-10-18,8,3,6245.41,53,4,4,5,445,13,Champions
18245,2010-03-08,2011-12-02,20,3,6236.23,8,5,5,5,555,15,Champions
12843,2009-12-13,2011-10-05,28,4,6219.07,66,3,5,5,355,13,Loyal
15674,2009-12-08,2011-09-27,12,4,6217.85,74,3,5,5,355,13,Loyal
13615,2010-01-28,2011-01-25,8,4,6212.23,319,2,4,5,245,11,At Risk - High Value
15673,2010-02-22,2011-09-12,9,1,6199.37,89,3,5,5,355,13,Loyal
13334,2010-02-25,2011-09-18,5,1,6195.05,83,3,4,5,345,12,Loyal
16938,2010-02-17,2011-12-01,9,1,6162.11,9,5,5,5,555,15,Champions
12779,2009-12-03,2011-11-02,14,7,6158.60,38,4,5,5,455,14,Champions
14113,2009-12-07,2011-12-06,16,15,6156.75,4,5,5,5,555,15,Champions
18118,2010-11-23,2011-11-29,29,6,6155.47,11,5,5,5,555,15,Champions
17669,2010-04-01,2011-10-28,10,0,6142.35,43,4,5,5,455,14,Champions
17799,2009-12-13,2011-11-17,20,3,6121.78,23,4,5,5,455,14,Champions
13136,2009-12-08,2011-10-14,13,10,6119.75,57,4,5,5,455,14,Champions
13935,2010-02-25,2010-04-22,3,0,6116.92,597,1,3,5,135,9,At Risk
14852,2010-03-05,2011-10-12,18,3,6108.88,59,3,5,5,355,13,Loyal
17419,2010-01-25,2011-11-28,18,2,6100.65,12,5,5,5,555,15,Champions
12662,2010-04-01,2011-12-09,20,2,6091.69,1,5,5,5,555,15,Champions
14390,2010-10-10,2011-11-29,13,5,6079.48,11,5,5,5,555,15,Champions
18061,2009-12-04,2011-11-18,28,1,6075.31,22,4,5,5,455,14,Champions
12406,2010-01-11,2011-11-17,5,2,6072.21,23,4,4,5,445,13,Champions
17509,2011-10-07,2011-10-13,8,3,6069.24,58,4,4,5,445,13,Champions
13317,2009-12-13,2011-10-04,19,12,6068.53,67,3,5,5,355,13,Loyal
13230,2010-03-18,2011-12-05,30,1,6065.95,5,5,5,5,555,15,Champions
18178,2010-02-18,2011-08-03,11,4,6054.49,129,3,5,5,355,13,Loyal
14560,2009-12-02,2011-12-02,44,2,6050.44,8,5,5,5,555,15,Champions
16954,2010-01-18,2011-12-09,20,1,6037.33,1,5,5,5,555,15,Champions
12613,2009-12-14,2011-10-13,9,3,6033.82,58,4,5,5,455,14,Champions
16103,2010-01-08,2011-12-02,22,5,6002.76,8,5,5,5,555,15,Champions
16456,2010-03-29,2011-09-01,13,0,6000.94,100,3,5,5,355,13,Loyal
12497,2010-03-05,2011-09-19,3,0,5996.50,82,3,3,5,335,11,Needs Attention
16717,2009-12-07,2011-11-16,14,6,5987.41,24,4,5,5,455,14,Champions
17625,2009-12-15,2011-11-21,8,0,5978.90,19,5,4,5,545,14,Champions
17819,2009-12-13,2011-09-29,12,1,5977.25,72,3,5,5,355,13,Loyal
12835,2009-12-03,2010-10-08,41,8,5972.19,428,1,5,5,155,11,At Risk - High Value
14530,2010-01-21,2011-11-14,16,3,5968.62,26,4,5,5,455,14,Champions
13266,2009-12-17,2011-11-28,19,11,5965.30,12,5,5,5,555,15,Champions
14918,2010-04-08,2011-08-16,9,0,5955.81,116,3,5,5,355,13,Loyal
15372,2010-02-14,2011-07-25,8,2,5954.42,138,3,4,5,345,12,Loyal
14257,2010-03-01,2011-10-06,9,1,5942.00,65,3,5,5,355,13,Loyal
15755,2009-12-04,2011-11-29,17,3,5936.95,11,5,5,5,555,15,Champions
16156,2009-12-02,2011-12-01,20,6,5931.01,9,5,5,5,555,15,Champions
14180,2010-06-09,2011-11-29,33,9,5909.00,11,5,5,5,555,15,Champions
16710,2009-12-04,2011-11-20,22,1,5908.60,20,4,5,5,455,14,Champions
12417,2009-12-06,2011-12-06,20,7,5889.71,4,5,5,5,555,15,Champions
14440,2009-12-02,2011-12-01,13,2,5870.13,9,5,5,5,555,15,Champions
17644,2010-02-16,2011-12-08,20,8,5864.54,2,5,5,5,555,15,Champions
17873,2009-12-16,2011-09-20,18,2,5849.63,81,3,5,5,355,13,Loyal
15785,2009-12-15,2011-11-07,16,10,5825.33,33,4,5,5,455,14,Champions
18065,2009-12-09,2011-12-04,28,3,5816.88,6,5,5,5,555,15,Champions
14535,2010-02-24,2011-10-10,9,2,5803.79,61,3,5,5,355,13,Loyal
12712,2009-12-09,2011-11-11,21,7,5801.78,29,4,5,5,455,14,Champions
17457,2009-12-07,2011-08-05,14,4,5799.01,127,3,5,5,355,13,Loyal
12429,2010-06-11,2011-11-30,8,1,5792.01,10,5,4,5,545,14,Champions
17146,2010-02-02,2011-08-26,13,3,5788.39,106,3,5,5,355,13,Loyal
13658,2010-02-05,2011-11-30,9,4,5772.07,10,5,5,5,555,15,Champions
12910,2010-03-28,2011-11-16,13,1,5747.02,24,4,5,5,455,14,Champions
13771,2010-02-25,2011-10-06,9,1,5726.07,65,3,5,5,355,13,Loyal
12455,2009-12-18,2011-09-27,9,0,5722.95,74,3,5,5,355,13,Loyal
12626,2011-01-17,2011-11-16,9,4,5722.35,24,4,5,5,455,14,Champions
14105,2009-12-18,2011-04-14,5,4,5703.98,240,2,4,5,245,11,At Risk - High Value
14534,2010-03-15,2011-12-07,26,12,5698.37,3,5,5,5,555,15,Champions
16458,2010-05-26,2011-12-07,30,0,5690.89,3,5,5,5,555,15,Champions
13870,2010-02-08,2011-12-07,15,3,5689.84,3,5,5,5,555,15,Champions
14099,2009-12-10,2011-11-23,20,2,5685.71,17,5,5,5,555,15,Champions
16279,2010-04-22,2011-11-18,9,1,5685.38,22,4,5,5,455,14,Champions
13157,2010-03-08,2011-10-21,9,1,5667.71,50,4,5,5,455,14,Champions
16409,2009-12-13,2011-11-03,12,0,5652.74,37,4,5,5,455,14,Champions
12656,2010-05-26,2011-11-22,8,4,5636.78,18,5,4,5,545,14,Champions
17491,2010-04-28,2011-12-08,17,1,5636.72,2,5,5,5,555,15,Champions
17651,2010-07-01,2011-11-28,16,5,5635.05,12,5,5,5,555,15,Champions
13722,2010-03-03,2011-07-31,10,1,5629.16,132,3,5,5,355,13,Loyal
16320,2010-01-27,2011-06-20,6,1,5618.79,173,3,4,5,345,12,Loyal
16003,2009-12-03,2011-11-10,10,0,5613.83,30,4,5,5,455,14,Champions
12356,2010-10-11,2011-11-17,6,0,5611.73,23,4,4,5,445,13,Champions
13901,2010-01-05,2011-09-28,15,5,5599.34,73,3,5,5,355,13,Loyal
16200,2009-12-02,2011-12-05,12,1,5594.60,5,5,5,5,555,15,Champions
17672,2010-03-08,2011-10-20,6,2,5592.19,51,4,4,5,445,13,Champions
18145,2009-12-08,2011-11-27,11,1,5592.04,13,5,5,5,555,15,Champions
16011,2009-12-01,2011-12-01,29,1,5585.86,9,5,5,5,555,15,Champions
18075,2010-07-29,2011-11-16,20,11,5579.91,24,4,5,5,455,14,Champions
16735,2009-12-08,2011-09-22,14,8,5578.86,79,3,5,5,355,13,Loyal
15854,2009-12-10,2011-12-05,21,0,5578.28,5,5,5,5,555,15,Champions
15228,2010-07-28,2011-10-04,6,1,5570.52,67,3,4,5,345,12,Loyal
17203,2010-11-16,2011-11-04,10,0,5564.09,36,4,5,5,455,14,Champions
15299,2010-01-12,2011-10-03,9,1,5550.52,68,3,5,5,355,13,Loyal
16316,2010-08-03,2011-10-06,13,6,5533.31,65,3,5,5,355,13,Loyal
14112,2009-12-17,2011-11-17,13,14,5524.51,23,4,5,5,455,14,Champions
14210,2010-01-06,2011-08-26,16,5,5509.37,106,3,5,5,355,13,Loyal
12500,2010-02-04,2011-11-16,18,6,5494.31,24,4,5,5,455,14,Champions
12484,2009-12-03,2011-11-04,9,4,5490.80,36,4,5,5,455,14,Champions
17092,2010-02-02,2011-10-20,11,3,5479.76,51,4,5,5,455,14,Champions
14572,2010-03-28,2011-12-06,11,4,5479.08,4,5,5,5,555,15,Champions
14907,2009-12-08,2011-12-06,16,7,5476.62,4,5,5,5,555,15,Champions
16992,2010-02-11,2011-11-29,13,2,5460.10,11,5,5,5,555,15,Champions
14189,2010-11-16,2011-12-07,16,9,5453.38,3,5,5,5,555,15,Champions
16609,2011-04-01,2011-11-24,7,2,5450.96,16,5,4,5,545,14,Champions
14732,2009-12-09,2011-12-01,19,5,5447.52,9,5,5,5,555,15,Champions
13593,2010-03-02,2011-08-23,14,2,5444.81,109,3,5,5,355,13,Loyal
13769,2009-12-16,2011-12-07,20,9,5444.33,3,5,5,5,555,15,Champions
17069,2009-12-03,2011-11-11,14,7,5441.35,29,4,5,5,455,14,Champions
17685,2010-02-11,2011-11-23,12,2,5439.95,17,5,5,5,555,15,Champions
17512,2009-12-10,2011-11-11,18,2,5432.27,29,4,5,5,455,14,Champions
12664,2009-12-13,2011-12-01,11,0,5420.04,9,5,5,5,555,15,Champions
12378,2010-05-26,2011-08-02,2,0,5416.32,130,3,2,5,325,10,Hibernating
14249,2010-01-29,2010-10-25,12,0,5400.46,411,1,5,5,155,11,At Risk - High Value
13115,2010-02-17,2011-11-28,10,13,5379.45,12,5,5,5,555,15,Champions
16607,2010-04-29,2011-11-22,25,4,5375.18,18,5,5,5,555,15,Champions
14626,2009-12-10,2011-11-16,11,4,5374.77,24,4,5,5,455,14,Champions
17719,2011-03-29,2011-11-02,15,3,5367.80,38,4,5,5,455,14,Champions
17863,2010-02-25,2011-10-11,12,0,5360.48,60,3,5,5,355,13,Loyal
13362,2010-10-10,2011-11-30,7,3,5357.57,10,5,4,5,545,14,Champions
15641,2009-12-06,2011-08-26,12,0,5345.55,106,3,5,5,355,13,Loyal
14459,2010-02-26,2011-07-07,2,1,5339.14,156,3,2,5,325,10,Hibernating
16008,2010-03-19,2011-11-16,15,0,5339.13,24,4,5,5,455,14,Champions
13520,2009-12-17,2011-10-12,11,3,5337.25,59,3,5,5,355,13,Loyal
17584,2010-01-25,2011-12-02,6,1,5294.42,8,5,4,5,545,14,Champions
13842,2010-02-16,2011-10-12,18,1,5294.39,59,3,5,5,355,13,Loyal
15628,2009-12-13,2011-12-05,17,4,5284.18,5,5,5,5,555,15,Champions
14442,2010-01-18,2011-05-19,7,5,5272.02,205,2,4,5,245,11,At Risk - High Value
15514,2009-12-04,2011-11-27,18,2,5272.01,13,5,5,5,555,15,Champions
17204,2010-06-10,2011-06-17,9,6,5263.69,176,3,5,5,355,13,Loyal
15394,2009-12-15,2011-11-30,11,2,5251.40,10,5,5,5,555,15,Champions
13931,2009-12-03,2011-09-05,11,1,5250.78,96,3,5,5,355,13,Loyal
13975,2010-02-02,2011-11-08,12,2,5224.85,32,4,5,5,455,14,Champions
13014,2010-10-03,2011-11-29,11,7,5220.83,11,5,5,5,555,15,Champions
15152,2010-01-07,2011-11-30,14,3,5202.38,10,5,5,5,555,15,Champions
16393,2009-12-01,2011-12-07,23,7,5192.61,3,5,5,5,555,15,Champions
12615,2009-12-01,2011-12-07,8,3,5186.88,3,5,4,5,545,14,Champions
15812,2009-12-15,2011-08-24,12,1,5186.17,108,3,5,5,355,13,Loyal
13763,2010-09-30,2011-10-07,3,3,5181.99,64,3,3,5,335,11,Needs Attention
17612,2009-12-08,2011-10-17,18,13,5168.28,54,4,5,5,455,14,Champions
15527,2009-12-15,2011-11-21,23,7,5166.04,19,5,5,5,555,15,Champions
17157,2009-12-04,2011-12-02,19,1,5139.45,8,5,5,5,555,15,Champions
17838,2010-03-19,2011-11-13,13,2,5134.49,27,4,5,5,455,14,Champions
14930,2010-04-12,2011-08-23,6,3,5126.74,109,3,4,5,345,12,Loyal
16308,2009-12-15,2011-11-02,7,0,5120.00,38,4,4,5,445,13,Champions
17061,2011-04-21,2011-09-27,11,1,5116.13,74,3,5,5,355,13,Loyal
13107,2009-12-08,2011-10-26,9,6,5109.62,45,4,5,5,455,14,Champions
15722,2010-03-09,2011-11-04,11,4,5107.85,36,4,5,5,455,14,Champions
18198,2011-01-07,2011-12-05,17,4,5083.06,5,5,5,5,555,15,Champions
17663,2009-12-03,2011-11-14,17,6,5081.04,26,4,5,5,455,14,Champions
12633,2010-07-02,2011-10-12,7,3,5073.21,59,3,4,5,345,12,Loyal
14713,2009-12-03,2011-11-30,21,4,5068.96,10,5,5,5,555,15,Champions
15796,2009-12-01,2011-12-08,17,4,5066.33,2,5,5,5,555,15,Champions
15443,2010-03-07,2011-12-08,14,2,5054.44,2,5,5,5,555,15,Champions
16153,2010-05-26,2011-10-21,11,2,5047.09,50,4,5,5,455,14,Champions
16931,2010-11-07,2011-12-04,23,0,5032.22,6,5,5,5,555,15,Champions
17861,2009-12-10,2011-12-06,18,4,5025.19,4,5,5,5,555,15,Champions
15367,2009-12-10,2011-10-13,11,2,5005.73,58,4,5,5,455,14,Champions
17084,2010-11-08,2011-11-04,3,1,4997.96,36,4,3,5,435,12,Hibernating
14493,2010-03-08,2011-12-02,10,4,4993.76,8,5,5,5,555,15,Champions
14546,2009-12-06,2011-12-04,11,9,4987.97,6,5,5,5,555,15,Champions
17758,2010-05-20,2011-11-20,12,0,4964.03,20,4,5,5,455,14,Champions
17469,2009-12-16,2011-11-23,17,5,4958.34,17,5,5,5,555,15,Champions
14639,2010-02-16,2011-10-18,9,2,4946.81,53,4,5,5,455,14,Champions
14209,2009-12-07,2011-11-29,15,4,4937.37,11,5,5,5,555,15,Champions
15898,2009-12-11,2011-12-08,25,4,4930.75,2,5,5,5,555,15,Champions
17346,2010-04-18,2011-12-06,26,1,4926.43,4,5,5,5,555,15,Champions
15971,2009-12-08,2011-11-22,18,2,4925.48,18,5,5,5,555,15,Champions
12347,2010-10-31,2011-12-07,8,0,4921.53,3,5,4,5,545,14,Champions
13198,2010-10-01,2011-11-29,8,4,4912.28,11,5,4,5,545,14,Champions
18144,2009-12-16,2011-12-02,19,0,4892.95,8,5,5,5,555,15,Champions
15332,2010-07-14,2010-12-08,6,0,4892.68,367,2,4,5,245,11,At Risk - High Value
12727,2010-02-23,2011-11-29,10,1,4890.53,11,5,5,5,555,15,Champions
16986,2010-02-04,2011-11-10,11,0,4888.75,30,4,5,5,455,14,Champions
12688,2011-08-18,2011-08-18,1,0,4873.81,114,3,1,5,315,9,Hibernating
12594,2010-03-03,2011-11-02,14,1,4862.51,38,4,5,5,455,14,Champions
16686,2009-12-06,2011-10-23,16,2,4861.72,48,4,5,5,455,14,Champions
14107,2009-12-09,2011-10-19,11,2,4853.70,52,4,5,5,455,14,Champions
17449,2009-12-09,2011-12-07,13,1,4849.15,3,5,5,5,555,15,Champions
17059,2010-01-26,2011-11-10,9,1,4846.87,30,4,5,5,455,14,Champions
13562,2010-01-14,2011-09-19,8,0,4838.18,82,3,4,5,345,12,Loyal
16919,2010-08-19,2011-07-06,24,4,4837.56,157,3,5,5,355,13,Loyal
13044,2010-01-08,2011-02-21,11,2,4818.35,292,2,5,5,255,12,At Risk - High Value
13875,2009-12-17,2011-10-17,14,0,4814.37,54,4,5,5,455,14,Champions
17802,2009-12-13,2011-09-18,10,6,4808.94,83,3,5,5,355,13,Loyal
13021,2009-12-05,2011-12-05,17,7,4806.66,5,5,5,5,555,15,Champions
15379,2010-11-04,2011-06-23,8,1,4806.44,170,3,4,5,345,12,Loyal
12480,2010-07-20,2011-11-11,7,1,4805.10,29,4,4,5,445,13,Champions
13495,2009-12-07,2011-12-02,10,3,4790.41,8,5,5,5,555,15,Champions
17519,2009-12-01,2011-11-22,15,1,4769.22,18,5,5,5,555,15,Champions
17213,2009-12-08,2011-10-30,13,7,4766.03,41,4,5,5,455,14,Champions
15529,2010-11-10,2011-11-17,12,1,4753.66,23,4,5,5,455,14,Champions
14081,2009-12-10,2011-02-10,10,6,4747.52,303,2,5,5,255,12,At Risk - High Value
17652,2011-03-03,2011-11-14,12,6,4737.13,26,4,5,5,455,14,Champions
12955,2011-03-17,2011-12-08,11,3,4734.26,2,5,5,5,555,15,Champions
15606,2010-03-02,2011-10-09,17,2,4733.47,62,3,5,5,355,13,Loyal
17082,2009-12-15,2011-11-06,6,0,4732.03,34,4,4,5,445,13,Champions
14191,2009-12-11,2011-12-08,15,2,4713.41,2,5,5,5,555,15,Champions
13988,2010-03-24,2011-11-20,8,3,4708.64,20,4,4,5,445,13,Champions
13659,2010-02-17,2011-05-18,12,5,4706.43,206,2,5,5,255,12,At Risk - High Value
14825,2010-04-06,2011-12-06,24,3,4696.28,4,5,5,5,555,15,Champions
15410,2010-04-19,2011-09-16,10,0,4685.72,85,3,5,5,355,13,Loyal
17829,2010-02-22,2011-02-14,5,1,4680.42,299,2,4,5,245,11,At Risk - High Value
16905,2009-12-10,2011-12-04,17,3,4674.62,6,5,5,5,555,15,Champions
13329,2009-12-04,2011-11-08,8,6,4672.82,32,4,4,5,445,13,Champions
14235,2010-03-30,2011-09-25,9,1,4666.99,76,3,5,5,355,13,Loyal
12362,2011-02-17,2011-12-06,10,3,4665.58,4,5,5,5,555,15,Champions
15485,2009-12-01,2011-11-09,7,1,4663.92,31,4,4,5,445,13,Champions
16904,2010-10-24,2011-12-05,20,0,4656.56,5,5,5,5,555,15,Champions
15123,2010-03-16,2011-12-02,5,0,4656.17,8,5,4,5,545,14,Champions
15187,2011-05-11,2011-12-08,15,2,4655.08,2,5,5,5,555,15,Champions
13124,2010-11-19,2011-09-11,4,0,4641.66,90,3,3,5,335,11,Needs Attention
12625,2010-04-22,2011-05-12,4,1,4627.38,212,2,3,5,235,10,At Risk
17400,2009-12-17,2011-08-05,8,0,4623.28,127,3,4,5,345,12,Loyal
15484,2009-12-05,2011-12-08,6,1,4620.90,2,5,4,5,545,14,Champions
12759,2009-12-04,2011-10-18,8,0,4618.74,53,4,4,5,445,13,Champions
18097,2009-12-17,2011-12-02,11,3,4616.77,8,5,5,5,555,15,Champions
15245,2010-04-23,2011-07-28,8,0,4610.84,135,3,4,5,345,12,Loyal
16326,2010-01-28,2011-12-04,24,1,4601.25,6,5,5,5,555,15,Champions
13971,2010-01-26,2011-11-21,14,4,4593.83,19,5,5,5,555,15,Champions
17402,2009-12-16,2011-12-05,22,3,4566.41,5,5,5,5,555,15,Champions
15416,2010-02-01,2011-10-06,7,1,4562.87,65,3,4,5,345,12,Loyal
17508,2009-12-07,2011-03-04,8,1,4546.78,281,2,4,5,245,11,At Risk - High Value
13571,2009-12-08,2011-11-27,26,0,4537.26,13,5,5,5,555,15,Champions
12700,2011-05-08,2011-12-02,4,0,4525.99,8,5,3,5,535,13,Hibernating
17567,2010-09-24,2011-12-02,9,2,4519.16,8,5,5,5,555,15,Champions
17442,2010-02-15,2011-11-03,15,8,4517.70,37,4,5,5,455,14,Champions
13851,2010-01-29,2011-09-05,8,1,4516.76,96,3,4,5,345,12,Loyal
17314,2009-12-03,2011-11-15,17,5,4514.70,25,4,5,5,455,14,Champions
17308,2010-09-13,2010-11-11,2,0,4511.76,394,2,2,5,225,9,Cannot Lose Them
16143,2009-12-10,2011-12-06,12,4,4511.13,4,5,5,5,555,15,Champions
13527,2010-01-21,2011-11-06,12,2,4507.59,34,4,5,5,455,14,Champions
13958,2009-12-05,2010-11-25,8,4,4504.78,380,2,4,5,245,11,At Risk - High Value
17613,2011-02-07,2011-11-17,14,3,4494.77,23,4,5,5,455,14,Champions
18257,2010-02-18,2011-10-31,12,5,4490.45,40,4,5,5,455,14,Champions
13510,2009-12-14,2011-12-08,11,6,4488.39,2,5,5,5,555,15,Champions
14032,2009-12-14,2011-12-07,16,9,4482.21,3,5,5,5,555,15,Champions
17596,2009-12-15,2011-11-16,13,1,4478.11,24,4,5,5,455,14,Champions
13491,2009-12-07,2011-10-19,27,0,4467.66,52,4,5,5,455,14,Champions
15271,2010-08-05,2011-12-02,24,2,4458.29,8,5,5,5,555,15,Champions
16255,2010-01-24,2011-11-23,15,4,4457.59,17,5,5,5,555,15,Champions
12916,2010-01-24,2011-07-24,7,1,4455.93,139,3,4,5,345,12,Loyal
15764,2010-08-18,2011-09-12,8,6,4453.28,89,3,4,5,345,12,Loyal
17220,2010-01-20,2011-11-15,21,0,4451.41,25,4,5,5,455,14,Champions
15122,2010-03-30,2011-08-17,11,5,4451.22,115,3,5,5,355,13,Loyal
18069,2010-02-28,2011-11-13,11,2,4434.17,27,4,5,5,455,14,Champions
13634,2010-01-10,2011-11-06,15,1,4434.16,34,4,5,5,455,14,Champions
13435,2010-07-27,2011-12-04,9,2,4431.93,6,5,5,5,555,15,Champions
18093,2010-03-31,2011-09-07,8,1,4429.61,94,3,4,5,345,12,Loyal
14625,2009-12-11,2011-05-27,11,7,4429.18,197,2,5,5,255,12,At Risk - High Value
14341,2009-12-01,2011-10-25,18,2,4428.17,46,4,5,5,455,14,Champions
18064,2010-02-01,2011-07-29,11,4,4427.98,134,3,5,5,355,13,Loyal
14441,2010-01-18,2011-12-09,11,7,4426.99,1,5,5,5,555,15,Champions
12562,2010-09-30,2011-12-01,9,0,4426.92,9,5,5,5,555,15,Champions
14701,2010-01-24,2011-11-29,15,3,4423.96,11,5,5,5,555,15,Champions
16546,2010-09-23,2011-02-22,5,2,4421.04,291,2,4,5,245,11,At Risk - High Value
16912,2009-12-09,2011-11-11,15,3,4420.86,29,4,5,5,455,14,Champions
17138,2010-02-04,2011-03-09,7,0,4417.27,276,2,4,5,245,11,At Risk - High Value
16563,2009-12-01,2011-10-17,6,1,4402.36,54,4,4,5,445,13,Champions
15203,2009-12-08,2011-11-14,15,0,4400.18,26,4,5,5,455,14,Champions
17754,2009-12-11,2011-12-09,13,3,4383.08,1,5,5,5,555,15,Champions
12708,2009-12-18,2011-11-10,18,11,4381.72,30,4,5,5,455,14,Champions
16626,2011-03-18,2011-12-09,17,3,4379.65,1,5,5,5,555,15,Champions
14514,2009-12-13,2011-10-09,9,1,4375.79,62,3,5,5,355,13,Loyal
14648,2009-12-10,2010-10-19,15,4,4374.74,417,1,5,5,155,11,At Risk - High Value
12752,2011-09-19,2011-09-19,1,0,4366.78,82,3,1,5,315,9,Hibernating
17188,2009-12-08,2011-11-28,13,4,4361.83,12,5,5,5,555,15,Champions
12432,2011-06-20,2011-10-28,4,0,4359.32,43,4,3,5,435,12,Hibernating
13297,2010-06-15,2011-12-02,7,1,4352.67,8,5,4,5,545,14,Champions
15581,2009-12-02,2011-07-06,34,3,4350.06,157,3,5,5,355,13,Loyal
17050,2010-01-26,2011-09-04,10,0,4348.46,97,3,5,5,355,13,Loyal
18272,2010-03-04,2011-12-07,9,2,4347.33,3,5,5,5,555,15,Champions
12600,2009-12-07,2011-11-11,20,2,4343.60,29,4,5,5,455,14,Champions
12917,2009-12-09,2011-08-03,6,2,4329.50,129,3,4,5,345,12,Loyal
15240,2009-12-05,2011-10-26,12,7,4327.51,45,4,5,5,455,14,Champions
13523,2010-11-02,2011-11-06,6,1,4325.07,34,4,4,5,445,13,Champions
12928,2010-06-08,2011-11-04,12,0,4304.89,36,4,5,5,455,14,Champions
14211,2009-12-09,2011-10-17,18,8,4301.69,54,4,5,5,455,14,Champions
17937,2010-12-12,2011-12-01,7,0,4301.22,9,5,4,5,545,14,Champions
13880,2010-05-26,2011-11-18,17,0,4293.86,22,4,5,5,455,14,Champions
14334,2010-05-20,2011-11-23,12,2,4292.98,17,5,5,5,555,15,Champions
16125,2009-12-14,2010-12-07,14,0,4292.35,368,2,5,5,255,12,At Risk - High Value
17191,2009-12-01,2011-11-11,15,1,4284.84,29,4,5,5,455,14,Champions
14854,2010-01-22,2011-09-22,11,3,4282.37,79,3,5,5,355,13,Loyal
14307,2009-12-07,2011-09-12,10,1,4279.97,89,3,5,5,355,13,Loyal
16081,2010-02-03,2011-10-14,8,0,4278.96,57,4,4,5,445,13,Champions
12449,2010-09-27,2011-11-17,5,0,4274.89,23,4,4,5,445,13,Champions
15845,2010-01-26,2011-11-22,11,3,4273.65,18,5,5,5,555,15,Champions
14466,2009-12-13,2011-11-10,13,0,4267.15,30,4,5,5,455,14,Champions
17372,2009-12-03,2011-10-30,27,3,4264.33,41,4,5,5,455,14,Champions
16283,2010-02-28,2011-12-04,8,4,4256.17,6,5,4,5,545,14,Champions
16118,2010-02-25,2010-02-25,1,4,4255.43,653,1,1,5,115,7,Cannot Lose Them
16293,2009-12-11,2011-11-18,15,4,4253.45,22,4,5,5,455,14,Champions
17930,2010-03-04,2011-11-04,13,2,4242.92,36,4,5,5,455,14,Champions
14685,2009-12-13,2010-05-12,8,5,4241.16,577,1,4,5,145,10,At Risk - High Value
14001,2010-08-03,2011-10-25,9,0,4228.85,46,4,5,5,455,14,Champions
16712,2010-11-03,2011-11-30,13,0,4225.22,10,5,5,5,555,15,Champions
14290,2009-12-08,2011-11-28,8,6,4221.43,12,5,4,5,545,14,Champions
12395,2010-04-16,2011-11-20,15,3,4220.82,20,4,5,5,455,14,Champions
17728,2010-09-12,2011-12-06,5,2,4206.16,4,5,4,5,545,14,Champions
18079,2010-08-05,2011-10-25,5,0,4203.93,46,4,4,5,445,13,Champions
14239,2009-12-05,2011-10-27,21,3,4203.72,44,4,5,5,455,14,Champions
13911,2010-03-01,2011-10-13,20,2,4200.04,58,4,5,5,455,14,Champions
18230,2010-07-02,2011-11-30,9,3,4197.46,10,5,5,5,555,15,Champions
17412,2009-12-02,2011-12-07,16,3,4187.68,3,5,5,5,555,15,Champions
12935,2010-04-11,2011-12-07,15,4,4182.01,3,5,5,5,555,15,Champions
16072,2010-06-08,2011-02-24,4,0,4180.09,289,2,3,5,235,10,At Risk
15861,2010-01-28,2011-11-27,12,3,4177.10,13,5,5,5,555,15,Champions
14868,2010-10-15,2011-12-06,12,1,4170.06,4,5,5,5,555,15,Champions
16743,2010-04-22,2011-11-10,14,1,4165.90,30,4,5,5,455,14,Champions
12757,2011-05-12,2011-11-24,9,1,4161.75,16,5,5,5,555,15,Champions
12653,2010-07-01,2011-07-14,3,0,4160.83,149,3,3,5,335,11,Needs Attention
16749,2009-12-15,2010-04-27,2,0,4157.88,592,1,2,5,125,8,Cannot Lose Them
15633,2009-12-08,2010-07-18,13,5,4156.91,510,1,5,5,155,11,At Risk - High Value
17673,2010-03-19,2011-12-08,13,2,4156.63,2,5,5,5,555,15,Champions
12536,2011-10-11,2011-10-11,1,1,4151.26,60,3,1,5,315,9,Hibernating
16209,2010-06-11,2011-09-12,9,0,4146.78,89,3,5,5,355,13,Loyal
17738,2010-03-19,2011-11-20,13,2,4145.36,20,4,5,5,455,14,Champions
14482,2010-08-26,2011-11-21,12,2,4141.06,19,5,5,5,555,15,Champions
13461,2010-04-21,2011-11-01,6,2,4138.50,39,4,4,5,445,13,Champions
15002,2010-01-12,2011-08-16,9,0,4138.08,116,3,5,5,355,13,Loyal
18287,2009-12-01,2011-10-28,7,1,4127.89,43,4,4,5,445,13,Champions
13450,2010-04-15,2011-11-13,13,1,4117.54,27,4,5,5,455,14,Champions
14408,2009-12-07,2011-11-29,11,0,4102.27,11,5,5,5,555,15,Champions
12454,2010-10-14,2011-10-14,4,3,4098.96,57,4,3,5,435,12,Hibernating
16477,2010-08-12,2011-10-07,11,0,4094.37,64,3,5,5,355,13,Loyal
14566,2010-06-24,2011-08-21,4,0,4092.00,111,3,3,5,335,11,Needs Attention
16858,2009-12-15,2010-12-06,10,6,4085.74,369,2,5,5,255,12,At Risk - High Value
12444,2011-06-21,2011-11-18,5,0,4085.46,22,4,4,5,445,13,Champions
18194,2010-01-28,2011-09-18,6,1,4084.20,83,3,4,5,345,12,Loyal
12627,2011-07-22,2011-11-29,6,0,4082.53,11,5,4,5,545,14,Champions
15518,2009-12-20,2011-10-06,15,7,4081.59,65,3,5,5,355,13,Loyal
18077,2009-12-07,2011-12-01,18,0,4078.79,9,5,5,5,555,15,Champions
15493,2010-02-23,2011-11-07,9,2,4078.64,33,4,5,5,455,14,Champions
14913,2010-08-11,2011-11-04,8,0,4073.13,36,4,4,5,445,13,Champions
12598,2010-03-01,2011-11-30,10,4,4072.67,10,5,5,5,555,15,Champions
14740,2010-02-25,2011-05-26,11,2,4068.86,198,2,5,5,255,12,At Risk - High Value
16875,2010-01-05,2011-10-03,11,9,4053.20,68,3,5,5,355,13,Loyal
17682,2010-03-08,2011-11-29,11,1,4050.28,11,5,5,5,555,15,Champions
12553,2010-10-12,2011-12-01,12,5,4044.82,9,5,5,5,555,15,Champions
17083,2009-12-11,2011-08-22,9,2,4035.08,110,3,5,5,355,13,Loyal
13421,2010-02-14,2011-10-30,8,3,4033.95,41,4,4,5,445,13,Champions
15050,2010-08-16,2011-11-14,5,2,4032.27,26,4,4,5,445,13,Champions
16571,2010-03-18,2011-11-13,10,7,4025.05,27,4,5,5,455,14,Champions
12840,2010-02-03,2011-07-19,7,4,4013.87,144,3,4,5,345,12,Loyal
16098,2009-12-15,2011-09-13,14,0,4010.70,88,3,5,5,355,13,Loyal
12483,2010-01-31,2011-11-22,19,4,4007.93,18,5,5,5,555,15,Champions
13048,2010-01-27,2011-11-25,9,4,4000.08,15,5,5,5,555,15,Champions
16241,2010-10-25,2011-11-30,16,0,3989.81,10,5,5,5,555,15,Champions
15665,2010-03-14,2011-06-24,5,0,3987.07,169,3,4,5,345,12,Loyal
15782,2009-12-17,2011-11-30,4,2,3985.65,10,5,3,5,535,13,Hibernating
15680,2009-12-02,2011-11-30,10,2,3985.59,10,5,5,5,555,15,Champions
17618,2010-01-24,2011-12-04,11,2,3976.34,6,5,5,5,555,15,Champions
14025,2010-05-05,2010-09-01,8,2,3969.10,465,1,4,5,145,10,At Risk - High Value
16732,2009-12-08,2011-11-08,4,5,3966.79,32,4,3,5,435,12,Hibernating
15572,2010-04-14,2011-12-05,10,0,3965.20,5,5,5,5,555,15,Champions
14277,2009-12-03,2011-11-24,8,5,3959.82,16,5,4,5,545,14,Champions
12370,2010-02-09,2011-10-19,7,0,3956.56,52,4,4,5,445,13,Champions
12578,2010-09-22,2011-11-18,4,3,3956.45,22,4,3,5,435,12,Hibernating
14547,2011-10-16,2011-12-06,8,1,3953.95,4,5,4,5,545,14,Champions
14824,2010-03-12,2011-11-29,10,2,3952.51,11,5,5,5,555,15,Champions
18259,2009-12-08,2011-11-15,7,0,3941.90,25,4,4,5,445,13,Champions
13982,2010-01-20,2011-10-31,9,4,3927.49,40,4,5,5,455,14,Champions
14465,2010-01-07,2011-04-07,11,0,3925.85,247,2,5,5,255,12,At Risk - High Value
13542,2009-12-10,2010-11-28,17,1,3924.09,377,2,5,5,255,12,At Risk - High Value
13895,2009-12-03,2011-11-11,6,2,3923.62,29,4,4,5,445,13,Champions
16771,2009-12-09,2011-11-06,10,0,3921.10,34,4,5,5,455,14,Champions
16455,2010-03-30,2011-10-07,11,2,3917.92,64,3,5,5,355,13,Loyal
15752,2010-09-08,2011-10-31,9,1,3916.46,40,4,5,5,455,14,Champions
15051,2009-12-01,2011-11-16,9,1,3911.91,24,4,5,5,455,14,Champions
15819,2010-03-18,2011-10-21,10,1,3911.28,50,4,5,5,455,14,Champions
12388,2010-05-06,2011-11-24,8,0,3901.11,16,5,4,5,545,14,Champions
14498,2010-06-07,2011-10-28,10,0,3900.83,43,4,5,5,455,14,Champions
15571,2009-12-06,2011-11-28,14,0,3892.35,12,5,5,5,555,15,Champions
17218,2010-01-25,2011-12-05,18,0,3889.39,5,5,5,5,555,15,Champions
17667,2010-02-23,2011-10-04,9,3,3883.80,67,3,5,5,355,13,Loyal
14047,2010-02-01,2011-12-01,14,5,3881.11,9,5,5,5,555,15,Champions
12523,2009-12-02,2011-11-20,23,7,3877.05,20,4,5,5,455,14,Champions
17406,2009-12-06,2011-01-10,13,5,3874.00,334,2,5,5,255,12,At Risk - High Value
16218,2010-05-27,2011-11-10,13,6,3872.30,30,4,5,5,455,14,Champions
15195,2011-12-07,2011-12-07,1,0,3861.00,3,5,1,5,515,11,New / Promising
12408,2010-07-29,2011-11-07,8,5,3859.64,33,4,4,5,445,13,Champions
16440,2010-08-03,2011-12-02,6,0,3856.97,8,5,4,5,545,14,Champions
16791,2009-12-03,2011-11-10,15,3,3852.31,30,4,5,5,455,14,Champions
15067,2010-04-11,2011-09-22,5,1,3850.13,79,3,4,5,345,12,Loyal
15804,2011-05-25,2011-12-09,13,6,3848.55,1,5,5,5,555,15,Champions
18073,2011-05-26,2011-08-17,12,1,3846.74,115,3,5,5,355,13,Loyal
17646,2009-12-16,2011-05-04,12,4,3843.16,220,2,5,5,255,12,At Risk - High Value
13037,2009-12-03,2011-07-24,12,4,3842.55,139,3,5,5,355,13,Loyal
16841,2010-01-12,2011-11-03,12,2,3841.16,37,4,5,5,455,14,Champions
15708,2010-10-10,2011-10-30,9,5,3840.73,41,4,5,5,455,14,Champions
14655,2010-04-22,2011-12-01,7,4,3836.73,9,5,4,5,545,14,Champions
13995,2009-12-18,2011-11-24,14,4,3836.26,16,5,5,5,555,15,Champions
13213,2010-05-20,2011-10-14,11,3,3834.62,57,4,5,5,455,14,Champions
14532,2010-01-10,2011-04-17,11,1,3833.03,237,2,5,5,255,12,At Risk - High Value
16341,2010-04-09,2011-11-15,7,3,3832.29,25,4,4,5,445,13,Champions
17287,2009-12-03,2011-11-13,21,2,3810.61,27,4,5,5,455,14,Champions
14878,2010-02-21,2011-11-27,25,2,3807.10,13,5,5,5,555,15,Champions
15421,2009-12-07,2011-10-12,10,0,3805.34,59,3,5,5,355,13,Loyal
13481,2009-12-04,2011-10-25,11,3,3803.09,46,4,5,5,455,14,Champions
16636,2010-03-03,2010-09-27,4,0,3802.04,439,1,3,5,135,9,At Risk
13357,2010-03-22,2011-03-27,5,0,3795.01,258,2,4,5,245,11,At Risk - High Value
15365,2010-02-04,2011-11-14,13,1,3791.98,26,4,5,5,455,14,Champions
12782,2010-07-08,2011-12-05,11,3,3770.04,5,5,5,5,555,15,Champions
16150,2009-12-01,2011-10-28,10,10,3761.27,43,4,5,5,455,14,Champions
17553,2010-04-08,2011-08-02,4,0,3757.60,130,3,3,5,335,11,Needs Attention
17173,2011-07-31,2011-12-04,8,1,3755.65,6,5,4,5,545,14,Champions
17293,2009-12-03,2011-12-01,17,0,3750.63,9,5,5,5,555,15,Champions
16128,2009-12-01,2011-11-22,11,3,3748.40,18,5,5,5,555,15,Champions
14309,2010-06-07,2011-12-01,11,1,3747.96,9,5,5,5,555,15,Champions
12876,2010-04-28,2011-10-13,4,1,3738.59,58,4,3,5,435,12,Hibernating
15696,2010-01-24,2011-11-06,13,8,3732.12,34,4,5,5,455,14,Champions
17071,2010-01-24,2011-11-11,13,7,3730.96,29,4,5,5,455,14,Champions
17211,2009-12-13,2011-11-13,13,2,3728.80,27,4,5,5,455,14,Champions
12853,2010-02-05,2011-07-28,11,5,3728.50,135,3,5,5,355,13,Loyal
14364,2011-05-12,2011-08-23,8,0,3717.35,109,3,4,5,345,12,Loyal
15370,2010-10-25,2011-10-30,8,1,3713.51,41,4,4,5,445,13,Champions
15288,2010-02-12,2011-10-27,10,0,3706.53,44,4,5,5,455,14,Champions
15494,2009-12-10,2011-11-18,5,0,3702.60,22,4,4,5,445,13,Champions
14540,2009-12-07,2011-11-30,11,1,3699.74,10,5,5,5,555,15,Champions
17954,2009-12-09,2011-12-04,19,7,3697.19,6,5,5,5,555,15,Champions
16240,2011-09-23,2011-11-15,2,3,3693.81,25,4,2,5,425,11,New / Promising
14515,2010-06-07,2011-11-22,12,3,3693.70,18,5,5,5,555,15,Champions
12726,2010-03-25,2011-11-11,11,0,3690.60,29,4,5,5,455,14,Champions
12857,2010-01-25,2011-05-13,6,1,3684.25,211,2,4,5,245,11,At Risk - High Value
14565,2010-08-23,2011-09-05,5,2,3683.87,96,3,4,5,345,12,Loyal
13126,2010-03-02,2011-12-05,13,6,3679.03,5,5,5,5,555,15,Champions
16928,2010-02-03,2011-09-20,26,4,3678.43,81,3,5,5,355,13,Loyal
15704,2010-05-05,2011-07-22,6,1,3663.86,141,3,4,5,345,12,Loyal
12349,2009-12-04,2011-11-21,3,1,3654.54,19,5,3,5,535,13,Hibernating
15532,2010-06-08,2011-11-14,10,2,3653.35,26,4,5,5,455,14,Champions
14744,2010-05-18,2011-11-23,14,2,3648.63,17,5,5,5,555,15,Champions
15255,2009-12-03,2011-10-04,9,2,3647.37,67,3,5,5,355,13,Loyal
16466,2010-03-07,2011-11-06,15,1,3642.09,34,4,5,5,455,14,Champions
12422,2009-12-18,2011-09-05,12,0,3639.35,96,3,5,5,355,13,Loyal
13632,2010-04-07,2011-11-15,8,2,3632.36,25,4,4,5,445,13,Champions
16748,2009-12-10,2011-11-22,14,1,3632.29,18,5,5,5,555,15,Champions
14649,2010-01-20,2011-12-05,9,2,3630.04,5,5,5,5,555,15,Champions
17096,2010-06-02,2011-11-24,11,6,3629.58,16,5,5,5,555,15,Champions
14770,2010-02-25,2011-04-21,8,1,3624.89,233,2,4,5,245,11,At Risk - High Value
13305,2010-03-10,2011-12-05,16,0,3616.41,5,5,5,5,555,15,Champions
13446,2010-02-14,2010-10-05,11,7,3613.27,431,1,5,5,155,11,At Risk - High Value
15834,2010-10-11,2011-09-30,7,2,3613.04,71,3,4,5,345,12,Loyal
12360,2010-02-22,2011-10-18,6,0,3612.89,53,4,4,5,445,13,Champions
16053,2010-04-08,2011-11-07,6,2,3606.14,33,4,4,5,445,13,Champions
18242,2010-01-11,2011-09-28,8,0,3605.21,73,3,4,5,345,12,Loyal
14593,2009-12-09,2011-11-18,12,5,3602.31,22,4,5,5,455,14,Champions
16094,2009-12-11,2011-11-28,11,8,3599.16,12,5,5,5,555,15,Champions
16503,2010-06-21,2011-08-25,11,2,3597.89,107,3,5,5,355,13,Loyal
14970,2010-02-14,2011-10-02,12,4,3593.40,69,3,5,5,355,13,Loyal
15480,2010-02-01,2011-08-15,3,0,3592.25,117,3,3,5,335,11,Needs Attention
15569,2010-02-28,2011-08-28,10,0,3583.45,104,3,5,5,355,13,Loyal
14132,2011-06-09,2011-12-07,11,1,3580.13,3,5,5,5,555,15,Champions
14857,2010-03-15,2011-10-11,7,3,3578.93,60,3,4,5,345,12,Loyal
17063,2009-12-01,2011-11-18,13,10,3576.88,22,4,5,5,455,14,Champions
13750,2010-04-01,2011-10-17,11,2,3563.60,54,4,5,5,455,14,Champions
15024,2010-10-11,2011-11-30,16,0,3559.39,10,5,5,5,555,15,Champions
16444,2010-03-24,2011-10-24,17,3,3558.63,47,4,5,5,455,14,Champions
12721,2010-08-25,2011-11-08,8,2,3555.83,32,4,4,5,445,13,Champions
14737,2010-11-04,2011-12-06,4,0,3554.17,4,5,3,5,535,13,Hibernating
15079,2009-12-08,2011-05-11,11,6,3546.75,213,2,5,5,255,12,At Risk - High Value
14503,2011-06-14,2011-12-06,6,0,3543.26,4,5,4,5,545,14,Champions
15791,2010-03-08,2011-10-27,5,4,3541.79,44,4,4,5,445,13,Champions
17528,2011-09-29,2011-12-08,8,3,3540.10,2,5,4,5,545,14,Champions
14817,2009-12-08,2011-05-23,7,2,3539.21,201,2,4,5,245,11,At Risk - High Value
17659,2010-11-18,2011-11-22,14,3,3536.33,18,5,5,5,555,15,Champions
17019,2009-12-02,2011-11-28,11,2,3526.29,12,5,5,5,555,15,Champions
17848,2009-12-06,2011-09-19,30,1,3525.71,82,3,5,5,355,13,Loyal
13505,2011-04-21,2011-09-28,4,4,3522.88,73,3,3,5,335,11,Needs Attention
16336,2010-03-18,2010-10-15,4,0,3517.69,421,1,3,5,135,9,At Risk
15858,2009-12-10,2011-11-24,13,2,3509.91,16,5,5,5,555,15,Champions
18044,2010-05-28,2011-12-05,18,1,3502.66,5,5,5,5,555,15,Champions
15505,2011-07-07,2011-10-18,5,2,3497.14,53,4,4,5,445,13,Champions
17311,2010-02-03,2011-09-22,6,1,3490.66,79,3,4,5,345,12,Loyal
16950,2010-01-24,2011-10-14,10,1,3482.59,57,4,5,5,455,14,Champions
15306,2010-02-18,2011-10-06,9,1,3480.98,65,3,5,5,355,13,Loyal
16983,2010-09-19,2011-11-27,11,1,3479.48,13,5,5,5,555,15,Champions
17722,2010-11-29,2011-09-04,5,2,3476.82,97,3,4,5,345,12,Loyal
16325,2009-12-04,2011-10-24,12,5,3470.90,47,4,5,5,455,14,Champions
15712,2009-12-01,2011-11-30,12,1,3467.46,10,5,5,5,555,15,Champions
17526,2009-12-17,2011-12-05,12,4,3450.04,5,5,5,5,555,15,Champions
12358,2009-12-08,2011-12-08,5,0,3447.07,2,5,4,5,545,14,Champions
14640,2010-01-22,2011-11-15,10,6,3446.33,25,4,5,5,455,14,Champions
14837,2010-01-24,2011-09-11,9,3,3445.82,90,3,5,5,355,13,Loyal
13734,2010-04-16,2010-07-19,4,2,3445.34,509,1,3,5,135,9,At Risk
13536,2011-09-25,2011-12-08,7,0,3444.39,2,5,4,5,545,14,Champions
13849,2010-03-25,2011-10-19,5,1,3443.80,52,4,4,5,445,13,Champions
16208,2010-02-24,2011-10-26,10,0,3440.45,45,4,5,5,455,14,Champions
16395,2009-12-06,2011-10-10,14,3,3438.66,61,3,5,5,355,13,Loyal
15974,2011-02-24,2011-10-31,7,1,3429.55,40,4,4,5,445,13,Champions
12670,2010-02-11,2011-11-29,7,1,3426.39,11,5,4,5,545,14,Champions
17597,2010-05-05,2011-05-10,5,2,3425.29,214,2,4,5,245,11,At Risk - High Value
17913,2009-12-03,2011-10-12,14,0,3425.09,59,3,5,5,355,13,Loyal
17876,2010-02-02,2010-11-05,3,0,3424.02,400,2,3,5,235,10,At Risk
13313,2009-12-02,2011-11-17,12,3,3423.27,23,4,5,5,455,14,Champions
16281,2010-01-26,2011-09-28,3,1,3416.52,73,3,3,5,335,11,Needs Attention
15222,2009-12-16,2011-01-25,11,6,3415.66,319,2,5,5,255,12,At Risk - High Value
16347,2010-03-12,2011-11-28,11,2,3415.56,12,5,5,5,555,15,Champions
13437,2011-06-02,2011-11-25,7,0,3408.06,15,5,4,5,545,14,Champions
14653,2009-12-02,2011-12-08,11,0,3404.80,2,5,5,5,555,15,Champions
15114,2010-10-14,2011-11-09,12,0,3400.12,31,4,5,5,455,14,Champions
15059,2009-12-06,2011-10-30,19,8,3394.45,41,4,5,5,455,14,Champions
17723,2010-11-29,2011-08-04,7,0,3378.40,128,3,4,5,345,12,Loyal
17307,2010-01-19,2010-11-09,11,4,3378.31,396,2,5,5,255,12,At Risk - High Value
13135,2010-08-05,2011-05-27,2,0,3371.45,197,2,2,5,225,9,Cannot Lose Them
17725,2011-03-17,2011-11-23,11,3,3371.13,17,5,5,5,555,15,Champions
13707,2010-06-21,2011-03-17,5,0,3365.86,268,2,4,5,245,11,At Risk - High Value
13285,2010-03-25,2011-11-16,6,0,3364.59,24,4,4,5,445,13,Champions
16719,2009-12-13,2011-11-25,14,3,3363.87,15,5,5,5,555,15,Champions
13425,2010-05-09,2011-08-23,5,3,3362.73,109,3,4,5,345,12,Loyal
16271,2010-03-07,2011-11-24,8,1,3361.87,16,5,4,5,545,14,Champions
13823,2009-12-15,2011-11-21,7,1,3358.55,19,5,4,5,545,14,Champions
15058,2010-02-24,2011-11-14,16,1,3354.73,26,4,5,5,455,14,Champions
18168,2009-12-03,2011-06-16,16,6,3352.30,177,3,5,5,355,13,Loyal
16360,2011-09-12,2011-12-05,6,2,3349.57,5,5,4,5,545,14,Champions
12371,2010-03-04,2011-10-11,4,0,3347.38,60,3,3,5,335,11,Needs Attention
13577,2009-12-14,2011-11-14,11,3,3346.62,26,4,5,5,455,14,Champions
15369,2009-12-08,2010-08-04,11,1,3346.43,493,1,5,5,155,11,At Risk - High Value
15265,2009-12-01,2011-07-11,4,0,3345.64,152,3,3,5,335,11,Needs Attention
15811,2010-11-16,2011-11-17,7,3,3345.25,23,4,4,5,445,13,Champions
14882,2010-03-30,2011-11-13,14,1,3345.05,27,4,5,5,455,14,Champions
17422,2010-06-23,2011-11-23,11,9,3341.65,17,5,5,5,555,15,Champions
15113,2011-10-16,2011-11-30,3,1,3339.12,10,5,3,5,535,13,Hibernating
14776,2010-09-19,2011-10-19,15,4,3339.02,52,4,5,5,455,14,Champions
12530,2010-03-07,2011-10-11,9,2,3329.86,60,3,5,5,355,13,Loyal
15676,2011-03-01,2011-11-21,3,2,3324.09,19,5,3,5,535,13,Hibernating
15351,2010-10-03,2011-11-27,10,5,3320.50,13,5,5,5,555,15,Champions
13929,2010-01-14,2011-06-23,11,3,3318.10,170,3,5,5,355,13,Loyal
16818,2011-05-18,2011-11-29,11,2,3317.97,11,5,5,5,555,15,Champions
12623,2010-01-12,2011-03-08,7,0,3315.84,277,2,4,5,245,11,At Risk - High Value
15065,2010-10-25,2011-11-02,5,2,3304.71,38,4,4,5,445,13,Champions
12865,2010-08-20,2011-11-13,4,1,3303.31,27,4,3,5,435,12,Hibernating
18219,2009-12-07,2011-12-07,17,2,3297.20,3,5,5,5,555,15,Champions
15953,2009-12-03,2011-11-24,18,3,3295.49,16,5,5,5,555,15,Champions
13031,2010-06-03,2010-10-28,5,0,3292.84,408,2,4,5,245,11,At Risk - High Value
12631,2010-01-15,2011-10-13,6,1,3292.27,58,4,4,5,445,13,Champions
12424,2009-12-07,2011-06-30,4,3,3289.78,163,3,3,5,335,11,Needs Attention
16539,2010-06-25,2011-12-07,10,0,3289.66,3,5,5,5,555,15,Champions
13431,2010-02-18,2011-10-03,8,1,3289.24,68,3,4,5,345,12,Loyal
17768,2009-12-02,2011-12-01,7,1,3287.78,9,5,4,5,545,14,Champions
17183,2011-08-26,2011-12-02,6,2,3286.91,8,5,4,5,545,14,Champions
14285,2009-12-08,2011-11-18,8,0,3284.42,22,4,4,5,445,13,Champions
13979,2009-12-03,2011-09-27,7,4,3284.23,74,3,4,5,345,12,Loyal
13131,2010-02-09,2011-11-16,7,1,3279.77,24,4,4,5,445,13,Champions
16351,2009-12-04,2011-01-11,13,5,3279.13,333,2,5,5,255,12,At Risk - High Value
12872,2009-12-03,2011-01-17,12,1,3276.81,327,2,5,5,255,12,At Risk - High Value
14409,2010-05-21,2011-09-29,9,1,3276.09,72,3,5,5,355,13,Loyal
13824,2010-03-12,2011-11-07,12,2,3273.36,33,4,5,5,455,14,Champions
15978,2010-03-05,2011-09-23,3,2,3272.62,78,3,3,5,335,11,Needs Attention
17931,2010-02-16,2011-07-28,14,4,3270.91,135,3,5,5,355,13,Loyal
13291,2010-02-11,2011-07-07,11,0,3270.79,156,3,5,5,355,13,Loyal
12377,2010-04-29,2011-01-28,4,0,3266.32,316,2,3,5,235,10,At Risk
13214,2010-03-03,2010-10-18,7,0,3264.23,418,1,4,5,145,10,At Risk - High Value
14608,2009-12-06,2011-12-05,10,1,3263.44,5,5,5,5,555,15,Champions
18188,2010-03-26,2011-11-24,6,2,3263.19,16,5,4,5,545,14,Champions
13611,2009-12-03,2011-09-11,10,4,3259.43,90,3,5,5,355,13,Loyal
17774,2010-02-08,2011-09-04,9,2,3259.39,97,3,5,5,355,13,Loyal
15827,2010-01-08,2011-09-27,28,14,3247.09,74,3,5,5,355,13,Loyal
16612,2009-12-03,2011-11-07,9,1,3243.48,33,4,5,5,455,14,Champions
14898,2009-12-03,2011-11-16,14,4,3242.60,24,4,5,5,455,14,Champions
13246,2010-07-02,2011-11-21,11,3,3242.00,19,5,5,5,555,15,Champions
15356,2010-10-13,2011-11-08,13,0,3239.57,32,4,5,5,455,14,Champions
15140,2010-09-23,2011-10-18,8,1,3239.44,53,4,4,5,445,13,Champions
14215,2009-12-08,2011-11-28,9,1,3238.53,12,5,5,5,555,15,Champions
14669,2009-12-02,2011-04-12,7,0,3216.78,242,2,4,5,245,11,At Risk - High Value
14451,2010-01-17,2011-10-10,12,6,3215.50,61,3,5,5,355,13,Loyal
16107,2011-06-09,2011-11-22,7,0,3204.16,18,5,4,5,545,14,Champions
15625,2010-06-15,2011-08-28,9,5,3203.25,104,3,5,5,355,13,Loyal
16057,2009-12-10,2011-11-23,10,7,3202.07,17,5,5,5,555,15,Champions
12468,2010-01-19,2011-06-05,5,5,3192.55,188,2,4,5,245,11,At Risk - High Value
13868,2011-11-01,2011-12-02,2,0,3192.54,8,5,2,5,525,12,New / Promising
15380,2009-12-01,2011-12-01,11,2,3192.10,9,5,5,5,555,15,Champions
17924,2010-10-21,2011-11-28,8,6,3189.53,12,5,4,5,545,14,Champions
16045,2010-07-29,2011-08-12,8,1,3187.03,120,3,4,5,345,12,Loyal
14533,2010-04-08,2011-11-15,11,4,3185.12,25,4,5,5,455,14,Champions
15057,2009-12-05,2011-03-09,5,1,3184.56,276,2,4,5,245,11,At Risk - High Value
16515,2010-06-17,2011-10-18,10,0,3179.06,53,4,5,5,455,14,Champions
12645,2010-02-09,2011-11-06,8,2,3175.10,34,4,4,5,445,13,Champions
14315,2010-03-15,2011-10-26,8,2,3168.72,45,4,4,5,445,13,Champions
16837,2011-04-08,2011-11-08,11,1,3167.73,32,4,5,5,455,14,Champions
16101,2010-05-27,2011-09-30,4,3,3167.42,71,3,3,5,335,11,Needs Attention
17679,2009-12-03,2011-10-18,7,4,3166.56,53,4,4,5,445,13,Champions
16041,2011-07-21,2011-11-09,3,0,3166.40,31,4,3,5,435,12,Hibernating
12951,2010-01-10,2011-12-01,15,5,3164.42,9,5,5,5,555,15,Champions
12963,2010-07-08,2011-12-01,12,1,3162.59,9,5,5,5,555,15,Champions
13804,2010-09-29,2011-11-09,9,0,3161.12,31,4,5,5,455,14,Champions
16365,2009-12-11,2011-11-22,15,1,3156.94,18,5,5,5,555,15,Champions
12976,2010-02-12,2011-05-12,8,0,3156.38,212,2,4,5,245,11,At Risk - High Value
17353,2010-01-26,2011-08-02,4,3,3155.55,130,3,3,5,335,11,Needs Attention
15632,2011-03-10,2011-11-24,8,2,3147.31,16,5,4,5,545,14,Champions
14306,2010-01-31,2011-10-19,6,1,3141.50,52,4,4,5,445,13,Champions
15095,2010-01-21,2011-08-28,10,1,3135.74,104,3,5,5,355,13,Loyal
17354,2010-10-07,2011-10-20,4,0,3133.96,51,4,3,5,435,12,Hibernating
16918,2009-12-03,2011-10-21,16,3,3131.31,50,4,5,5,455,14,Champions
12569,2011-04-01,2011-12-07,32,1,3128.99,3,5,5,5,555,15,Champions
15199,2010-05-13,2011-10-11,10,0,3122.40,60,3,5,5,355,13,Loyal
13685,2011-10-10,2011-12-07,7,0,3119.44,3,5,4,5,545,14,Champions
13052,2010-02-23,2011-05-11,7,0,3118.48,213,2,4,5,245,11,At Risk - High Value
14963,2010-07-02,2011-11-30,12,1,3117.72,10,5,5,5,555,15,Champions
13786,2009-12-03,2010-12-07,6,1,3112.99,368,2,4,5,245,11,At Risk - High Value
15983,2009-12-06,2011-11-17,8,0,3110.37,23,4,4,5,445,13,Champions
17640,2010-03-23,2011-09-14,6,2,3107.59,87,3,4,5,345,12,Loyal
13268,2011-03-17,2011-11-22,10,4,3105.66,18,5,5,5,555,15,Champions
14217,2010-06-30,2011-12-08,23,10,3105.52,2,5,5,5,555,15,Champions
14507,2009-12-10,2011-11-16,11,3,3104.80,24,4,5,5,455,14,Champions
13538,2010-02-02,2011-10-27,12,0,3103.13,44,4,5,5,455,14,Champions
13397,2010-01-20,2011-09-28,10,3,3103.07,73,3,5,5,355,13,Loyal
14897,2009-12-15,2011-12-02,8,1,3100.74,8,5,4,5,545,14,Champions
13650,2010-01-26,2011-11-23,10,6,3098.50,17,5,5,5,555,15,Champions
12937,2009-12-03,2011-11-24,9,0,3097.61,16,5,5,5,555,15,Champions
15105,2010-03-23,2011-11-21,9,0,3094.91,19,5,5,5,555,15,Champions
15491,2011-04-18,2011-09-05,6,1,3090.85,96,3,4,5,345,12,Loyal
14312,2010-07-23,2011-10-24,11,0,3090.29,47,4,5,5,455,14,Champions
13464,2010-03-19,2011-10-12,6,1,3083.89,59,3,4,5,345,12,Loyal
13772,2010-02-23,2011-11-06,8,1,3080.52,34,4,4,5,445,13,Champions
13742,2011-01-23,2011-11-23,12,2,3079.27,17,5,5,5,555,15,Champions
16584,2010-02-16,2011-09-20,5,2,3077.97,81,3,4,5,345,12,Loyal
14978,2010-04-28,2011-09-28,10,2,3076.39,73,3,5,5,355,13,Loyal
14700,2010-08-11,2011-11-07,5,0,3076.06,33,4,4,5,445,13,Champions
17929,2009-12-09,2011-11-28,12,1,3073.60,12,5,5,5,555,15,Champions
12469,2010-06-21,2010-07-05,2,0,3070.54,523,1,2,5,125,8,Cannot Lose Them
17147,2010-01-11,2011-11-17,9,7,3069.15,23,4,5,5,455,14,Champions
12597,2011-03-16,2011-11-20,4,1,3067.13,20,4,3,5,435,12,Hibernating
12511,2010-10-07,2010-10-07,1,1,3065.77,429,1,1,5,115,7,Cannot Lose Them
16400,2009-12-08,2011-09-06,9,0,3059.85,95,3,5,5,355,13,Loyal
13196,2010-04-01,2011-11-28,7,1,3059.64,12,5,4,5,545,14,Champions
14044,2010-01-24,2011-11-13,10,1,3057.00,27,4,5,5,455,14,Champions
16059,2010-05-19,2011-10-05,12,0,3053.57,66,3,5,5,355,13,Loyal
16007,2010-06-14,2011-10-23,7,0,3053.06,48,4,4,5,445,13,Champions
12619,2010-05-28,2011-11-23,9,3,3048.95,17,5,5,5,555,15,Champions
15823,2009-12-08,2009-12-10,2,3,3047.76,730,1,2,5,125,8,Cannot Lose Them
14673,2010-10-26,2011-12-06,7,0,3037.32,4,5,4,5,545,14,Champions
15538,2010-02-14,2010-06-20,6,5,3036.10,538,1,4,5,145,10,At Risk - High Value
13647,2010-04-15,2011-11-30,8,1,3033.78,10,5,4,5,545,14,Champions
15241,2010-02-23,2011-10-04,11,1,3032.31,67,3,5,5,355,13,Loyal
17621,2010-10-04,2011-11-18,6,2,3029.32,22,4,4,5,445,13,Champions
16678,2011-03-02,2011-12-07,12,3,3025.24,3,5,5,5,555,15,Champions
13692,2010-10-15,2011-11-15,5,2,3022.95,25,4,4,5,445,13,Champions
12609,2009-12-20,2011-09-22,9,0,3021.86,79,3,5,5,355,13,Loyal
13631,2011-03-17,2011-09-01,11,1,3021.77,100,3,5,5,355,13,Loyal
12909,2010-02-24,2011-10-31,8,5,3019.92,40,4,4,5,445,13,Champions
16933,2009-12-09,2011-12-08,9,7,3017.65,2,5,5,5,555,15,Champions
12849,2010-04-27,2011-11-08,6,0,3015.98,32,4,4,5,445,13,Champions
13848,2009-12-09,2011-09-08,8,0,3015.00,93,3,4,5,345,12,Loyal
17145,2010-02-19,2010-07-15,4,3,3014.64,513,1,3,5,135,9,At Risk
15916,2009-12-10,2011-11-23,13,4,3014.04,17,5,5,5,555,15,Champions
12754,2011-02-04,2011-04-18,3,0,3010.74,236,2,3,5,235,10,At Risk
16560,2009-12-08,2011-11-13,8,2,3010.73,27,4,4,5,445,13,Champions
15614,2009-12-01,2010-09-28,4,3,3008.86,438,1,3,5,135,9,At Risk
16718,2009-12-06,2010-12-05,5,0,3006.08,370,2,4,5,245,11,At Risk - High Value
15754,2010-02-22,2011-10-19,9,3,3001.86,52,4,5,5,455,14,Champions
14038,2010-02-04,2011-09-22,5,3,3000.93,79,3,4,5,345,12,Loyal
14456,2011-07-20,2011-12-04,9,4,3000.80,6,5,5,5,555,15,Champions
17702,2010-11-04,2011-11-09,6,3,2999.94,31,4,4,5,445,13,Champions
14161,2009-12-13,2011-05-08,7,0,2996.93,216,2,4,5,245,11,At Risk - High Value
12502,2011-02-03,2011-09-05,5,0,2995.87,96,3,4,5,345,12,Loyal
14344,2010-03-23,2011-08-04,20,0,2993.05,128,3,5,5,355,13,Loyal
12510,2009-12-04,2011-07-20,7,2,2989.33,143,3,4,5,345,12,Loyal
17090,2010-07-19,2011-12-05,13,2,2986.64,5,5,5,5,555,15,Champions
15687,2011-01-13,2011-12-01,9,2,2981.50,9,5,5,5,555,15,Champions
12770,2010-04-07,2011-05-13,2,5,2981.45,211,2,2,5,225,9,Cannot Lose Them
13557,2009-12-08,2011-11-11,13,3,2980.08,29,4,5,5,455,14,Champions
16012,2010-06-28,2011-11-04,5,0,2978.59,36,4,4,5,445,13,Champions
15027,2010-03-25,2011-11-09,10,3,2974.04,31,4,5,5,455,14,Champions
14064,2010-01-21,2011-11-10,15,6,2967.57,30,4,5,5,455,14,Champions
14506,2010-04-19,2011-11-22,7,0,2960.25,18,5,4,5,545,14,Champions
18241,2010-04-01,2011-11-30,21,2,2954.09,10,5,5,5,555,15,Champions
13485,2009-12-03,2011-04-20,11,4,2953.92,234,2,5,5,255,12,At Risk - High Value
12838,2010-04-26,2011-11-06,10,2,2953.46,34,4,5,5,455,14,Champions
16120,2010-10-13,2011-10-11,6,1,2952.51,60,3,4,5,345,12,Loyal
13253,2010-01-05,2011-07-06,4,0,2951.11,157,3,3,5,335,11,Needs Attention
14226,2010-09-24,2011-11-11,6,3,2950.38,29,4,4,5,445,13,Champions
13635,2009-12-01,2011-10-03,4,2,2948.22,68,3,3,5,335,11,Needs Attention
17692,2010-06-17,2011-08-04,12,2,2947.04,128,3,5,5,355,13,Loyal
15967,2009-12-01,2011-11-16,12,1,2943.60,24,4,5,5,455,14,Champions
15182,2010-01-29,2011-07-08,11,3,2942.75,155,3,5,5,355,13,Loyal
12877,2010-01-18,2011-12-06,20,0,2942.14,4,5,5,5,555,15,Champions
15757,2010-06-10,2011-10-05,6,0,2940.36,66,3,4,5,345,12,Loyal
14544,2010-08-26,2011-11-15,3,0,2938.53,25,4,3,5,435,12,Hibernating
16416,2010-02-23,2011-11-13,9,1,2937.88,27,4,5,5,455,14,Champions
12906,2011-09-22,2011-11-28,5,0,2919.81,12,5,4,5,545,14,Champions
16358,2010-11-10,2011-12-08,5,1,2917.10,2,5,4,5,545,14,Champions
15312,2009-12-16,2011-09-25,12,2,2916.49,76,3,5,5,355,13,Loyal
14867,2009-12-05,2011-06-07,16,3,2910.41,186,3,5,5,355,13,Loyal
14524,2010-10-19,2011-11-08,13,0,2909.86,32,4,5,5,455,14,Champions
17655,2010-10-19,2011-11-29,9,1,2909.18,11,5,5,5,555,15,Champions
13764,2010-03-07,2011-09-30,6,0,2908.67,71,3,4,5,345,12,Loyal
16736,2009-12-03,2010-07-22,5,3,2904.51,506,1,4,5,145,10,At Risk - High Value
15602,2009-12-02,2011-12-01,16,8,2902.16,9,5,5,5,555,15,Champions
17588,2010-03-12,2011-08-31,7,2,2901.65,101,3,4,5,345,12,Loyal
16067,2010-02-02,2010-05-26,3,3,2900.01,563,1,3,5,135,9,At Risk
12854,2009-12-11,2011-09-22,7,4,2899.32,79,3,4,5,345,12,Loyal
13784,2010-09-15,2011-11-30,14,1,2897.18,10,5,5,5,555,15,Champions
13110,2009-12-01,2011-11-08,12,2,2896.17,32,4,5,5,455,14,Champions
15392,2010-10-04,2011-12-05,7,1,2891.82,5,5,4,5,545,14,Champions
17242,2010-01-24,2011-08-23,5,0,2889.28,109,3,4,5,345,12,Loyal
14916,2010-04-01,2011-09-30,8,3,2888.21,71,3,4,5,345,12,Loyal
15373,2010-05-02,2011-12-01,17,1,2881.74,9,5,5,5,555,15,Champions
14251,2011-10-13,2011-12-08,5,0,2879.70,2,5,4,5,545,14,Champions
14621,2009-12-01,2011-12-08,9,7,2878.27,2,5,5,5,555,15,Champions
16633,2011-04-19,2011-11-22,6,1,2878.15,18,5,4,5,545,14,Champions
18170,2010-01-08,2011-11-06,9,0,2878.00,34,4,5,5,455,14,Champions
14005,2011-05-08,2011-11-30,5,0,2874.72,10,5,4,5,545,14,Champions
14590,2009-12-07,2010-10-11,20,8,2871.04,425,1,5,5,155,11,At Risk - High Value
14758,2010-04-08,2011-07-18,7,0,2864.97,145,3,4,5,345,12,Loyal
16062,2010-06-21,2011-11-30,8,0,2863.45,10,5,4,5,545,14,Champions
16467,2009-12-02,2010-07-19,7,1,2862.40,509,1,4,5,145,10,At Risk - High Value
13890,2009-12-06,2011-12-08,14,8,2858.73,2,5,5,5,555,15,Champions
15043,2010-06-24,2011-11-08,6,0,2855.32,32,4,4,5,445,13,Champions
13728,2009-12-09,2011-11-03,16,0,2855.17,37,4,5,5,455,14,Champions
14875,2010-09-24,2011-08-24,3,3,2850.50,108,3,3,5,335,11,Needs Attention
17961,2009-12-01,2011-11-18,100,2,2850.29,22,4,5,5,455,14,Champions
14935,2010-03-30,2011-02-15,2,0,2849.83,298,2,2,5,225,9,Cannot Lose Them
16755,2009-12-09,2011-08-17,7,3,2846.13,115,3,4,5,345,12,Loyal
13501,2010-05-18,2011-02-24,3,2,2840.26,289,2,3,4,234,9,At Risk
15611,2010-01-25,2011-11-30,24,6,2837.37,10,5,5,4,554,14,Champions
16229,2010-01-22,2011-09-13,6,1,2835.36,88,3,4,4,344,11,Loyal
16383,2010-02-04,2011-09-26,7,1,2828.94,75,3,4,4,344,11,Loyal
17228,2010-03-12,2011-11-24,13,0,2820.03,16,5,5,4,554,14,Champions
17032,2009-12-10,2010-04-15,5,2,2816.69,604,1,4,4,144,9,At Risk - High Value
16225,2010-02-07,2011-10-26,15,3,2813.81,45,4,5,4,454,13,Champions
15031,2009-12-08,2011-12-05,14,2,2813.73,5,5,5,4,554,14,Champions
17386,2010-11-19,2011-12-02,7,0,2812.77,8,5,4,4,544,13,Champions
14293,2009-12-10,2011-12-06,9,1,2809.41,4,5,5,4,554,14,Champions
14711,2011-03-22,2011-11-29,11,1,2809.02,11,5,5,4,554,14,Champions
13477,2010-01-25,2011-11-02,11,2,2806.12,38,4,5,4,454,13,Champions
15797,2010-01-27,2011-08-18,5,0,2806.08,114,3,4,4,344,11,Loyal
13205,2010-09-22,2010-09-22,1,0,2803.20,444,1,1,4,114,6,Cannot Lose Them
13330,2010-02-23,2011-09-08,6,0,2796.10,93,3,4,4,344,11,Loyal
14035,2010-04-06,2011-11-11,9,2,2790.50,29,4,5,4,454,13,Champions
13032,2010-09-05,2011-10-18,9,2,2790.00,53,4,5,4,454,13,Champions
16979,2010-09-15,2011-12-06,9,3,2787.09,4,5,5,4,554,14,Champions
17530,2009-12-06,2011-12-08,12,1,2786.15,2,5,5,4,554,14,Champions
12826,2009-12-18,2011-12-07,12,2,2784.20,3,5,5,4,554,14,Champions
13719,2010-05-17,2011-11-24,11,0,2782.10,16,5,5,4,554,14,Champions
17790,2010-06-13,2011-11-13,20,0,2779.41,27,4,5,4,454,13,Champions
12863,2010-04-29,2011-10-18,6,1,2775.55,53,4,4,4,444,12,Champions
17031,2010-05-07,2011-11-28,6,0,2773.85,12,5,4,4,544,13,Champions
15235,2010-11-16,2011-05-06,16,0,2772.76,218,2,5,4,254,11,At Risk - High Value
15353,2009-12-02,2011-03-30,7,1,2772.57,255,2,4,4,244,10,At Risk - High Value
13695,2010-05-11,2011-11-08,16,0,2770.73,32,4,5,4,454,13,Champions
18210,2010-11-22,2011-12-08,7,0,2768.83,2,5,4,4,544,13,Champions
14233,2010-03-05,2011-10-21,7,3,2766.96,50,4,4,4,444,12,Champions
15817,2010-06-14,2010-10-15,3,0,2766.40,421,1,3,4,134,8,At Risk
15563,2010-01-28,2011-11-17,6,3,2764.67,23,4,4,4,444,12,Champions
16407,2010-10-03,2011-11-27,14,0,2761.65,13,5,5,4,554,14,Champions
16871,2011-03-14,2011-11-17,6,1,2761.49,23,4,4,4,444,12,Champions
16772,2009-12-18,2010-10-12,3,2,2760.10,424,1,3,4,134,8,At Risk
15965,2009-12-03,2011-11-22,13,1,2758.19,18,5,5,4,554,14,Champions
12589,2010-01-19,2011-11-11,6,2,2752.17,29,4,4,4,444,12,Champions
16711,2009-12-02,2011-12-06,9,1,2751.48,4,5,5,4,554,14,Champions
14869,2009-12-16,2011-12-01,6,3,2750.70,9,5,4,4,544,13,Champions
16764,2011-07-19,2011-12-06,13,5,2749.95,4,5,5,4,554,14,Champions
17870,2010-11-23,2011-12-07,13,1,2748.34,3,5,5,4,554,14,Champions
13963,2010-04-21,2011-02-04,17,1,2748.32,309,2,5,4,254,11,At Risk - High Value
17552,2010-03-22,2011-10-10,12,3,2744.63,61,3,5,4,354,12,Loyal
14121,2011-10-11,2011-12-06,4,2,2740.30,4,5,3,4,534,12,Hibernating
16775,2010-09-23,2011-11-29,16,1,2739.24,11,5,5,4,554,14,Champions
15329,2009-12-14,2011-10-31,11,9,2737.18,40,4,5,4,454,13,Champions
17241,2010-02-15,2010-11-19,12,0,2736.64,386,2,5,4,254,11,At Risk - High Value
15389,2010-01-27,2011-06-20,5,0,2733.80,173,3,4,4,344,11,Loyal
14903,2011-03-06,2011-11-18,5,5,2729.18,22,4,4,4,444,12,Champions
15993,2011-10-26,2011-12-01,7,3,2728.22,9,5,4,4,544,13,Champions
16335,2009-12-04,2010-06-06,7,1,2726.52,552,1,4,4,144,9,At Risk - High Value
15810,2009-12-22,2011-09-22,8,5,2724.80,79,3,4,4,344,11,Loyal
16190,2009-12-14,2011-10-30,8,0,2723.55,41,4,4,4,444,12,Champions
14125,2011-09-22,2011-11-29,3,0,2720.63,11,5,3,4,534,12,Hibernating
15841,2009-12-10,2011-09-28,9,3,2716.50,73,3,5,4,354,12,Loyal
13077,2009-12-11,2011-12-08,11,3,2716.15,2,5,5,4,554,14,Champions
13736,2009-12-06,2011-12-04,7,5,2701.27,6,5,4,4,544,13,Champions
12391,2010-02-15,2011-11-18,6,1,2699.24,22,4,4,4,444,12,Champions
18173,2010-04-06,2011-09-14,5,0,2696.36,87,3,4,4,344,11,Loyal
16232,2010-06-07,2011-10-27,7,3,2692.02,44,4,4,4,444,12,Champions
16086,2009-12-02,2011-10-11,10,1,2685.65,60,3,5,4,354,12,Loyal
17388,2009-12-10,2011-09-23,11,0,2675.37,78,3,5,4,354,12,Loyal
12374,2010-04-30,2011-11-14,3,0,2669.22,26,4,3,4,434,11,Hibernating
15910,2010-01-21,2011-12-09,15,0,2661.17,1,5,5,4,554,14,Champions
16434,2010-01-17,2011-11-10,12,1,2658.99,30,4,5,4,454,13,Champions
18283,2010-02-19,2011-12-06,22,0,2658.95,4,5,5,4,554,14,Champions
16369,2010-04-07,2011-11-21,7,0,2654.48,19,5,4,4,544,13,Champions
17884,2009-12-04,2011-12-06,20,3,2649.47,4,5,5,4,554,14,Champions
17744,2010-11-24,2011-12-06,7,0,2649.14,4,5,4,4,544,13,Champions
12820,2009-12-05,2011-12-06,11,2,2647.94,4,5,5,4,554,14,Champions
15671,2011-03-14,2011-11-21,7,3,2635.49,19,5,4,4,544,13,Champions
13819,2009-12-01,2011-02-11,6,1,2631.10,302,2,4,4,244,10,At Risk - High Value
16618,2011-01-21,2011-11-08,5,1,2630.64,32,4,4,4,444,12,Champions
13203,2009-12-17,2011-11-30,10,1,2630.55,10,5,5,4,554,14,Champions
12755,2009-12-02,2011-03-04,11,10,2629.50,281,2,5,4,254,11,At Risk - High Value
16276,2010-04-11,2011-06-16,3,0,2629.39,177,3,3,4,334,10,Needs Attention
17470,2010-07-19,2011-10-26,11,0,2626.47,45,4,5,4,454,13,Champions
14404,2009-12-20,2011-11-06,13,2,2625.13,34,4,5,4,454,13,Champions
12635,2010-09-09,2011-09-11,4,0,2624.41,90,3,3,4,334,10,Needs Attention
12671,2010-04-12,2010-04-12,1,0,2622.48,607,1,1,4,114,6,Cannot Lose Them
15596,2010-07-28,2011-08-31,9,7,2621.27,101,3,5,4,354,12,Loyal
14262,2011-04-13,2011-12-01,8,0,2618.23,9,5,4,4,544,13,Champions
17115,2009-12-05,2011-12-01,7,6,2616.29,9,5,4,4,544,13,Champions
17720,2010-05-10,2011-11-13,10,2,2613.06,27,4,5,4,454,13,Champions
15985,2010-05-27,2011-08-08,7,1,2610.28,124,3,4,4,344,11,Loyal
15142,2010-07-27,2011-10-24,6,1,2608.97,47,4,4,4,444,12,Champions
13422,2011-10-06,2011-10-06,1,1,2601.55,65,3,1,4,314,8,Hibernating
15157,2009-12-10,2011-12-06,5,2,2597.88,4,5,4,4,544,13,Champions
13644,2011-08-26,2011-11-23,4,1,2597.52,17,5,3,4,534,12,Hibernating
13211,2009-12-06,2011-11-29,10,2,2596.32,11,5,5,4,554,14,Champions
17490,2010-05-19,2011-12-09,9,4,2595.01,1,5,5,4,554,14,Champions
14163,2010-09-03,2011-09-13,5,0,2594.62,88,3,4,4,344,11,Loyal
17043,2009-12-09,2011-11-07,8,0,2593.65,33,4,4,4,444,12,Champions
14129,2010-05-09,2011-12-08,9,0,2591.34,2,5,5,4,554,14,Champions
15062,2010-04-08,2011-09-29,8,0,2585.62,72,3,4,4,344,11,Loyal
15826,2010-05-20,2011-10-14,4,2,2583.13,57,4,3,4,434,11,Hibernating
13012,2010-04-26,2011-11-30,11,3,2581.28,10,5,5,4,554,14,Champions
12685,2011-09-07,2011-11-11,6,0,2575.08,29,4,4,4,444,12,Champions
16206,2009-12-14,2011-10-16,13,1,2572.17,55,4,5,4,454,13,Champions
13700,2010-02-07,2011-11-13,13,1,2569.72,27,4,5,4,454,13,Champions
14431,2010-01-21,2011-02-10,4,1,2567.10,303,2,3,4,234,9,At Risk
17002,2010-03-08,2011-09-15,7,1,2565.60,86,3,4,4,344,11,Loyal
14756,2010-10-11,2011-11-24,3,1,2563.46,16,5,3,4,534,12,Hibernating
12982,2010-04-12,2011-04-11,8,9,2562.12,243,2,4,4,244,10,At Risk - High Value
12806,2010-04-30,2010-05-16,2,0,2558.96,573,1,2,4,124,7,Cannot Lose Them
16036,2010-03-29,2011-09-13,4,0,2556.84,88,3,3,4,334,10,Needs Attention
14397,2011-05-10,2011-12-07,19,4,2556.68,3,5,5,4,554,14,Champions
15660,2010-02-05,2011-11-14,15,3,2554.84,26,4,5,4,454,13,Champions
12456,2011-03-30,2011-10-26,3,1,2553.89,45,4,3,4,434,11,Hibernating
16115,2010-05-14,2011-11-30,12,0,2553.80,10,5,5,4,554,14,Champions
17284,2010-11-15,2011-10-10,7,1,2547.70,61,3,4,4,344,11,Loyal
18179,2010-02-14,2011-11-30,8,0,2547.55,10,5,4,4,544,13,Champions
12473,2011-06-01,2011-10-17,3,1,2545.27,54,4,3,4,434,11,Hibernating
13192,2010-01-22,2011-09-05,6,2,2544.53,96,3,4,4,344,11,Loyal
14548,2009-12-06,2011-07-12,9,0,2541.29,151,3,5,4,354,12,Loyal
15033,2011-01-14,2011-12-05,10,1,2538.23,5,5,5,4,554,14,Champions
13862,2010-11-15,2011-11-21,9,2,2534.04,19,5,5,4,554,14,Champions
17465,2009-12-03,2010-10-10,7,2,2533.64,426,1,4,4,144,9,At Risk - High Value
15814,2010-04-15,2011-11-23,6,2,2531.84,17,5,4,4,544,13,Champions
16889,2010-05-23,2011-05-29,6,0,2526.65,195,2,4,4,244,10,At Risk - High Value
14790,2009-12-11,2011-11-23,10,0,2526.62,17,5,5,4,554,14,Champions
17317,2011-09-11,2011-10-24,3,2,2524.02,47,4,3,4,434,11,Hibernating
17095,2009-12-15,2011-11-17,7,4,2520.75,23,4,4,4,444,12,Champions
14564,2009-12-04,2010-10-01,2,3,2519.32,435,1,2,4,124,7,Cannot Lose Them
15434,2010-01-24,2011-12-01,11,2,2517.11,9,5,5,4,554,14,Champions
17463,2010-04-29,2011-11-23,7,2,2515.26,17,5,4,4,544,13,Champions
13344,2011-03-07,2011-10-03,3,0,2511.69,68,3,3,4,334,10,Needs Attention
16104,2009-12-06,2011-10-09,9,2,2511.21,62,3,5,4,354,12,Loyal
16499,2010-06-11,2010-12-14,8,5,2509.64,361,2,4,4,244,10,At Risk - High Value
15862,2009-12-17,2011-12-01,13,0,2507.14,9,5,5,4,554,14,Champions
17101,2010-06-07,2011-11-29,7,0,2507.05,11,5,4,4,544,13,Champions
13471,2011-10-23,2011-12-08,4,0,2501.84,2,5,3,4,534,12,Hibernating
17594,2010-04-14,2011-09-15,4,0,2497.88,86,3,3,4,334,10,Needs Attention
15747,2010-01-18,2011-11-27,9,1,2497.86,13,5,5,4,554,14,Champions
12978,2009-12-10,2010-11-19,5,1,2496.07,386,2,4,4,244,10,At Risk - High Value
14541,2010-01-07,2011-10-12,14,0,2491.38,59,3,5,4,354,12,Loyal
17262,2009-12-15,2011-10-18,11,0,2488.76,53,4,5,4,454,13,Champions
15227,2010-03-16,2011-11-03,9,0,2488.49,37,4,5,4,454,13,Champions
16987,2009-12-02,2011-12-06,11,1,2487.55,4,5,5,4,554,14,Champions
15117,2010-03-15,2011-11-25,8,1,2484.32,15,5,4,4,544,13,Champions
15716,2009-12-07,2011-07-17,11,0,2482.74,146,3,5,4,354,12,Loyal
13414,2009-12-08,2011-07-29,6,1,2482.24,134,3,4,4,344,11,Loyal
15681,2010-05-24,2011-11-14,14,2,2480.20,26,4,5,4,454,13,Champions
13507,2011-07-17,2011-12-06,4,0,2479.16,4,5,3,4,534,12,Hibernating
12967,2010-11-21,2010-12-16,3,2,2472.37,359,2,3,4,234,9,At Risk
14934,2010-09-24,2011-09-19,5,3,2471.07,82,3,4,4,344,11,Loyal
14745,2010-03-12,2011-08-19,12,5,2471.06,113,3,5,4,354,12,Loyal
14229,2010-08-25,2011-10-19,7,4,2468.99,52,4,4,4,444,12,Champions
17288,2010-11-10,2011-11-30,11,0,2468.43,10,5,5,4,554,14,Champions
16202,2009-12-02,2010-12-14,9,2,2467.04,361,2,5,4,254,11,At Risk - High Value
12438,2011-07-22,2011-11-25,2,0,2466.85,15,5,2,4,524,11,New / Promising
17164,2011-03-11,2011-11-07,7,1,2466.40,33,4,4,4,444,12,Champions
14696,2010-10-14,2011-12-05,8,2,2465.30,5,5,4,4,544,13,Champions
17131,2011-09-25,2011-12-04,5,0,2463.17,6,5,4,4,544,13,Champions
15932,2011-02-23,2011-12-05,8,3,2461.85,5,5,4,4,544,13,Champions
14842,2011-02-04,2011-10-27,4,4,2456.80,44,4,3,4,434,11,Hibernating
13623,2009-12-02,2011-11-09,10,5,2456.73,31,4,5,4,454,13,Champions
14421,2010-01-17,2011-10-13,6,1,2456.62,58,4,4,4,444,12,Champions
14659,2011-01-28,2011-12-01,9,3,2456.53,9,5,5,4,554,14,Champions
13588,2011-03-29,2011-11-24,9,3,2449.53,16,5,5,4,554,14,Champions
17320,2010-01-21,2011-08-31,6,0,2444.85,101,3,4,4,344,11,Loyal
15906,2010-09-15,2011-11-20,10,2,2442.44,20,4,5,4,454,13,Champions
15111,2010-04-26,2011-11-10,5,0,2442.37,30,4,4,4,444,12,Champions
15623,2009-12-10,2011-07-21,8,0,2437.05,142,3,4,4,344,11,Loyal
17505,2010-04-13,2011-07-01,5,0,2435.48,162,3,4,4,344,11,Loyal
17348,2010-03-10,2011-11-25,9,0,2430.99,15,5,5,4,554,14,Champions
13949,2011-09-06,2011-12-07,6,0,2427.32,3,5,4,4,544,13,Champions
17629,2010-10-14,2011-12-04,10,1,2425.52,6,5,5,4,554,14,Champions
15077,2009-12-09,2010-08-02,2,2,2423.88,495,1,2,4,124,7,Cannot Lose Them
15021,2010-07-29,2011-12-01,12,5,2422.35,9,5,5,4,554,14,Champions
13134,2010-10-19,2011-09-15,6,3,2422.28,86,3,4,4,344,11,Loyal
12739,2010-11-10,2011-09-01,2,0,2421.23,100,3,2,4,324,9,Hibernating
15089,2011-08-03,2011-11-29,6,0,2420.84,11,5,4,4,544,13,Champions
13878,2010-04-14,2011-10-16,4,0,2416.90,55,4,3,4,434,11,Hibernating
12924,2009-12-09,2011-09-12,12,2,2415.20,89,3,5,4,354,12,Loyal
18171,2010-01-05,2011-10-12,9,2,2414.51,59,3,5,4,354,12,Loyal
16470,2009-12-11,2011-10-19,11,1,2411.90,52,4,5,4,454,13,Champions
13473,2009-12-15,2011-10-10,8,2,2410.98,61,3,4,4,344,11,Loyal
17676,2010-03-30,2011-12-05,10,2,2409.73,5,5,5,4,554,14,Champions
16833,2010-03-26,2011-12-08,6,0,2409.04,2,5,4,4,544,13,Champions
16554,2009-12-15,2011-10-28,8,10,2407.17,43,4,4,4,444,12,Champions
14195,2010-03-15,2011-05-22,6,4,2401.40,202,2,4,4,244,10,At Risk - High Value
15341,2010-05-28,2011-09-20,2,1,2401.02,81,3,2,4,324,9,Hibernating
16817,2010-10-04,2011-12-07,13,5,2392.85,3,5,5,4,554,14,Champions
17444,2011-06-20,2011-07-11,2,0,2389.10,152,3,2,4,324,9,Hibernating
15366,2010-02-26,2011-09-25,7,0,2389.08,76,3,4,4,344,11,Loyal
12412,2010-06-18,2011-09-26,6,2,2389.03,75,3,4,4,344,11,Loyal
14414,2010-11-30,2011-09-09,8,1,2387.48,92,3,4,4,344,11,Loyal
16105,2010-04-14,2011-04-05,5,0,2386.19,249,2,4,4,244,10,At Risk - High Value
13151,2010-03-22,2011-02-17,3,2,2385.66,296,2,3,4,234,9,At Risk
14256,2010-01-14,2011-03-24,5,4,2384.14,261,2,4,4,244,10,At Risk - High Value
16040,2010-04-09,2011-10-05,7,1,2383.70,66,3,4,4,344,11,Loyal
15793,2009-12-01,2011-11-25,8,1,2382.92,15,5,4,4,544,13,Champions
16359,2010-02-16,2011-12-02,16,4,2379.40,8,5,5,4,554,14,Champions
12393,2010-10-07,2011-09-28,6,1,2376.75,73,3,4,4,344,11,Loyal
16638,2010-08-18,2011-11-17,15,1,2375.88,23,4,5,4,454,13,Champions
13173,2009-12-10,2011-12-05,11,2,2370.97,5,5,5,4,554,14,Champions
17827,2010-03-28,2011-12-04,6,1,2369.42,6,5,4,4,544,13,Champions
16147,2010-02-05,2011-07-29,5,2,2367.02,134,3,4,4,344,11,Loyal
17623,2009-12-14,2011-11-07,7,0,2365.77,33,4,4,4,444,12,Champions
15860,2009-12-06,2011-10-30,17,0,2358.80,41,4,5,4,454,13,Champions
17634,2011-01-06,2011-11-03,9,0,2358.59,37,4,5,4,454,13,Champions
15073,2010-01-27,2011-11-30,8,1,2357.04,10,5,4,4,544,13,Champions
17921,2010-07-15,2011-10-06,10,2,2354.21,65,3,5,4,354,12,Loyal
14810,2010-10-06,2011-10-30,13,0,2354.03,41,4,5,4,454,13,Champions
16083,2010-11-16,2011-08-31,4,0,2351.42,101,3,3,4,334,10,Needs Attention
14496,2010-03-16,2011-02-01,7,3,2341.54,312,2,4,4,244,10,At Risk - High Value
13118,2010-09-26,2011-11-20,9,3,2334.10,20,4,5,4,454,13,Champions
17434,2011-09-15,2011-12-07,7,2,2333.42,3,5,4,4,544,13,Champions
12676,2010-08-13,2011-11-15,10,0,2333.09,25,4,5,4,454,13,Champions
13614,2010-06-06,2011-11-15,6,0,2332.74,25,4,4,4,444,12,Champions
16005,2010-09-15,2011-11-27,10,1,2332.62,13,5,5,4,554,14,Champions
16676,2010-10-17,2011-11-06,6,1,2328.50,34,4,4,4,444,12,Champions
17591,2010-01-17,2011-09-27,8,1,2328.37,74,3,4,4,344,11,Loyal
15489,2010-01-15,2011-11-17,8,4,2327.36,23,4,4,4,444,12,Champions
12733,2010-01-19,2011-04-19,4,2,2325.97,235,2,3,4,234,9,At Risk
17004,2010-10-11,2011-10-24,4,0,2324.36,47,4,3,4,434,11,Hibernating
16085,2010-01-20,2011-11-16,12,1,2318.91,24,4,5,4,454,13,Champions
14346,2010-07-30,2011-08-11,5,0,2315.75,121,3,4,4,344,11,Loyal
16628,2010-03-08,2011-11-10,7,1,2313.09,30,4,4,4,444,12,Champions
14295,2009-12-09,2011-10-30,4,3,2309.06,41,4,3,4,434,11,Hibernating
17282,2010-06-09,2011-08-01,5,0,2308.54,131,3,4,4,344,11,Loyal
13813,2009-12-06,2011-10-31,8,4,2308.42,40,4,4,4,444,12,Champions
14502,2011-01-30,2011-11-20,11,3,2307.14,20,4,5,4,454,13,Champions
12948,2009-12-02,2011-11-23,9,1,2306.18,17,5,5,4,554,14,Champions
15946,2010-03-16,2010-07-25,3,0,2304.18,503,1,3,4,134,8,At Risk
18095,2010-04-19,2011-01-31,5,0,2303.09,313,2,4,4,244,10,At Risk - High Value
13908,2011-03-08,2011-09-21,4,1,2297.05,80,3,3,4,334,10,Needs Attention
13704,2011-09-12,2011-12-04,9,1,2295.31,6,5,5,4,554,14,Champions
14555,2009-12-18,2011-10-13,6,1,2294.88,58,4,4,4,444,12,Champions
12520,2011-03-11,2011-09-21,5,1,2294.51,80,3,4,4,344,11,Loyal
16496,2010-07-18,2011-12-01,6,1,2293.47,9,5,4,4,544,13,Champions
15549,2010-01-11,2011-09-23,8,1,2292.91,78,3,4,4,344,11,Loyal
13055,2010-10-06,2011-09-22,4,2,2292.51,79,3,3,4,334,10,Needs Attention
12423,2010-08-31,2011-12-09,10,1,2291.19,1,5,5,4,554,14,Champions
13085,2009-12-01,2011-07-05,8,1,2289.58,158,3,4,4,344,11,Loyal
14938,2010-05-26,2010-05-26,2,2,2289.43,563,1,2,4,124,7,Cannot Lose Them
17047,2009-12-08,2011-09-15,6,0,2289.23,86,3,4,4,344,11,Loyal
12516,2010-04-19,2011-09-23,4,0,2288.62,78,3,3,4,334,10,Needs Attention
17313,2011-11-08,2011-11-08,1,1,2288.13,32,4,1,4,414,9,New / Promising
17018,2009-12-05,2011-10-30,6,0,2287.70,41,4,4,4,444,12,Champions
14481,2010-01-31,2011-06-28,5,0,2284.69,165,3,4,4,344,11,Loyal
14554,2011-10-18,2011-11-29,4,0,2279.49,11,5,3,4,534,12,Hibernating
14808,2011-06-20,2011-10-31,8,6,2277.80,40,4,4,4,444,12,Champions
18051,2009-12-09,2010-03-15,7,1,2275.98,635,1,4,4,144,9,At Risk - High Value
13994,2011-07-14,2011-12-06,6,0,2274.14,4,5,4,4,544,13,Champions
13371,2010-03-17,2010-07-22,2,2,2271.46,506,1,2,4,124,7,Cannot Lose Them
13280,2010-03-05,2011-08-09,7,1,2267.83,123,3,4,4,344,11,Loyal
12517,2011-06-02,2011-11-11,4,1,2263.65,29,4,3,4,434,11,Hibernating
16531,2010-09-24,2011-11-17,11,1,2263.58,23,4,5,4,454,13,Champions
15734,2010-06-10,2011-08-17,4,0,2263.30,115,3,3,4,334,10,Needs Attention
13652,2010-02-25,2011-10-25,5,0,2262.05,46,4,4,4,444,12,Champions
13655,2010-04-27,2011-08-17,6,2,2261.66,115,3,4,4,344,11,Loyal
13059,2010-03-31,2011-04-04,10,2,2261.22,250,2,5,4,254,11,At Risk - High Value
15015,2009-12-14,2010-07-26,13,7,2255.27,502,1,5,4,154,10,At Risk - High Value
17193,2009-12-02,2011-11-04,9,3,2254.60,36,4,5,4,454,13,Champions
13117,2010-03-26,2011-11-18,18,1,2253.96,22,4,5,4,454,13,Champions
17414,2009-12-03,2011-10-27,6,0,2249.52,44,4,4,4,444,12,Champions
14432,2011-09-11,2011-11-30,6,0,2248.50,10,5,4,4,544,13,Champions
17894,2010-08-27,2011-09-29,18,2,2248.44,72,3,5,4,354,12,Loyal
12701,2010-03-16,2011-09-21,6,0,2248.41,80,3,4,4,344,11,Loyal
16174,2010-04-15,2011-08-05,7,0,2246.75,127,3,4,4,344,11,Loyal
15865,2010-01-05,2011-10-30,5,0,2241.42,41,4,4,4,444,12,Champions
15629,2010-06-25,2010-09-15,4,0,2240.90,451,1,3,4,134,8,At Risk
13814,2010-06-30,2011-09-08,3,2,2239.07,93,3,3,4,334,10,Needs Attention
16551,2009-12-13,2011-09-05,7,0,2237.12,96,3,4,4,344,11,Loyal
16823,2009-12-02,2011-04-26,7,1,2236.14,228,2,4,4,244,10,At Risk - High Value
16883,2009-12-04,2011-06-05,19,1,2236.11,188,2,5,4,254,11,At Risk - High Value
17969,2009-12-06,2011-06-26,20,7,2235.54,167,3,5,4,354,12,Loyal
14449,2010-09-29,2011-11-21,8,0,2230.96,19,5,4,4,544,13,Champions
18215,2010-03-26,2011-09-11,5,1,2223.99,90,3,4,4,344,11,Loyal
16350,2010-10-07,2011-11-18,9,3,2222.49,22,4,5,4,454,13,Champions
13627,2010-03-09,2011-10-11,7,3,2217.55,60,3,4,4,344,11,Loyal
16812,2010-11-22,2010-12-14,4,1,2216.80,361,2,3,4,234,9,At Risk
17075,2009-12-14,2011-11-22,10,1,2216.28,18,5,5,4,554,14,Champions
17180,2010-01-21,2011-10-14,11,3,2216.12,57,4,5,4,454,13,Champions
12397,2011-07-27,2011-11-04,2,0,2214.90,36,4,2,4,424,10,New / Promising
17994,2010-03-29,2011-08-10,11,3,2213.58,122,3,5,4,354,12,Loyal
14748,2009-12-01,2011-11-10,10,6,2208.89,30,4,5,4,454,13,Champions
17648,2010-11-19,2011-10-10,5,1,2208.42,61,3,4,4,344,11,Loyal
14177,2010-02-26,2011-09-14,13,1,2204.74,87,3,5,4,354,12,Loyal
14462,2010-10-03,2011-10-04,12,3,2204.69,67,3,5,4,354,12,Loyal
14467,2009-12-02,2011-11-22,12,0,2203.24,18,5,5,4,554,14,Champions
14321,2010-08-23,2011-11-29,7,1,2198.58,11,5,4,4,544,13,Champions
14006,2010-02-25,2011-08-16,7,0,2196.67,116,3,4,4,344,11,Loyal
15934,2010-10-06,2010-10-18,2,0,2190.66,418,1,2,4,124,7,Cannot Lose Them
14212,2010-09-20,2011-09-11,2,0,2190.14,90,3,2,4,324,9,Hibernating
18177,2009-12-15,2011-11-08,9,1,2189.07,32,4,5,4,454,13,Champions
14597,2010-09-28,2011-11-28,6,0,2184.63,12,5,4,4,544,13,Champions
14834,2010-10-28,2011-11-22,7,2,2184.21,18,5,4,4,544,13,Champions
16042,2010-09-12,2011-11-17,8,3,2183.10,23,4,4,4,444,12,Champions
15476,2010-09-23,2010-11-24,4,1,2180.28,381,2,3,4,234,9,At Risk
16317,2010-05-04,2011-08-12,5,1,2179.76,120,3,4,4,344,11,Loyal
13338,2010-01-05,2011-07-05,4,5,2173.62,158,3,3,4,334,10,Needs Attention
16076,2011-05-15,2011-12-06,10,1,2173.53,4,5,5,4,554,14,Champions
13410,2009-12-08,2011-11-15,9,3,2172.51,25,4,5,4,454,13,Champions
14665,2010-04-26,2011-10-10,7,2,2172.33,61,3,4,4,344,11,Loyal
16108,2010-03-18,2011-09-16,4,4,2171.93,85,3,3,4,334,10,Needs Attention
13662,2010-02-19,2011-09-15,11,6,2166.63,86,3,5,4,354,12,Loyal
13762,2010-01-10,2011-05-05,5,1,2165.76,219,2,4,4,244,10,At Risk - High Value
17550,2010-02-07,2011-05-26,9,1,2165.54,198,2,5,4,254,11,At Risk - High Value
14595,2010-01-20,2011-11-20,8,0,2164.45,20,4,4,4,444,12,Champions
13365,2010-11-11,2011-11-06,2,2,2164.32,34,4,2,4,424,10,New / Promising
15944,2009-12-13,2011-03-08,4,0,2164.24,277,2,3,4,234,9,At Risk
17905,2010-01-28,2011-09-29,13,1,2159.07,72,3,5,4,354,12,Loyal
14205,2010-03-07,2011-11-23,9,2,2156.30,17,5,5,4,554,14,Champions
17822,2010-05-28,2010-10-15,5,0,2154.08,421,1,4,4,144,9,At Risk - High Value
12856,2011-10-07,2011-12-02,6,2,2153.53,8,5,4,4,544,13,Champions
16275,2010-03-08,2011-05-27,3,0,2151.11,197,2,3,4,234,9,At Risk
16966,2011-04-13,2011-12-01,7,2,2148.97,9,5,4,4,544,13,Champions
13224,2011-07-11,2011-10-10,2,1,2147.85,61,3,2,4,324,9,Hibernating
16004,2010-01-25,2010-08-22,5,0,2146.39,475,1,4,4,144,9,At Risk - High Value
17368,2009-12-15,2011-11-16,14,2,2145.39,24,4,5,4,454,13,Champions
17272,2011-03-22,2011-10-28,4,1,2144.53,43,4,3,4,434,11,Hibernating
13320,2010-08-18,2011-09-22,6,3,2144.45,79,3,4,4,344,11,Loyal
17732,2010-08-09,2010-12-02,8,2,2144.17,373,2,4,4,244,10,At Risk - High Value
14216,2010-10-21,2011-12-06,5,1,2142.39,4,5,4,4,544,13,Champions
16177,2010-03-02,2011-10-20,8,4,2141.61,51,4,4,4,444,12,Champions
15426,2010-05-02,2011-11-20,9,2,2138.86,20,4,5,4,454,13,Champions
17029,2010-02-14,2011-08-21,7,0,2137.30,111,3,4,4,344,11,Loyal
15638,2010-01-27,2010-11-26,6,3,2137.20,379,2,4,4,244,10,At Risk - High Value
17305,2010-03-01,2010-03-01,1,0,2135.46,649,1,1,4,114,6,Cannot Lose Them
16379,2011-09-22,2011-12-05,4,1,2131.90,5,5,3,4,534,12,Hibernating
16520,2010-03-02,2011-06-06,6,2,2131.68,187,2,4,4,244,10,At Risk - High Value
18116,2010-10-24,2011-10-03,13,0,2130.89,68,3,5,4,354,12,Loyal
16485,2009-12-06,2011-09-23,5,2,2130.19,78,3,4,4,344,11,Loyal
12802,2010-05-25,2011-06-06,5,2,2120.42,187,2,4,4,244,10,At Risk - High Value
16134,2010-06-17,2011-11-18,5,2,2119.99,22,4,4,4,444,12,Champions
14410,2010-09-28,2011-09-08,11,6,2119.08,93,3,5,4,354,12,Loyal
14472,2010-01-19,2011-08-28,9,0,2118.72,104,3,5,4,354,12,Loyal
14360,2011-09-06,2011-11-08,4,0,2118.03,32,4,3,4,434,11,Hibernating
13152,2010-01-14,2010-10-18,7,2,2114.98,418,1,4,4,144,9,At Risk - High Value
14691,2011-05-11,2011-11-09,5,0,2114.33,31,4,4,4,444,12,Champions
14573,2010-01-08,2011-06-13,13,4,2113.42,180,3,5,4,354,12,Loyal
13643,2009-12-08,2011-11-08,10,5,2112.17,32,4,5,4,454,13,Champions
13407,2010-02-16,2010-05-10,3,3,2111.89,579,1,3,4,134,8,At Risk
16493,2010-03-26,2011-09-21,7,2,2110.12,80,3,4,4,344,11,Loyal
13517,2011-06-13,2011-10-11,3,2,2109.07,60,3,3,4,334,10,Needs Attention
13755,2011-10-07,2011-12-06,9,1,2101.39,4,5,5,4,554,14,Champions
15815,2011-03-25,2011-10-07,5,0,2100.60,64,3,4,4,344,11,Loyal
17742,2009-12-01,2011-08-18,11,0,2098.48,114,3,5,4,354,12,Loyal
14407,2011-03-08,2011-08-24,5,3,2096.08,108,3,4,4,344,11,Loyal
17159,2010-03-04,2011-11-18,5,1,2095.44,22,4,4,4,444,12,Champions
13753,2009-12-03,2011-02-25,4,0,2094.57,288,2,3,4,234,9,At Risk
16600,2009-12-18,2011-12-05,13,3,2093.56,5,5,5,4,554,14,Champions
14469,2010-01-29,2010-10-19,4,0,2093.46,417,1,3,4,134,8,At Risk
14399,2010-02-03,2010-11-10,8,1,2093.21,395,2,4,4,244,10,At Risk - High Value
13265,2011-03-11,2011-10-17,5,0,2092.66,54,4,4,4,444,12,Champions
17113,2010-01-11,2010-05-14,6,2,2092.16,575,1,4,4,144,9,At Risk - High Value
15456,2009-12-08,2011-03-01,10,0,2091.52,284,2,5,4,254,11,At Risk - High Value
16054,2010-04-01,2011-07-17,4,3,2090.68,146,3,3,4,334,10,Needs Attention
15151,2010-07-18,2010-10-12,2,0,2085.61,424,1,2,4,124,7,Cannot Lose Them
12724,2010-06-22,2011-12-04,7,0,2083.52,6,5,4,4,544,13,Champions
14499,2010-08-27,2011-11-13,7,3,2083.44,27,4,4,4,444,12,Champions
13591,2009-12-14,2011-10-06,7,1,2081.19,65,3,4,4,344,11,Loyal
13455,2009-12-09,2011-11-15,6,5,2080.88,25,4,4,4,444,12,Champions
14644,2009-12-03,2011-10-03,7,5,2077.47,68,3,4,4,344,11,Loyal
18026,2010-07-22,2010-07-27,2,0,2074.07,501,1,2,4,124,7,Cannot Lose Them
12684,2011-05-10,2011-12-02,6,0,2073.63,8,5,4,4,544,13,Champions
13610,2010-01-05,2011-11-27,14,3,2070.71,13,5,5,4,554,14,Champions
16201,2010-10-20,2011-12-06,5,1,2070.17,4,5,4,4,544,13,Champions
13478,2010-01-31,2010-08-27,5,2,2068.03,470,1,4,4,144,9,At Risk - High Value
18009,2010-02-25,2011-04-18,8,6,2065.48,236,2,4,4,244,10,At Risk - High Value
12997,2009-12-17,2011-11-17,8,8,2065.11,23,4,4,4,444,12,Champions
16807,2010-02-26,2011-07-20,6,2,2064.88,143,3,4,4,344,11,Loyal
17585,2010-08-18,2011-08-22,7,0,2064.71,110,3,4,4,344,11,Loyal
13748,2009-12-01,2011-09-05,9,0,2064.35,96,3,5,4,354,12,Loyal
16726,2010-10-24,2011-11-13,7,0,2063.88,27,4,4,4,444,12,Champions
14443,2010-11-25,2011-10-17,5,3,2063.65,54,4,4,4,444,12,Champions
16934,2010-03-28,2011-10-16,6,1,2062.89,55,4,4,4,444,12,Champions
12649,2010-01-12,2011-08-24,8,2,2060.50,108,3,4,4,344,11,Loyal
15252,2010-04-07,2011-11-03,5,2,2053.06,37,4,4,4,444,12,Champions
16016,2010-11-02,2011-12-06,11,3,2053.00,4,5,5,4,554,14,Champions
17086,2011-10-07,2011-12-02,6,0,2050.08,8,5,4,4,544,13,Champions
17666,2010-06-30,2011-12-06,5,0,2047.80,4,5,4,4,544,13,Champions
12586,2009-12-16,2011-11-22,4,1,2045.67,18,5,3,4,534,12,Hibernating
16996,2010-10-18,2011-11-09,9,4,2044.16,31,4,5,4,454,13,Champions
14232,2011-03-20,2011-10-28,5,3,2043.93,43,4,4,4,444,12,Champions
12868,2010-11-12,2011-06-07,8,0,2043.76,186,3,4,4,344,11,Loyal
17705,2010-05-12,2011-12-06,11,1,2041.50,4,5,5,4,554,14,Champions
18258,2010-05-16,2010-09-01,6,2,2040.97,465,1,4,4,144,9,At Risk - High Value
13799,2010-03-05,2011-08-15,9,4,2039.82,117,3,5,4,354,12,Loyal
14988,2010-04-16,2011-05-12,7,0,2038.65,212,2,4,4,244,10,At Risk - High Value
16214,2010-09-30,2011-06-22,4,0,2038.25,171,3,3,4,334,10,Needs Attention
16331,2010-03-07,2010-10-03,6,0,2037.70,433,1,4,4,144,9,At Risk - High Value
16795,2010-01-25,2010-12-09,3,2,2035.21,366,2,3,4,234,9,At Risk
15253,2010-05-02,2011-11-23,8,4,2033.29,17,5,4,4,544,13,Champions
12457,2010-09-30,2011-10-04,7,6,2032.31,67,3,4,4,344,11,Loyal
17289,2010-03-08,2011-11-08,9,2,2032.30,32,4,5,4,454,13,Champions
15272,2010-02-14,2011-10-13,6,0,2030.95,58,4,4,4,444,12,Champions
15506,2010-08-19,2011-11-17,6,0,2030.33,23,4,4,4,444,12,Champions
16794,2010-03-25,2011-12-08,15,2,2029.48,2,5,5,4,554,14,Champions
17897,2010-05-12,2011-06-20,9,1,2027.54,173,3,5,4,354,12,Loyal
12873,2010-01-27,2011-03-02,3,0,2027.30,283,2,3,4,234,9,At Risk
12599,2010-05-11,2011-11-10,13,0,2026.72,30,4,5,4,454,13,Champions
13989,2010-05-25,2011-10-05,5,0,2026.06,66,3,4,4,344,11,Loyal
14651,2010-03-18,2011-10-03,9,0,2025.52,68,3,5,4,354,12,Loyal
14631,2010-08-09,2011-10-20,6,1,2023.17,51,4,4,4,444,12,Champions
15384,2010-04-26,2011-06-23,4,1,2021.14,170,3,3,4,334,10,Needs Attention
14147,2010-03-09,2011-09-22,9,3,2019.30,79,3,5,4,354,12,Loyal
14188,2011-02-02,2011-11-09,6,4,2018.91,31,4,4,4,444,12,Champions
17324,2009-12-18,2011-11-22,12,1,2018.07,18,5,5,4,554,14,Champions
12418,2010-03-19,2011-08-19,4,1,2016.95,113,3,3,4,334,10,Needs Attention
16197,2009-12-16,2010-08-27,9,0,2016.71,470,1,5,4,154,10,At Risk - High Value
15864,2010-11-23,2011-11-17,7,2,2014.22,23,4,4,4,444,12,Champions
13663,2010-03-03,2011-06-13,5,1,2013.61,180,3,4,4,344,11,Loyal
16221,2010-08-10,2011-11-03,9,1,2011.97,37,4,5,4,454,13,Champions
15164,2010-01-18,2011-10-02,9,1,2011.21,69,3,5,4,354,12,Loyal
14225,2010-01-12,2010-10-01,4,1,2009.17,435,1,3,4,134,8,At Risk
13696,2010-01-13,2010-10-14,3,1,2008.70,422,1,3,4,134,8,At Risk
13092,2010-02-10,2011-09-30,12,3,2007.33,71,3,5,4,354,12,Loyal
12576,2010-07-01,2011-11-04,8,3,2003.87,36,4,4,4,444,12,Champions
13888,2010-05-13,2011-08-12,7,0,2001.59,120,3,4,4,344,11,Loyal
12986,2010-01-21,2010-10-07,10,2,1998.34,429,1,5,4,154,10,At Risk - High Value
16698,2011-03-31,2011-04-27,2,0,1998.00,227,2,2,4,224,8,Cannot Lose Them
14628,2010-01-25,2011-09-09,5,0,1998.00,92,3,4,4,344,11,Loyal
15990,2010-02-28,2011-10-26,7,0,1997.75,45,4,4,4,444,12,Champions
17126,2010-08-31,2011-07-10,9,2,1996.03,153,3,5,4,354,12,Loyal
13630,2011-02-27,2011-12-04,7,4,1995.68,6,5,4,4,544,13,Champions
12975,2009-12-06,2010-09-29,6,2,1993.99,437,1,4,4,144,9,At Risk - High Value
15481,2010-11-03,2010-11-03,1,0,1993.34,402,2,1,4,214,7,Cannot Lose Them
17048,2010-01-18,2011-08-14,7,4,1991.45,118,3,4,4,344,11,Loyal
17088,2011-03-31,2011-11-11,4,0,1991.01,29,4,3,4,434,11,Hibernating
13094,2010-11-15,2011-11-18,13,4,1990.98,22,4,5,4,454,13,Champions
13874,2009-12-11,2010-12-16,7,3,1989.20,359,2,4,4,244,10,At Risk - High Value
15550,2009-12-03,2011-12-05,12,2,1987.85,5,5,5,4,554,14,Champions
16529,2010-06-27,2011-06-02,4,0,1986.80,191,2,3,4,234,9,At Risk
14623,2010-04-16,2011-11-07,10,2,1983.55,33,4,5,4,454,13,Champions
14967,2009-12-03,2011-10-21,6,0,1982.61,50,4,4,4,444,12,Champions
16235,2010-08-26,2011-10-30,8,2,1980.61,41,4,4,4,444,12,Champions
15795,2010-01-18,2011-07-13,8,0,1979.87,150,3,4,4,344,11,Loyal
16332,2010-04-29,2011-11-11,11,2,1977.05,29,4,5,4,454,13,Champions
14152,2010-02-18,2011-09-25,7,2,1975.44,76,3,4,4,344,11,Loyal
16065,2010-09-02,2010-12-09,8,2,1975.13,366,2,4,4,244,10,At Risk - High Value
17633,2010-11-15,2011-11-08,7,2,1974.89,32,4,4,4,444,12,Champions
15531,2011-11-09,2011-12-01,2,0,1972.39,9,5,2,4,524,11,New / Promising
17797,2009-12-15,2011-11-17,8,0,1971.87,23,4,4,4,444,12,Champions
14634,2010-05-04,2010-09-28,4,3,1971.82,438,1,3,4,134,8,At Risk
14396,2009-12-02,2011-10-05,7,0,1969.38,66,3,4,4,344,11,Loyal
16960,2010-03-02,2011-11-01,8,1,1967.48,39,4,4,4,444,12,Champions
15030,2010-03-04,2011-09-29,8,1,1967.16,72,3,4,4,344,11,Loyal
13693,2009-12-07,2010-11-30,9,3,1966.32,375,2,5,4,254,11,At Risk - High Value
16032,2010-07-04,2010-09-09,6,0,1965.72,457,1,4,4,144,9,At Risk - High Value
17351,2009-12-10,2011-11-03,12,0,1964.38,37,4,5,4,454,13,Champions
15658,2009-12-03,2011-06-02,8,5,1964.14,191,2,4,4,244,10,At Risk - High Value
16176,2010-03-29,2010-10-14,4,3,1964.04,422,1,3,4,134,8,At Risk
17966,2010-01-18,2011-11-02,10,0,1963.92,38,4,5,4,454,13,Champions
17158,2010-03-07,2011-11-07,5,1,1962.30,33,4,4,4,444,12,Champions
18204,2011-05-31,2011-09-29,3,1,1960.95,72,3,3,4,334,10,Needs Attention
14477,2009-12-23,2011-11-20,7,3,1960.61,20,4,4,4,444,12,Champions
16290,2010-05-23,2010-09-01,4,0,1957.70,465,1,3,4,134,8,At Risk
14301,2010-02-11,2011-08-14,4,3,1956.23,118,3,3,4,334,10,Needs Attention
17039,2010-04-14,2010-04-14,1,0,1954.99,605,1,1,4,114,6,Cannot Lose Them
18016,2010-01-27,2011-11-07,7,0,1954.56,33,4,4,4,444,12,Champions
17554,2011-07-14,2011-12-08,5,0,1952.45,2,5,4,4,544,13,Champions
13761,2010-02-21,2011-10-20,6,0,1952.17,51,4,4,4,444,12,Champions
13208,2009-12-03,2011-10-11,8,0,1951.82,60,3,4,4,344,11,Loyal
14014,2010-05-12,2011-09-23,3,0,1948.21,78,3,3,4,334,10,Needs Attention
12501,2011-01-07,2011-01-07,1,1,1945.68,337,2,1,4,214,7,Cannot Lose Them
15425,2010-02-14,2010-11-04,4,0,1941.12,401,2,3,4,234,9,At Risk
15478,2010-05-13,2011-10-30,3,0,1940.98,41,4,3,4,434,11,Hibernating
14905,2009-12-03,2011-07-05,8,2,1939.69,158,3,4,4,344,11,Loyal
14418,2011-08-23,2011-12-06,3,0,1937.25,4,5,3,4,534,12,Hibernating
17460,2010-01-22,2011-09-06,16,5,1937.10,95,3,5,4,354,12,Loyal
14276,2010-02-17,2011-09-02,7,5,1933.73,99,3,4,4,344,11,Loyal
15789,2010-03-26,2010-12-16,6,1,1932.01,359,2,4,4,244,10,At Risk - High Value
15803,2010-02-01,2011-10-19,4,0,1929.66,52,4,3,4,434,11,Hibernating
17236,2010-03-07,2011-11-27,12,0,1929.26,13,5,5,4,554,14,Champions
13029,2010-07-04,2011-11-09,5,0,1927.30,31,4,4,4,444,12,Champions
16788,2010-02-07,2011-08-08,5,0,1927.28,124,3,4,4,344,11,Loyal
16681,2010-03-08,2011-09-28,7,0,1921.84,73,3,4,4,344,11,Loyal
12842,2009-12-02,2011-09-30,4,0,1917.99,71,3,3,4,334,10,Needs Attention
14332,2010-10-19,2011-11-17,5,0,1917.41,23,4,4,4,444,12,Champions
16619,2010-02-22,2011-03-21,4,1,1916.53,264,2,3,4,234,9,At Risk
16650,2010-07-08,2011-09-29,7,0,1916.11,72,3,4,4,344,11,Loyal
13476,2010-03-05,2011-06-14,5,2,1915.77,179,3,4,4,344,11,Loyal
14901,2010-07-29,2011-11-28,12,1,1912.70,12,5,5,4,554,14,Champions
15620,2010-10-26,2011-10-14,4,4,1909.93,57,4,3,4,434,11,Hibernating
12725,2010-05-04,2010-12-03,3,0,1906.76,372,2,3,4,234,9,At Risk
17046,2010-03-29,2011-07-05,5,0,1906.07,158,3,4,4,344,11,Loyal
14250,2011-09-11,2011-12-02,3,0,1904.05,8,5,3,4,534,12,Hibernating
14127,2010-10-10,2011-08-09,6,0,1900.08,123,3,4,4,344,11,Loyal
14710,2009-12-03,2011-11-25,13,0,1899.79,15,5,5,4,554,14,Champions
14730,2011-03-08,2011-12-08,8,0,1897.57,2,5,4,4,544,13,Champions
17337,2011-02-02,2011-07-11,4,3,1896.06,152,3,3,4,334,10,Needs Attention
17560,2010-02-17,2011-09-06,8,0,1895.80,95,3,4,4,344,11,Loyal
14327,2010-01-08,2011-06-29,6,0,1894.93,164,3,4,4,344,11,Loyal
14794,2010-08-09,2011-12-07,10,3,1889.15,3,5,5,4,554,14,Champions
15381,2010-05-05,2011-05-10,5,1,1887.62,214,2,4,4,244,10,At Risk - High Value
12560,2011-07-19,2011-12-04,2,1,1885.39,6,5,2,4,524,11,New / Promising
16172,2010-07-14,2011-09-05,8,0,1884.55,96,3,4,4,344,11,Loyal
16027,2010-01-08,2011-09-09,15,2,1882.34,92,3,5,4,354,12,Loyal
17227,2010-01-15,2011-11-21,12,0,1878.93,19,5,5,4,554,14,Champions
16942,2011-04-26,2011-11-27,9,1,1878.51,13,5,5,4,554,14,Champions
14000,2009-12-02,2011-05-12,5,3,1877.59,212,2,4,4,244,10,At Risk - High Value
13276,2010-03-07,2011-10-07,5,2,1871.21,64,3,4,4,344,11,Loyal
16742,2009-12-16,2010-08-04,13,1,1870.07,493,1,5,4,154,10,At Risk - High Value
16631,2010-02-26,2010-08-15,7,1,1867.02,482,1,4,4,144,9,At Risk - High Value
15248,2010-06-23,2010-10-24,3,1,1865.03,412,1,3,4,134,8,At Risk
17350,2010-02-01,2011-12-01,7,1,1863.82,9,5,4,4,544,13,Champions
16426,2011-03-08,2011-12-07,10,0,1863.76,3,5,5,4,554,14,Champions
14887,2011-09-21,2011-09-21,1,0,1862.00,80,3,1,4,314,8,Hibernating
12687,2010-08-16,2010-08-16,1,0,1858.91,481,1,1,4,114,6,Cannot Lose Them
14130,2009-12-11,2011-01-24,4,0,1858.77,320,2,3,4,234,9,At Risk
16043,2010-08-15,2011-11-02,8,0,1856.59,38,4,4,4,444,12,Champions
15561,2010-02-14,2011-11-28,8,1,1856.54,12,5,4,4,544,13,Champions
13889,2010-01-22,2011-09-08,6,2,1855.73,93,3,4,4,344,11,Loyal
18151,2010-03-04,2011-07-28,6,1,1853.94,135,3,4,4,344,11,Loyal
16049,2010-07-11,2011-10-30,6,0,1852.15,41,4,4,4,444,12,Champions
18180,2011-07-20,2011-12-05,6,0,1843.75,5,5,4,4,544,13,Champions
12950,2011-11-15,2011-12-07,3,0,1843.00,3,5,3,4,534,12,Hibernating
16917,2009-12-11,2011-03-08,2,1,1842.93,277,2,2,4,224,8,Cannot Lose Them
12399,2010-03-05,2011-08-12,7,0,1842.30,120,3,4,4,344,11,Loyal
16102,2011-08-03,2011-10-28,3,0,1842.14,43,4,3,4,434,11,Hibernating
14224,2010-06-13,2011-08-21,9,0,1841.71,111,3,5,4,354,12,Loyal
12518,2011-08-21,2011-12-09,5,0,1840.89,1,5,4,4,544,13,Champions
17919,2010-09-27,2011-09-12,2,0,1840.32,89,3,2,4,324,9,Hibernating
17015,2011-06-07,2011-11-11,3,0,1838.61,29,4,3,4,434,11,Hibernating
15081,2010-06-22,2011-11-17,12,1,1837.12,23,4,5,4,454,13,Champions
16175,2010-05-25,2011-09-06,7,0,1836.44,95,3,4,4,344,11,Loyal
13168,2010-06-15,2011-11-03,5,1,1831.68,37,4,4,4,444,12,Champions
17152,2010-10-10,2011-05-29,4,1,1830.50,195,2,3,4,234,9,At Risk
14912,2010-04-28,2011-11-23,5,1,1829.78,17,5,4,4,544,13,Champions
16152,2011-03-16,2011-03-16,1,0,1829.04,269,2,1,4,214,7,Cannot Lose Them
16825,2010-06-23,2011-11-01,5,0,1826.89,39,4,4,4,444,12,Champions
17244,2009-12-06,2011-10-17,5,0,1826.04,54,4,4,4,444,12,Champions
15678,2010-07-05,2011-10-18,3,0,1825.94,53,4,3,4,434,11,Hibernating
17642,2009-12-05,2011-08-12,5,0,1824.49,120,3,4,4,344,11,Loyal
16169,2011-09-25,2011-12-01,4,0,1822.97,9,5,3,4,534,12,Hibernating
14403,2010-03-10,2011-08-01,6,3,1822.76,131,3,4,4,344,11,Loyal
16163,2009-12-02,2011-04-21,6,8,1822.03,233,2,4,4,244,10,At Risk - High Value
14389,2009-12-10,2011-10-05,5,6,1821.07,66,3,4,4,344,11,Loyal
12582,2010-05-11,2011-04-15,4,0,1820.40,239,2,3,4,234,9,At Risk
17787,2010-12-03,2011-07-10,4,0,1817.54,153,3,3,4,334,10,Needs Attention
15402,2010-04-27,2011-07-14,6,1,1816.22,149,3,4,4,344,11,Loyal
16205,2010-06-15,2011-11-09,7,0,1813.51,31,4,4,4,444,12,Champions
16880,2010-08-03,2011-11-09,8,0,1813.21,31,4,4,4,444,12,Champions
12584,2011-03-04,2011-12-06,9,9,1809.95,4,5,5,4,554,14,Champions
13725,2011-02-04,2011-10-21,8,3,1809.81,50,4,4,4,444,12,Champions
14715,2010-01-19,2011-11-15,8,0,1809.55,25,4,4,4,444,12,Champions
15530,2010-07-15,2011-11-18,5,0,1808.68,22,4,4,4,444,12,Champions
15807,2010-02-11,2011-10-20,5,1,1807.57,51,4,4,4,444,12,Champions
15133,2010-07-07,2011-08-04,5,0,1806.90,128,3,4,4,344,11,Loyal
14305,2011-07-27,2011-09-29,3,2,1803.76,72,3,3,4,334,10,Needs Attention
13561,2010-02-28,2011-05-08,11,0,1803.40,216,2,5,4,254,11,At Risk - High Value
14723,2009-12-04,2011-11-29,11,0,1801.36,11,5,5,4,554,14,Champions
16249,2011-04-14,2011-10-18,5,0,1800.07,53,4,4,4,444,12,Champions
15822,2009-12-06,2011-12-06,6,2,1797.71,4,5,4,4,544,13,Champions
12644,2010-01-14,2011-08-02,4,2,1797.54,130,3,3,4,334,10,Needs Attention
18161,2010-11-25,2011-11-24,6,1,1797.20,16,5,4,4,544,13,Champions
18235,2011-05-06,2011-09-29,3,0,1796.48,72,3,3,4,334,10,Needs Attention
12674,2011-05-16,2011-11-01,4,3,1796.26,39,4,3,4,434,11,Hibernating
18236,2010-04-15,2011-11-10,12,0,1795.35,30,4,5,4,454,13,Champions
14870,2010-01-25,2011-03-23,6,3,1794.60,262,2,4,4,244,10,At Risk - High Value
14553,2010-07-18,2011-11-20,9,1,1793.10,20,4,5,4,454,13,Champions
18122,2011-07-12,2011-12-01,6,0,1791.84,9,5,4,4,544,13,Champions
13884,2010-08-26,2011-12-02,10,4,1788.93,8,5,5,4,554,14,Champions
13375,2010-09-21,2011-09-12,2,1,1786.48,89,3,2,4,324,9,Hibernating
15608,2010-10-20,2011-11-11,5,0,1785.98,29,4,4,4,444,12,Champions
15452,2010-07-16,2011-11-10,6,0,1785.11,30,4,4,4,444,12,Champions
14893,2010-04-01,2011-11-30,3,2,1785.01,10,5,3,4,534,12,Hibernating
17165,2009-12-11,2011-02-28,6,2,1783.63,285,2,4,4,244,10,At Risk - High Value
16110,2010-07-05,2011-10-25,4,0,1781.59,46,4,3,4,434,11,Hibernating
13782,2009-12-06,2011-11-27,13,1,1778.13,13,5,5,4,554,14,Champions
16611,2010-03-10,2011-06-06,6,1,1776.63,187,2,4,4,244,10,At Risk - High Value
18220,2009-12-15,2011-04-27,6,5,1771.70,227,2,4,4,244,10,At Risk - High Value
15972,2010-04-18,2010-09-09,5,0,1769.33,457,1,4,4,144,9,At Risk - High Value
15594,2011-04-19,2011-11-24,5,1,1767.53,16,5,4,4,544,13,Champions
12585,2010-12-23,2011-04-19,2,2,1766.81,235,2,2,4,224,8,Cannot Lose Them
16751,2011-11-09,2011-11-09,1,0,1764.72,31,4,1,4,414,9,New / Promising
16692,2010-09-24,2011-03-28,4,0,1764.70,257,2,3,4,234,9,At Risk
14738,2009-12-07,2011-10-28,9,3,1763.64,43,4,5,4,454,13,Champions
14708,2010-09-10,2011-12-07,5,1,1763.52,3,5,4,4,544,13,Champions
16797,2009-12-02,2010-11-11,5,4,1761.02,394,2,4,4,244,10,At Risk - High Value
16620,2009-12-01,2011-12-06,6,0,1758.93,4,5,4,4,544,13,Champions
15220,2011-03-04,2011-10-19,6,1,1758.92,52,4,4,4,444,12,Champions
16511,2010-03-01,2011-11-18,6,0,1758.49,22,4,4,4,444,12,Champions
16266,2010-02-04,2011-09-27,14,0,1757.95,74,3,5,4,354,12,Loyal
16595,2010-01-17,2011-10-09,5,0,1757.75,62,3,4,4,344,11,Loyal
16510,2010-01-17,2010-12-02,6,0,1757.25,373,2,4,4,244,10,At Risk - High Value
14915,2009-12-03,2011-09-09,11,2,1752.65,92,3,5,4,354,12,Loyal
16474,2011-07-17,2011-12-02,7,4,1750.46,8,5,4,4,544,13,Champions
15100,2010-01-07,2011-01-10,7,7,1750.10,334,2,4,4,244,10,At Risk - High Value
14522,2010-01-24,2011-11-15,8,0,1748.42,25,4,4,4,444,12,Champions
13717,2010-08-11,2011-11-07,8,3,1748.05,33,4,4,4,444,12,Champions
13808,2011-09-04,2011-12-04,5,0,1747.66,6,5,4,4,544,13,Champions
16770,2010-08-22,2011-10-13,9,2,1746.83,58,4,5,4,454,13,Champions
13946,2009-12-04,2011-09-21,6,1,1745.43,80,3,4,4,344,11,Loyal
16380,2011-10-09,2011-10-09,1,0,1743.15,62,3,1,4,314,8,Hibernating
16348,2010-10-05,2011-11-07,8,0,1742.08,33,4,4,4,444,12,Champions
12704,2011-06-23,2011-12-02,8,0,1740.84,8,5,4,4,544,13,Champions
17609,2010-04-09,2011-10-30,11,3,1740.01,41,4,5,4,454,13,Champions
15473,2010-09-21,2011-11-25,8,3,1740.00,15,5,4,4,544,13,Champions
16087,2010-01-19,2010-11-15,5,0,1739.92,390,2,4,4,244,10,At Risk - High Value
17974,2010-10-28,2011-11-15,6,0,1739.09,25,4,4,4,444,12,Champions
15605,2010-01-14,2011-11-03,9,1,1738.55,37,4,5,4,454,13,Champions
13456,2011-05-16,2011-11-22,6,1,1737.82,18,5,4,4,544,13,Champions
12531,2010-01-22,2011-11-25,2,1,1737.05,15,5,2,4,524,11,New / Promising
15128,2010-10-05,2011-10-10,5,3,1735.93,61,3,4,4,344,11,Loyal
13920,2010-05-26,2010-10-04,4,1,1734.88,432,1,3,4,134,8,At Risk
17268,2009-12-08,2011-08-24,11,0,1733.89,108,3,5,4,354,12,Loyal
15777,2010-05-20,2011-04-12,7,2,1732.16,242,2,4,4,244,10,At Risk - High Value
17432,2009-12-03,2011-11-21,9,0,1728.99,19,5,5,4,554,14,Champions
16891,2009-12-04,2011-12-08,11,0,1727.94,2,5,5,4,554,14,Champions
14387,2011-08-22,2011-11-07,3,0,1727.60,33,4,3,4,434,11,Hibernating
14896,2009-12-06,2011-05-19,8,2,1727.30,205,2,4,4,244,10,At Risk - High Value
16809,2010-04-13,2011-11-16,9,1,1725.48,24,4,5,4,454,13,Champions
14584,2010-02-17,2011-06-23,8,1,1725.16,170,3,4,4,344,11,Loyal
14075,2010-08-26,2011-12-05,5,0,1724.87,5,5,4,4,544,13,Champions
12592,2010-07-08,2011-09-08,4,0,1723.64,93,3,3,4,334,10,Needs Attention
16119,2009-12-16,2011-12-01,8,0,1720.81,9,5,4,4,544,13,Champions
14704,2010-03-25,2011-11-20,9,0,1720.58,20,4,5,4,454,13,Champions
17695,2010-01-28,2011-07-31,5,1,1720.54,132,3,4,4,344,11,Loyal
17671,2010-11-29,2011-11-24,5,2,1720.53,16,5,4,4,544,13,Champions
15267,2011-06-10,2011-11-17,5,0,1717.36,23,4,4,4,444,12,Champions
13705,2010-03-25,2011-12-02,7,0,1717.19,8,5,4,4,544,13,Champions
14021,2010-04-26,2011-07-07,7,0,1716.58,156,3,4,4,344,11,Loyal
14741,2010-10-18,2011-11-28,7,0,1713.09,12,5,4,4,544,13,Champions
18239,2010-10-13,2011-05-05,6,0,1712.26,219,2,4,4,244,10,At Risk - High Value
14447,2010-11-04,2011-11-21,6,0,1711.73,19,5,4,4,544,13,Champions
13665,2010-07-23,2010-11-18,3,0,1711.66,387,2,3,4,234,9,At Risk
16374,2010-04-30,2011-10-04,5,0,1709.55,67,3,4,4,344,11,Loyal
16124,2009-12-07,2011-01-26,4,2,1709.39,318,2,3,4,234,9,At Risk
13104,2010-02-24,2011-12-06,9,0,1709.10,4,5,5,4,554,14,Champions
15947,2011-09-18,2011-09-18,1,0,1708.24,83,3,1,4,314,8,Hibernating
15730,2010-10-04,2011-10-05,5,2,1708.18,66,3,4,4,344,11,Loyal
15885,2010-01-21,2011-09-07,13,5,1707.57,94,3,5,4,354,12,Loyal
17162,2011-02-07,2011-11-11,10,1,1707.21,29,4,5,4,454,13,Champions
16902,2011-08-15,2011-08-15,1,0,1706.88,117,3,1,4,314,8,Hibernating
13503,2010-02-16,2011-09-29,5,4,1706.79,72,3,4,4,344,11,Loyal
13309,2010-11-12,2011-12-02,6,0,1706.37,8,5,4,4,544,13,Champions
12610,2011-08-05,2011-11-17,4,2,1705.99,23,4,3,4,434,11,Hibernating
14692,2010-04-01,2011-07-25,12,1,1705.64,138,3,5,4,354,12,Loyal
17135,2010-05-09,2011-11-23,10,1,1705.46,17,5,5,4,554,14,Champions
14859,2010-06-03,2011-11-27,5,1,1703.94,13,5,4,4,544,13,Champions
14400,2010-03-18,2011-07-13,3,2,1703.00,150,3,3,4,334,10,Needs Attention
12762,2011-11-14,2011-12-02,2,0,1702.52,8,5,2,4,524,11,New / Promising
15221,2010-03-12,2010-12-08,4,3,1702.00,367,2,3,4,234,9,At Risk
12932,2010-02-10,2010-06-18,8,0,1698.56,540,1,4,4,144,9,At Risk - High Value
13026,2009-12-13,2011-12-08,9,3,1697.74,2,5,5,4,554,14,Champions
17694,2010-05-26,2011-07-21,3,0,1695.97,142,3,3,4,334,10,Needs Attention
16899,2010-11-07,2011-12-02,8,0,1695.77,8,5,4,4,544,13,Champions
17750,2011-06-28,2011-12-04,9,0,1694.16,6,5,5,4,554,14,Champions
12764,2011-01-27,2011-01-27,1,0,1693.88,317,2,1,4,214,7,Cannot Lose Them
16010,2010-10-24,2011-04-08,11,1,1692.91,246,2,5,4,254,11,At Risk - High Value
16671,2011-06-28,2011-11-11,3,0,1692.27,29,4,3,4,434,11,Hibernating
13838,2010-05-09,2011-12-04,10,0,1690.07,6,5,5,4,554,14,Champions
13294,2010-03-03,2011-06-03,3,0,1689.53,190,2,3,4,234,9,At Risk
16993,2010-05-12,2010-09-02,2,1,1688.15,464,1,2,4,124,7,Cannot Lose Them
13516,2010-10-18,2011-11-18,4,0,1685.26,22,4,3,4,434,11,Hibernating
13566,2010-03-10,2011-10-30,5,0,1684.75,41,4,4,4,444,12,Champions
15911,2009-12-09,2010-03-26,8,0,1683.79,624,1,4,4,144,9,At Risk - High Value
13924,2011-09-28,2011-12-08,6,5,1682.08,2,5,4,4,544,13,Champions
13648,2009-12-01,2010-11-04,8,3,1681.12,401,2,4,4,244,10,At Risk - High Value
12425,2010-09-17,2011-09-22,2,1,1680.81,79,3,2,4,324,9,Hibernating
15976,2010-06-06,2011-06-27,6,0,1680.31,166,3,4,4,344,11,Loyal
13800,2009-12-03,2011-02-03,3,0,1679.56,310,2,3,4,234,9,At Risk
16233,2009-12-02,2011-09-29,9,3,1678.26,72,3,5,4,354,12,Loyal
14245,2011-03-21,2011-05-04,2,3,1677.48,220,2,2,4,224,8,Cannot Lose Them
13149,2011-02-23,2011-11-25,4,0,1676.06,15,5,3,4,534,12,Hibernating
16725,2009-12-13,2011-02-10,13,2,1675.41,303,2,5,4,254,11,At Risk - High Value
17656,2011-08-03,2011-09-27,5,0,1674.69,74,3,4,4,344,11,Loyal
17603,2009-12-10,2011-09-22,4,4,1671.18,79,3,3,4,334,10,Needs Attention
17534,2010-02-25,2011-10-17,5,0,1668.83,54,4,4,4,444,12,Champions
15736,2010-09-30,2010-09-30,2,1,1668.67,436,1,2,4,124,7,Cannot Lose Them
12385,2010-11-25,2010-11-25,1,0,1668.40,380,2,1,4,214,7,Cannot Lose Them
13434,2010-02-22,2011-09-26,5,0,1666.86,75,3,4,4,344,11,Loyal
13064,2010-04-27,2011-11-27,6,0,1666.84,13,5,4,4,544,13,Champions
15192,2010-01-29,2011-08-12,5,0,1666.39,120,3,4,4,344,11,Loyal
17321,2010-05-11,2011-12-01,6,0,1665.21,9,5,4,4,544,13,Champions
16329,2009-12-01,2010-10-08,4,0,1664.92,428,1,3,4,134,8,At Risk
12912,2011-10-30,2011-12-07,5,0,1662.30,3,5,4,4,544,13,Champions
12870,2010-03-25,2010-11-29,3,1,1662.05,376,2,3,4,234,9,At Risk
15214,2011-04-11,2011-12-08,8,0,1661.44,2,5,4,4,544,13,Champions
15649,2010-11-17,2011-01-07,4,0,1660.35,337,2,3,4,234,9,At Risk
14583,2010-03-28,2011-12-04,8,0,1660.29,6,5,4,4,544,13,Champions
16639,2010-10-26,2011-11-08,4,1,1659.85,32,4,3,4,434,11,Hibernating
12694,2010-10-14,2011-09-30,3,1,1659.45,71,3,3,4,334,10,Needs Attention
12348,2010-09-27,2011-09-25,5,0,1658.40,76,3,4,4,344,11,Loyal
16859,2010-03-04,2011-07-18,7,3,1657.74,145,3,4,4,344,11,Loyal
14643,2009-12-11,2011-06-22,5,1,1654.69,171,3,4,4,344,11,Loyal
13308,2010-04-22,2011-11-17,4,1,1652.47,23,4,3,4,434,11,Hibernating
16813,2011-05-19,2011-12-01,10,0,1652.18,9,5,5,4,554,14,Champions
12911,2010-06-06,2010-06-06,1,0,1651.72,552,1,1,4,114,6,Cannot Lose Them
16625,2010-06-14,2011-03-10,5,1,1651.08,275,2,4,4,244,10,At Risk - High Value
17451,2011-08-26,2011-12-08,7,3,1648.95,2,5,4,4,544,13,Champions
17813,2011-09-29,2011-11-25,5,2,1641.79,15,5,4,4,544,13,Champions
17041,2010-04-18,2011-11-13,6,1,1639.40,27,4,4,4,444,12,Champions
18096,2010-07-14,2011-11-28,6,0,1638.16,12,5,4,4,544,13,Champions
16768,2009-12-07,2011-10-23,9,5,1637.52,48,4,5,4,454,13,Champions
17006,2010-03-05,2011-12-05,8,0,1635.27,5,5,4,4,544,13,Champions
15310,2010-08-18,2010-08-18,1,0,1634.64,479,1,1,4,114,6,Cannot Lose Them
12528,2011-01-31,2011-11-30,6,2,1634.28,10,5,4,4,544,13,Champions
13711,2009-12-01,2011-05-05,9,6,1632.61,219,2,5,4,254,11,At Risk - High Value
14164,2011-09-20,2011-09-30,2,0,1631.77,71,3,2,4,324,9,Hibernating
16398,2011-03-31,2011-07-08,2,2,1631.15,155,3,2,4,324,9,Hibernating
14904,2010-10-08,2011-12-07,4,0,1630.49,3,5,3,4,534,12,Hibernating
17571,2010-06-15,2011-10-20,5,0,1629.66,51,4,4,4,444,12,Champions
15551,2010-06-07,2011-11-03,7,2,1629.01,37,4,4,4,444,12,Champions
14420,2010-01-17,2011-09-01,4,3,1627.72,100,3,3,4,334,10,Needs Attention
15167,2010-02-04,2011-01-23,5,0,1627.62,321,2,4,4,244,10,At Risk - High Value
15339,2010-02-08,2011-10-04,7,4,1627.27,67,3,4,4,344,11,Loyal
14759,2011-04-21,2011-12-05,3,0,1625.97,5,5,3,4,534,12,Hibernating
15172,2011-04-17,2011-12-01,5,0,1624.05,9,5,4,4,544,13,Champions
14831,2009-12-02,2010-01-28,3,4,1623.97,681,1,3,4,134,8,At Risk
13363,2010-10-26,2011-11-22,3,0,1623.86,18,5,3,4,534,12,Hibernating
12813,2010-01-15,2010-07-26,3,0,1621.80,502,1,3,4,134,8,At Risk
18276,2009-12-10,2011-10-27,6,4,1620.67,44,4,4,4,444,12,Champions
14937,2011-08-01,2011-10-14,3,1,1617.63,57,4,3,4,434,11,Hibernating
12383,2010-12-22,2011-06-08,5,1,1617.31,185,3,4,4,344,11,Loyal
16224,2010-11-17,2011-10-13,5,0,1616.54,58,4,4,4,444,12,Champions
15607,2010-01-08,2011-01-07,9,3,1616.37,337,2,5,4,254,11,At Risk - High Value
13184,2011-02-22,2011-11-25,10,2,1615.45,15,5,5,4,554,14,Champions
15422,2010-02-07,2011-01-20,7,1,1615.02,324,2,4,4,244,10,At Risk - High Value
14336,2011-03-08,2011-11-23,4,0,1614.91,17,5,3,4,534,12,Hibernating
15013,2010-01-31,2010-08-09,10,0,1610.82,488,1,5,4,154,10,At Risk - High Value
17814,2010-10-13,2010-11-29,2,0,1609.37,376,2,2,4,224,8,Cannot Lose Them
13154,2009-12-04,2010-11-05,3,1,1609.29,400,2,3,4,234,9,At Risk
12352,2010-11-12,2011-11-03,9,1,1609.21,37,4,5,4,454,13,Champions
12847,2010-11-17,2011-11-17,2,0,1609.00,23,4,2,4,424,10,New / Promising
13249,2010-01-24,2011-09-08,9,0,1608.93,93,3,5,4,354,12,Loyal
13900,2010-03-25,2011-06-09,6,1,1608.09,184,3,4,4,344,11,Loyal
14920,2010-05-23,2011-05-11,3,0,1607.17,213,2,3,4,234,9,At Risk
17515,2010-06-07,2011-11-08,9,0,1602.51,32,4,5,4,454,13,Champions
14850,2010-05-20,2011-02-01,7,2,1599.76,312,2,4,4,244,10,At Risk - High Value
12514,2010-03-08,2011-03-17,2,0,1597.76,268,2,2,4,224,8,Cannot Lose Them
15134,2010-10-13,2011-11-25,10,0,1596.29,15,5,5,4,554,14,Champions
17853,2009-12-03,2010-10-28,3,0,1596.29,408,2,3,4,234,9,At Risk
15325,2010-02-16,2011-08-28,8,1,1596.26,104,3,4,4,344,11,Loyal
13417,2010-02-08,2011-12-05,6,1,1593.89,5,5,4,4,544,13,Champions
17028,2009-12-18,2010-05-07,3,0,1593.83,582,1,3,4,134,8,At Risk
16860,2010-02-15,2010-09-13,3,1,1593.67,453,1,3,4,134,8,At Risk
13850,2011-08-02,2011-08-02,1,1,1586.81,130,3,1,4,314,8,Hibernating
13156,2010-02-01,2010-11-19,3,0,1586.54,386,2,3,4,234,9,At Risk
16096,2010-03-04,2011-03-20,4,0,1584.97,265,2,3,4,234,9,At Risk
13740,2009-12-02,2011-04-13,5,0,1582.77,241,2,4,4,244,10,At Risk - High Value
17540,2010-04-19,2011-11-15,6,1,1582.10,25,4,4,4,444,12,Champions
14178,2011-06-10,2011-12-01,7,0,1580.26,9,5,4,4,544,13,Champions
13239,2010-07-25,2011-03-23,5,1,1579.84,262,2,4,4,244,10,At Risk - High Value
13752,2010-06-30,2011-08-07,7,0,1579.83,125,3,4,4,344,11,Loyal
14587,2011-01-12,2011-11-21,9,1,1577.39,19,5,5,4,554,14,Champions
12933,2009-12-10,2011-11-15,8,3,1576.88,25,4,4,4,444,12,Champions
14489,2010-04-06,2011-05-16,4,0,1574.93,208,2,3,4,234,9,At Risk
14492,2010-03-30,2010-10-05,7,3,1574.36,431,1,4,4,144,9,At Risk - High Value
14719,2011-04-04,2011-12-08,5,1,1571.89,2,5,4,4,544,13,Champions
13202,2009-12-09,2010-11-10,7,1,1571.35,395,2,4,4,244,10,At Risk - High Value
15289,2010-03-28,2011-11-10,5,2,1570.71,30,4,4,4,444,12,Champions
12549,2010-01-11,2010-05-13,5,0,1570.68,576,1,4,4,144,9,At Risk - High Value
17624,2009-12-20,2011-11-25,4,0,1568.63,15,5,3,4,534,12,Hibernating
16716,2010-03-19,2011-03-18,3,1,1568.28,267,2,3,4,234,9,At Risk
16099,2010-03-03,2011-10-20,7,1,1568.25,51,4,4,4,444,12,Champions
17222,2010-01-10,2011-10-05,6,0,1563.61,66,3,4,4,344,11,Loyal
17235,2010-06-04,2011-11-14,8,0,1562.98,26,4,4,4,444,12,Champions
17886,2009-12-14,2011-11-08,6,1,1562.60,32,4,4,4,444,12,Champions
16774,2010-02-16,2011-10-03,8,1,1560.88,68,3,4,4,344,11,Loyal
15466,2009-12-03,2011-09-15,4,0,1560.46,86,3,3,4,334,10,Needs Attention
16256,2010-04-21,2011-03-18,3,1,1559.57,267,2,3,4,234,9,At Risk
15279,2010-02-02,2010-12-20,5,2,1554.84,355,2,4,4,244,10,At Risk - High Value
18149,2010-03-14,2011-10-20,7,0,1553.96,51,4,4,4,444,12,Champions
14136,2009-12-08,2010-11-04,5,2,1553.96,401,2,4,4,244,10,At Risk - High Value
15074,2010-08-29,2011-08-26,3,0,1553.13,106,3,3,4,334,10,Needs Attention
17851,2009-12-03,2010-10-13,6,0,1552.35,423,1,4,4,144,9,At Risk - High Value
14078,2010-03-28,2011-08-30,9,0,1551.82,102,3,5,4,354,12,Loyal
12577,2009-12-03,2011-11-04,8,1,1550.75,36,4,4,4,444,12,Champions
14186,2010-03-05,2010-10-08,5,0,1550.63,428,1,4,4,144,9,At Risk - High Value
13337,2010-06-11,2010-06-11,1,1,1550.06,547,1,1,4,114,6,Cannot Lose Them
16366,2009-12-16,2011-11-21,4,0,1548.13,19,5,3,4,534,12,Hibernating
13554,2010-09-19,2010-11-24,7,3,1547.46,381,2,4,4,244,10,At Risk - High Value
16017,2010-01-05,2011-10-23,5,0,1545.58,48,4,4,4,444,12,Champions
18036,2009-12-18,2011-11-07,11,0,1545.49,33,4,5,4,454,13,Champions
14754,2010-01-18,2011-10-26,6,1,1543.73,45,4,4,4,444,12,Champions
14236,2010-07-22,2011-09-20,5,2,1543.44,81,3,4,4,344,11,Loyal
16915,2010-05-19,2011-11-30,11,0,1543.18,10,5,5,4,554,14,Champions
17649,2010-08-24,2011-07-24,3,2,1542.44,139,3,3,4,334,10,Needs Attention
13783,2010-02-04,2010-08-09,4,0,1542.09,488,1,3,4,134,8,At Risk
12778,2010-04-16,2011-11-20,9,0,1541.68,20,4,5,4,454,13,Champions
16461,2010-03-03,2011-06-15,3,0,1539.83,178,3,3,4,334,10,Needs Attention
13186,2011-08-03,2011-10-31,3,2,1539.69,40,4,3,4,434,11,Hibernating
15987,2010-11-25,2011-11-27,8,0,1535.99,13,5,4,4,544,13,Champions
17323,2010-01-10,2011-11-24,12,2,1535.56,16,5,5,4,554,14,Champions
15798,2010-01-27,2010-08-04,3,0,1535.37,493,1,3,4,134,8,At Risk
13939,2010-04-06,2011-11-16,7,3,1533.66,24,4,4,4,444,12,Champions
17454,2010-01-15,2011-05-31,10,1,1532.64,193,2,5,4,254,11,At Risk - High Value
18136,2010-09-14,2011-10-07,5,4,1531.71,64,3,4,4,344,11,Loyal
13539,2010-04-28,2011-09-15,7,2,1531.26,86,3,4,4,344,11,Loyal
15326,2009-12-01,2011-01-10,5,5,1529.82,334,2,4,4,244,10,At Risk - High Value
17190,2010-03-05,2011-10-12,7,1,1529.73,59,3,4,4,344,11,Loyal
15701,2011-08-21,2011-12-07,4,0,1529.00,3,5,3,4,534,12,Hibernating
14198,2010-01-05,2011-11-21,9,4,1527.58,19,5,5,4,554,14,Champions
15201,2010-04-07,2011-09-13,7,7,1525.90,88,3,4,4,344,11,Loyal
15149,2010-02-28,2011-07-29,4,0,1524.61,134,3,3,4,334,10,Needs Attention
14567,2011-08-01,2011-10-14,2,1,1524.46,57,4,2,4,424,10,New / Promising
16491,2010-10-22,2011-10-24,2,1,1524.31,47,4,2,4,424,10,New / Promising
14304,2010-05-18,2011-05-01,3,2,1523.81,223,2,3,4,234,9,At Risk
12926,2009-12-14,2010-10-24,4,0,1523.59,412,1,3,4,134,8,At Risk
18062,2010-04-21,2011-06-19,6,3,1523.37,174,3,4,4,344,11,Loyal
16244,2010-12-02,2011-05-12,2,0,1522.75,212,2,2,4,224,8,Cannot Lose Them
17990,2009-12-07,2011-04-17,6,1,1522.57,237,2,4,4,244,10,At Risk - High Value
15587,2010-08-05,2011-10-20,7,0,1522.08,51,4,4,4,444,12,Champions
16066,2011-08-07,2011-11-23,5,0,1521.04,17,5,4,4,544,13,Champions
14055,2009-12-16,2011-08-25,3,0,1520.96,107,3,3,4,334,10,Needs Attention
17997,2011-06-28,2011-09-26,8,4,1520.47,75,3,4,4,344,11,Loyal
16790,2011-11-02,2011-12-06,6,2,1520.12,4,5,4,4,544,13,Champions
12775,2010-10-26,2011-11-22,7,1,1516.32,18,5,4,4,544,13,Champions
16092,2010-05-09,2011-08-17,6,4,1515.49,115,3,4,4,344,11,Loyal
14220,2010-05-19,2011-04-06,4,0,1515.00,248,2,3,4,234,9,At Risk
14682,2010-02-05,2011-06-05,6,0,1514.81,188,2,4,4,244,10,At Risk - High Value
17764,2009-12-03,2011-10-20,5,0,1513.57,51,4,4,4,444,12,Champions
12784,2010-06-28,2011-11-24,2,0,1511.15,16,5,2,4,524,11,New / Promising
12369,2010-03-08,2010-10-22,3,0,1511.15,414,1,3,4,134,8,At Risk
15948,2010-10-11,2011-12-01,3,0,1509.09,9,5,3,4,534,12,Hibernating
16910,2011-09-09,2011-12-05,8,0,1508.96,5,5,4,4,544,13,Champions
13158,2010-11-16,2011-09-06,5,0,1508.18,95,3,4,4,344,11,Loyal
15261,2010-10-01,2011-07-27,4,0,1508.00,136,3,3,4,334,10,Needs Attention
17179,2010-05-26,2011-06-14,6,0,1507.26,179,3,4,4,344,11,Loyal
12407,2011-03-20,2011-10-21,5,0,1507.12,50,4,4,4,444,12,Champions
18022,2010-06-11,2011-11-04,5,0,1506.62,36,4,4,4,444,12,Champions
12458,2010-08-09,2011-09-29,4,0,1502.49,72,3,3,4,334,10,Needs Attention
17837,2011-06-29,2011-10-28,8,2,1502.48,43,4,4,4,444,12,Champions
15732,2010-02-04,2011-05-11,10,2,1499.42,213,2,5,4,254,11,At Risk - High Value
15590,2010-04-12,2010-11-22,5,0,1496.60,383,2,4,4,244,10,At Risk - High Value
15215,2010-04-06,2011-10-24,7,4,1496.46,47,4,4,4,444,12,Champions
16340,2010-06-06,2011-08-24,3,0,1496.24,108,3,3,4,334,10,Needs Attention
14885,2010-08-31,2011-07-31,3,1,1496.12,132,3,3,4,334,10,Needs Attention
14068,2010-01-31,2011-01-23,4,1,1493.32,321,2,3,4,234,9,At Risk
13310,2010-11-02,2011-11-11,5,3,1492.80,29,4,4,4,444,12,Champions
16314,2010-08-24,2010-11-15,3,0,1491.40,390,2,3,4,234,9,At Risk
16037,2010-03-01,2011-03-15,5,2,1489.44,270,2,4,4,244,10,At Risk - High Value
15110,2010-08-11,2011-11-16,6,3,1482.95,24,4,4,4,444,12,Champions
18214,2010-06-03,2010-06-27,4,1,1480.99,531,1,3,4,134,8,At Risk
16654,2010-04-06,2011-07-21,8,1,1477.77,142,3,4,4,344,11,Loyal
14264,2010-04-07,2011-07-08,6,2,1475.86,155,3,4,4,344,11,Loyal
16450,2009-12-10,2011-07-13,3,1,1475.73,150,3,3,4,334,10,Needs Attention
15630,2010-03-05,2011-10-25,3,1,1475.45,46,4,3,4,434,11,Hibernating
14246,2011-04-08,2011-08-21,3,0,1474.06,111,3,3,4,334,10,Needs Attention
16907,2010-07-01,2011-11-10,9,0,1470.89,30,4,5,4,454,13,Champions
14987,2009-12-02,2011-11-24,8,1,1469.05,16,5,4,4,544,13,Champions
12379,2010-06-23,2011-09-19,4,1,1468.27,82,3,3,4,334,10,Needs Attention
17590,2011-10-30,2011-12-07,3,0,1466.77,3,5,3,4,534,12,Hibernating
14695,2009-12-07,2010-07-08,3,1,1466.72,520,1,3,4,134,8,At Risk
17345,2009-12-01,2011-11-24,10,2,1466.33,16,5,5,4,554,14,Champions
13360,2010-01-08,2010-10-04,4,2,1464.10,432,1,3,4,134,8,At Risk
12882,2011-11-06,2011-11-30,2,0,1463.04,10,5,2,4,524,11,New / Promising
16586,2010-03-14,2011-04-05,3,0,1462.78,249,2,3,4,234,9,At Risk
13984,2009-12-07,2011-11-13,12,1,1461.32,27,4,5,4,454,13,Champions
12507,2010-05-04,2011-07-28,4,1,1461.31,135,3,3,4,334,10,Needs Attention
18252,2009-12-08,2011-10-20,7,1,1457.19,51,4,4,4,444,12,Champions
15071,2010-05-18,2011-09-07,4,0,1455.56,94,3,3,4,334,10,Needs Attention
18196,2010-03-17,2011-09-05,4,0,1455.27,96,3,3,4,334,10,Needs Attention
16569,2009-12-16,2011-12-06,5,0,1455.23,4,5,4,4,544,13,Champions
13042,2009-12-07,2010-04-20,3,1,1454.84,599,1,3,4,134,8,At Risk
13649,2010-06-30,2011-03-28,6,0,1453.68,257,2,4,4,244,10,At Risk - High Value
17977,2010-11-04,2011-11-10,2,1,1453.55,30,4,2,4,424,10,New / Promising
12970,2009-12-04,2011-12-02,10,0,1452.54,8,5,5,4,554,14,Champions
17259,2010-02-22,2011-07-14,6,0,1452.39,149,3,4,4,344,11,Loyal
12494,2010-05-12,2011-11-24,9,8,1451.92,16,5,5,4,554,14,Champions
18268,2009-12-11,2011-07-28,6,2,1451.22,135,3,4,4,344,11,Loyal
13165,2010-10-22,2011-10-24,3,0,1451.16,47,4,3,4,434,11,Hibernating
16419,2010-02-09,2011-08-19,8,1,1450.95,113,3,4,4,344,11,Loyal
16239,2010-09-02,2011-10-14,6,1,1450.90,57,4,4,4,444,12,Champions
13361,2010-04-01,2010-08-24,2,0,1450.50,473,1,2,4,124,7,Cannot Lose Them
15876,2010-09-17,2010-10-26,2,0,1449.14,410,1,2,4,124,7,Cannot Lose Them
13377,2010-03-04,2010-11-08,2,1,1445.43,397,2,2,4,224,8,Cannot Lose Them
13583,2010-01-29,2011-07-07,2,0,1445.03,156,3,2,4,324,9,Hibernating
17073,2011-08-22,2011-11-22,4,0,1444.84,18,5,3,4,534,12,Hibernating
15636,2010-05-19,2011-09-11,4,0,1444.58,90,3,3,4,334,10,Needs Attention
17734,2010-03-07,2011-10-17,6,0,1442.32,54,4,4,4,444,12,Champions
18106,2010-01-15,2011-01-14,6,0,1441.06,330,2,4,4,244,10,At Risk - High Value
18066,2010-10-20,2011-09-25,3,0,1440.40,76,3,3,4,334,10,Needs Attention
14657,2010-09-30,2011-11-22,6,1,1440.24,18,5,4,4,544,13,Champions
13543,2010-01-21,2010-03-15,2,0,1439.61,635,1,2,4,124,7,Cannot Lose Them
15197,2009-12-11,2011-11-29,6,3,1437.84,11,5,4,4,544,13,Champions
16088,2010-04-27,2010-05-13,2,0,1437.43,576,1,2,4,124,7,Cannot Lose Them
13500,2010-11-03,2011-11-16,4,1,1436.30,24,4,3,4,434,11,Hibernating
12398,2011-10-25,2011-10-25,1,0,1435.66,46,4,1,4,414,9,New / Promising
12381,2011-08-12,2011-12-05,3,1,1433.46,5,5,3,4,534,12,Hibernating
12389,2010-02-22,2010-11-02,3,0,1433.33,403,2,3,4,234,9,At Risk
17941,2010-01-06,2011-08-01,4,0,1433.28,131,3,3,4,334,10,Needs Attention
13531,2009-12-03,2011-05-18,6,0,1433.07,206,2,4,4,244,10,At Risk - High Value
13475,2011-02-14,2011-06-01,4,0,1431.78,192,2,3,4,234,9,At Risk
17175,2011-02-16,2011-10-26,4,1,1430.94,45,4,3,4,434,11,Hibernating
15427,2011-10-23,2011-11-06,3,0,1430.54,34,4,3,4,434,11,Hibernating
16121,2010-05-23,2011-10-13,5,1,1430.14,58,4,4,4,444,12,Champions
14684,2010-11-14,2011-11-14,6,0,1430.03,26,4,4,4,444,12,Champions
17582,2010-03-26,2011-04-17,5,1,1429.95,237,2,4,4,244,10,At Risk - High Value
12669,2011-03-28,2011-07-12,2,0,1427.73,151,3,2,4,324,9,Hibernating
17290,2009-12-13,2011-12-06,8,0,1427.48,4,5,4,4,544,13,Champions
15076,2010-07-05,2011-06-20,3,2,1425.84,173,3,3,4,334,10,Needs Attention
13278,2010-04-08,2011-10-30,4,0,1425.35,41,4,3,4,434,11,Hibernating
16980,2010-10-07,2011-03-29,3,0,1422.83,256,2,3,4,234,9,At Risk
16660,2010-01-14,2011-11-23,7,1,1422.35,17,5,4,4,544,13,Champions
15799,2010-10-17,2011-09-25,4,0,1421.34,76,3,3,4,334,10,Needs Attention
14412,2010-10-11,2011-10-28,3,1,1417.49,43,4,3,4,434,11,Hibernating
16140,2010-09-24,2011-10-05,3,1,1416.46,66,3,3,4,334,10,Needs Attention
17438,2010-03-08,2011-03-31,5,1,1412.62,254,2,4,4,244,10,At Risk - High Value
15237,2011-04-26,2011-12-08,4,0,1412.32,2,5,3,4,534,12,Hibernating
14894,2009-12-02,2011-09-15,3,2,1412.21,86,3,3,4,334,10,Needs Attention
16394,2011-02-23,2011-10-14,5,4,1412.06,57,4,4,4,444,12,Champions
16848,2010-10-03,2011-10-18,4,0,1411.62,53,4,3,4,434,11,Hibernating
15444,2011-10-30,2011-11-30,2,0,1411.21,10,5,2,4,524,11,New / Promising
17610,2009-12-06,2010-06-17,5,3,1410.29,541,1,4,4,144,9,At Risk - High Value
16906,2010-05-13,2011-09-19,7,0,1410.07,82,3,4,4,344,11,Loyal
17545,2010-05-11,2011-10-27,6,0,1409.86,44,4,4,4,444,12,Champions
16854,2010-03-09,2010-10-18,2,0,1408.96,418,1,2,4,124,7,Cannot Lose Them
15106,2011-03-15,2011-11-22,5,2,1407.73,18,5,4,4,544,13,Champions
12947,2010-12-01,2011-07-19,6,5,1407.29,144,3,4,4,344,11,Loyal
16173,2011-09-02,2011-11-24,6,1,1406.57,16,5,4,4,544,13,Champions
15186,2010-01-12,2011-11-25,5,0,1403.20,15,5,4,4,544,13,Champions
14829,2010-09-29,2011-11-10,7,2,1402.97,30,4,4,4,444,12,Champions
14687,2010-06-06,2011-08-25,3,0,1402.06,107,3,3,4,334,10,Needs Attention
15173,2010-04-01,2010-11-24,7,1,1399.26,381,2,4,4,244,10,At Risk - High Value
14019,2011-07-24,2011-10-24,3,1,1398.96,47,4,3,4,434,11,Hibernating
13259,2010-01-10,2011-10-09,9,0,1398.79,62,3,5,4,354,12,Loyal
15652,2010-08-11,2011-09-09,5,1,1397.44,92,3,4,4,344,11,Loyal
18202,2011-02-01,2011-05-24,3,0,1396.99,200,2,3,4,234,9,At Risk
15889,2009-12-10,2011-07-06,8,1,1396.60,157,3,4,4,344,11,Loyal
18189,2010-03-24,2011-09-23,3,2,1396.58,78,3,3,4,334,10,Needs Attention
16129,2010-07-20,2010-10-28,3,0,1396.05,408,2,3,4,234,9,At Risk
17856,2011-03-03,2011-12-08,4,2,1393.79,2,5,3,4,534,12,Hibernating
12405,2011-07-14,2011-07-14,1,0,1390.39,149,3,1,4,314,8,Hibernating
16835,2010-05-19,2011-08-03,6,4,1389.76,129,3,4,4,344,11,Loyal
13382,2009-12-08,2011-03-04,5,0,1387.58,281,2,4,4,244,10,At Risk - High Value
15468,2010-11-12,2011-10-19,3,4,1387.48,52,4,3,4,434,11,Hibernating
12908,2010-03-19,2011-06-16,5,1,1386.00,177,3,4,4,344,11,Loyal
17496,2010-01-14,2010-12-16,4,1,1385.89,359,2,3,4,234,9,At Risk
13572,2011-05-18,2011-05-18,1,0,1384.25,206,2,1,4,214,7,Cannot Lose Them
13049,2010-11-03,2011-10-06,4,1,1384.14,65,3,3,4,334,10,Needs Attention
16463,2011-05-19,2011-11-18,4,3,1383.70,22,4,3,4,434,11,Hibernating
12952,2011-09-22,2011-12-04,4,1,1382.84,6,5,3,4,534,12,Hibernating
14116,2011-08-10,2011-11-20,5,0,1382.74,20,4,4,4,444,12,Champions
14909,2010-02-14,2010-09-28,3,2,1380.98,438,1,3,4,134,8,At Risk
17878,2010-11-09,2011-10-27,3,0,1378.93,44,4,3,4,434,11,Hibernating
15141,2010-03-28,2010-09-08,7,2,1378.31,458,1,4,4,144,9,At Risk - High Value
13240,2010-02-25,2011-09-04,8,1,1378.04,97,3,4,4,344,11,Loyal
16727,2010-01-20,2010-12-10,4,0,1377.77,365,2,3,4,234,9,At Risk
17714,2010-07-14,2011-01-23,5,4,1376.58,321,2,4,4,244,10,At Risk - High Value
14662,2009-12-03,2011-11-11,7,0,1376.43,29,4,4,4,444,12,Champions
14265,2010-04-06,2011-08-22,4,0,1373.35,110,3,3,4,334,10,Needs Attention
14434,2011-09-28,2011-11-18,6,0,1372.80,22,4,4,4,444,12,Champions
15453,2011-06-05,2011-12-08,7,0,1371.77,2,5,4,4,544,13,Champions
13159,2011-08-16,2011-12-01,4,1,1371.25,9,5,3,4,534,12,Hibernating
13579,2010-02-18,2011-11-25,5,1,1371.14,15,5,4,4,544,13,Champions
12695,2010-02-12,2011-12-02,7,0,1371.12,8,5,4,4,544,13,Champions
14538,2010-01-25,2011-10-06,5,0,1370.84,65,3,4,4,344,11,Loyal
15996,2010-11-07,2011-09-12,7,1,1370.50,89,3,4,4,344,11,Loyal
13155,2010-08-05,2011-11-06,6,0,1370.48,34,4,4,4,444,12,Champions
18221,2010-11-14,2011-11-17,6,2,1370.34,23,4,4,4,444,12,Champions
16300,2010-02-02,2010-10-05,3,0,1367.32,431,1,3,4,134,8,At Risk
14609,2010-02-09,2011-09-28,10,1,1366.20,73,3,5,4,354,12,Loyal
14577,2009-12-11,2011-11-27,7,0,1364.15,13,5,4,4,544,13,Champions
14114,2010-04-12,2011-03-11,7,0,1364.09,274,2,4,4,244,10,At Risk - High Value
13074,2009-12-16,2010-07-16,4,1,1362.84,512,1,3,4,134,8,At Risk
16389,2011-03-01,2011-10-17,4,1,1362.27,54,4,3,4,434,11,Hibernating
18167,2011-08-26,2011-11-16,3,2,1361.51,24,4,3,4,434,11,Hibernating
16588,2010-05-14,2010-11-18,4,0,1361.28,387,2,3,4,234,9,At Risk
16384,2010-04-28,2011-09-11,4,0,1358.95,90,3,3,4,334,10,Needs Attention
13760,2010-04-25,2011-10-16,5,1,1358.64,55,4,4,4,444,12,Champions
17150,2009-12-06,2010-11-28,6,0,1357.95,377,2,4,4,244,10,At Risk - High Value
12875,2010-01-11,2011-07-19,5,0,1356.99,144,3,4,4,344,11,Loyal
13821,2010-01-04,2011-07-18,6,1,1355.38,145,3,4,4,344,11,Loyal
14316,2010-03-19,2010-10-13,5,1,1355.34,423,1,4,4,144,9,At Risk - High Value
17054,2011-04-08,2011-11-11,5,1,1353.83,29,4,4,4,444,12,Champions
15116,2011-05-19,2011-11-22,4,0,1352.75,18,5,3,4,534,12,Hibernating
12693,2010-07-05,2011-08-04,7,4,1352.42,128,3,4,4,344,11,Loyal
16245,2011-03-28,2011-11-16,3,2,1352.36,24,4,3,4,434,11,Hibernating
16079,2011-10-30,2011-11-23,3,0,1352.00,17,5,3,4,534,12,Hibernating
14853,2010-04-13,2011-11-15,5,2,1351.37,25,4,4,4,444,12,Champions
12886,2011-05-04,2011-10-03,2,1,1351.09,68,3,2,4,324,9,Hibernating
16367,2010-11-21,2011-11-02,3,0,1350.48,38,4,3,4,434,11,Hibernating
17025,2010-03-08,2011-10-10,5,0,1349.67,61,3,4,4,344,11,Loyal
17731,2010-02-09,2011-09-21,6,1,1347.08,80,3,4,4,344,11,Loyal
12646,2011-10-21,2011-12-05,2,0,1346.97,5,5,2,4,524,11,New / Promising
13639,2010-09-29,2011-09-26,2,0,1346.27,75,3,2,4,324,9,Hibernating
14550,2010-08-13,2011-11-29,4,0,1345.06,11,5,3,4,534,12,Hibernating
16669,2011-09-22,2011-11-16,2,0,1344.48,24,4,2,4,424,10,New / Promising
17429,2010-10-06,2011-08-03,5,2,1342.16,129,3,4,4,344,11,Loyal
18085,2010-03-21,2011-01-13,4,0,1341.85,331,2,3,4,234,9,At Risk
13743,2011-03-25,2011-12-07,7,1,1340.15,3,5,4,4,544,13,Champions
15398,2011-09-22,2011-11-23,2,1,1339.63,17,5,2,4,524,11,New / Promising
15411,2011-06-10,2011-11-13,4,1,1336.43,27,4,3,4,434,11,Hibernating
13220,2010-05-13,2011-09-22,5,0,1336.09,79,3,4,4,344,11,Loyal
12809,2010-03-02,2011-06-15,3,5,1333.74,178,3,3,4,334,10,Needs Attention
17033,2010-11-07,2011-09-14,4,0,1332.79,87,3,3,4,334,10,Needs Attention
17932,2011-05-12,2011-11-10,3,0,1331.57,30,4,3,4,434,11,Hibernating
14899,2010-11-09,2010-11-09,1,0,1331.38,396,2,1,4,214,7,Cannot Lose Them
13035,2010-10-04,2011-09-27,3,1,1328.95,74,3,3,4,334,10,Needs Attention
16295,2011-10-06,2011-11-30,4,0,1328.55,10,5,3,4,534,12,Hibernating
14712,2010-10-17,2011-11-10,4,0,1328.07,30,4,3,4,434,11,Hibernating
13232,2011-04-10,2011-11-27,7,0,1327.75,13,5,4,4,544,13,Champions
13396,2011-01-24,2011-11-10,2,2,1325.29,30,4,2,4,424,10,New / Promising
14956,2010-10-14,2010-10-14,1,0,1325.00,422,1,1,4,114,6,Cannot Lose Them
17951,2010-10-31,2011-10-31,4,1,1322.88,40,4,3,4,434,11,Hibernating
12960,2010-02-16,2010-10-22,4,0,1322.07,414,1,3,4,134,8,At Risk
14847,2010-05-24,2011-07-14,3,1,1320.60,149,3,3,4,334,10,Needs Attention
14591,2011-05-10,2011-11-24,4,0,1320.21,16,5,3,4,534,12,Hibernating
13803,2010-03-31,2011-03-29,3,1,1319.11,256,2,3,4,234,9,At Risk
15751,2009-12-06,2010-09-05,11,3,1318.84,461,1,5,4,154,10,At Risk - High Value
14861,2009-12-08,2011-10-18,10,4,1318.40,53,4,5,4,454,13,Champions
17411,2009-12-03,2011-11-27,5,4,1316.53,13,5,4,4,544,13,Champions
14921,2011-05-22,2011-11-09,2,0,1316.07,31,4,2,4,424,10,New / Promising
14973,2011-04-28,2011-08-24,3,0,1314.45,108,3,3,4,334,10,Needs Attention
15154,2010-08-18,2011-09-25,3,1,1314.17,76,3,3,4,334,10,Needs Attention
15322,2010-08-20,2011-09-15,2,1,1314.15,86,3,2,4,324,9,Hibernating
15146,2011-02-21,2011-06-28,2,1,1313.66,165,3,2,4,324,9,Hibernating
17888,2009-12-21,2011-11-18,25,5,1312.31,22,4,5,4,454,13,Champions
14618,2010-06-11,2011-11-30,7,2,1310.52,10,5,4,4,544,13,Champions
13506,2010-09-05,2011-01-27,5,3,1308.53,317,2,4,4,244,10,At Risk - High Value
16377,2010-04-01,2011-03-17,2,0,1308.48,268,2,2,4,224,8,Cannot Lose Them
13328,2011-01-27,2011-01-27,1,0,1308.48,317,2,1,4,214,7,Cannot Lose Them
13587,2010-02-14,2011-10-07,4,2,1308.10,64,3,3,4,334,10,Needs Attention
16282,2009-12-21,2011-01-04,3,0,1307.58,340,2,3,4,234,9,At Risk
15677,2010-09-02,2011-10-21,3,0,1305.63,50,4,3,4,434,11,Hibernating
15813,2011-04-14,2011-05-16,2,0,1303.91,208,2,2,4,224,8,Cannot Lose Them
15101,2010-04-28,2011-12-01,6,5,1303.49,9,5,4,4,544,13,Champions
12620,2011-05-19,2011-11-25,3,0,1303.41,15,5,3,4,534,12,Hibernating
16370,2011-04-28,2011-09-18,4,0,1301.91,83,3,3,4,334,10,Needs Attention
16574,2010-02-19,2011-09-29,3,0,1301.78,72,3,3,4,334,10,Needs Attention
12919,2011-06-23,2011-12-01,6,2,1301.44,9,5,4,4,544,13,Champions
12765,2010-03-08,2010-08-24,6,0,1299.58,473,1,4,4,144,9,At Risk - High Value
16464,2011-07-20,2011-11-20,3,0,1298.66,20,4,3,4,434,11,Hibernating
12987,2010-01-20,2011-09-27,5,1,1298.51,74,3,4,4,344,11,Loyal
17499,2010-05-27,2011-02-23,2,1,1296.84,290,2,2,4,224,8,Cannot Lose Them
12783,2011-09-25,2011-12-07,4,0,1295.87,3,5,3,4,534,12,Hibernating
16929,2011-07-07,2011-12-06,7,0,1295.39,4,5,4,4,544,13,Champions
14480,2009-12-21,2011-11-28,4,1,1295.27,12,5,3,4,534,12,Hibernating
15471,2010-06-07,2011-12-07,3,0,1292.01,3,5,3,4,534,12,Hibernating
16744,2011-06-19,2011-11-28,7,0,1291.91,12,5,4,4,544,13,Champions
14071,2011-03-20,2011-12-06,8,1,1291.34,4,5,4,4,544,13,Champions
14856,2011-10-14,2011-11-03,3,0,1290.53,37,4,3,4,434,11,Hibernating
14297,2011-03-10,2011-11-22,4,1,1290.48,18,5,3,4,534,12,Hibernating
13846,2010-11-05,2011-11-15,4,1,1290.34,25,4,3,4,434,11,Hibernating
16756,2010-03-09,2011-05-09,7,2,1287.42,215,2,4,4,244,10,At Risk - High Value
15774,2010-02-21,2011-10-02,6,0,1287.09,69,3,4,4,344,11,Loyal
16608,2010-02-14,2010-09-12,2,0,1286.62,454,1,2,4,124,7,Cannot Lose Them
16212,2010-02-07,2011-11-20,4,1,1284.56,20,4,3,4,434,11,Hibernating
14284,2010-02-24,2011-11-09,3,1,1282.85,31,4,3,4,434,11,Hibernating
15136,2011-09-04,2011-12-07,4,1,1282.45,3,5,3,4,534,12,Hibernating
17521,2010-10-01,2011-11-10,5,1,1276.81,30,4,4,4,444,12,Champions
14478,2009-12-01,2010-11-22,4,0,1276.66,383,2,3,4,234,9,At Risk
17109,2010-07-30,2011-11-10,8,2,1276.35,30,4,4,4,444,12,Champions
14619,2010-06-16,2011-04-08,2,1,1276.31,246,2,2,4,224,8,Cannot Lose Them
17142,2010-01-24,2011-04-14,4,0,1275.25,240,2,3,4,234,9,At Risk
14820,2010-01-31,2011-11-18,9,0,1274.76,22,4,5,4,454,13,Champions
14167,2010-01-27,2011-10-31,8,0,1274.29,40,4,4,4,444,12,Champions
14490,2010-10-07,2010-10-29,2,0,1273.47,407,2,2,4,224,8,Cannot Lose Them
14679,2009-12-08,2010-11-23,3,2,1272.95,382,2,3,4,234,9,At Risk
17478,2010-03-16,2010-10-27,2,0,1272.80,409,1,2,4,124,7,Cannot Lose Them
17341,2010-06-17,2011-07-06,5,0,1272.21,157,3,4,4,344,11,Loyal
16222,2009-12-18,2011-01-25,2,0,1272.05,319,2,2,4,224,8,Cannot Lose Them
13492,2011-05-09,2011-07-26,3,0,1269.84,137,3,3,4,334,10,Needs Attention
15439,2010-02-24,2010-10-31,4,0,1269.05,405,2,3,4,234,9,At Risk
17027,2009-12-10,2011-09-22,9,1,1268.93,79,3,5,4,354,12,Loyal
13892,2010-05-13,2011-11-13,6,0,1267.65,27,4,4,4,444,12,Champions
14511,2011-07-29,2011-11-28,5,1,1267.41,12,5,4,4,544,13,Champions
13300,2010-05-14,2011-06-23,3,2,1267.21,170,3,3,4,334,10,Needs Attention
13515,2010-03-05,2011-09-28,6,0,1265.82,73,3,4,4,344,11,Loyal
15584,2010-02-07,2011-11-16,6,1,1265.70,24,4,4,4,444,12,Champions
16894,2010-06-22,2010-07-25,3,2,1265.26,503,1,3,4,134,8,At Risk
14379,2010-08-16,2011-10-26,4,0,1265.16,45,4,3,4,434,11,Hibernating
13617,2010-08-01,2011-10-30,8,1,1263.80,41,4,4,4,444,12,Champions
14427,2010-03-18,2011-10-20,4,0,1263.52,51,4,3,4,434,11,Hibernating
16951,2011-02-08,2011-07-28,3,1,1262.75,135,3,3,4,334,10,Needs Attention
16777,2010-03-17,2011-09-20,5,1,1261.43,81,3,4,4,344,11,Loyal
13138,2010-11-08,2011-11-17,7,1,1261.26,23,4,4,4,444,12,Champions
16688,2011-10-10,2011-12-08,4,0,1260.86,2,5,3,4,534,12,Hibernating
17759,2010-05-05,2011-11-22,5,0,1260.63,18,5,4,4,544,13,Champions
14984,2010-01-11,2011-11-20,6,0,1260.51,20,4,4,4,444,12,Champions
13916,2009-12-01,2010-09-02,4,1,1260.51,464,1,3,4,134,8,At Risk
16842,2011-02-10,2011-08-31,3,1,1260.44,101,3,3,4,334,10,Needs Attention
16372,2010-04-11,2011-11-06,5,1,1260.31,34,4,4,4,444,12,Champions
18035,2010-11-19,2011-11-04,5,0,1260.23,36,4,4,4,444,12,Champions
17343,2009-12-03,2010-12-19,6,0,1259.94,356,2,4,4,244,10,At Risk - High Value
13689,2010-09-21,2011-10-07,2,0,1259.50,64,3,2,4,324,9,Hibernating
15009,2011-11-14,2011-11-27,3,0,1259.43,13,5,3,4,534,12,Hibernating
14267,2009-12-08,2011-06-30,3,6,1259.19,163,3,3,4,334,10,Needs Attention
15651,2010-04-22,2011-11-03,5,0,1259.06,37,4,4,4,444,12,Champions
17635,2010-04-28,2010-10-11,3,1,1256.83,425,1,3,4,134,8,At Risk
17862,2010-05-25,2011-01-20,4,0,1254.89,324,2,3,4,234,9,At Risk
14419,2010-11-22,2011-11-29,7,0,1254.64,11,5,4,4,544,13,Champions
15441,2009-12-09,2010-11-08,3,0,1254.21,397,2,3,4,234,9,At Risk
13855,2009-12-08,2010-07-27,4,1,1253.94,501,1,3,4,134,8,At Risk
14487,2010-11-25,2011-11-13,7,1,1253.52,27,4,4,4,444,12,Champions
17037,2011-09-13,2011-09-13,1,1,1253.22,88,3,1,4,314,8,Hibernating
15400,2010-05-28,2011-09-08,8,1,1252.80,93,3,4,4,344,11,Loyal
13023,2010-06-29,2011-10-06,3,0,1251.03,65,3,3,4,334,10,Needs Attention
15599,2010-09-20,2011-11-13,3,0,1250.06,27,4,3,4,434,11,Hibernating
17481,2011-09-07,2011-12-06,4,1,1249.34,4,5,3,4,534,12,Hibernating
14474,2010-05-09,2011-10-24,2,1,1248.94,47,4,2,4,424,10,New / Promising
14383,2011-06-29,2011-11-01,3,0,1247.69,39,4,3,4,434,11,Hibernating
14240,2010-10-12,2011-11-09,3,0,1247.49,31,4,3,4,434,11,Hibernating
16296,2009-12-18,2010-03-23,4,2,1245.97,627,1,3,4,134,8,At Risk
12488,2011-09-25,2011-11-30,3,0,1244.66,10,5,3,4,534,12,Hibernating
17076,2009-12-04,2011-11-03,6,0,1242.75,37,4,4,4,444,12,Champions
17529,2010-01-11,2010-04-08,2,0,1240.25,611,1,2,4,124,7,Cannot Lose Them
13860,2011-09-14,2011-12-08,5,1,1240.00,2,5,4,4,544,13,Champions
13443,2010-01-31,2010-09-17,6,1,1236.92,449,1,4,4,144,9,At Risk - High Value
17796,2010-10-14,2011-10-30,7,0,1236.39,41,4,4,4,444,12,Champions
13201,2010-03-07,2010-07-25,4,0,1233.06,503,1,3,4,134,8,At Risk
16527,2010-10-11,2011-09-19,2,0,1232.94,82,3,2,4,324,9,Hibernating
17034,2010-07-14,2011-11-23,5,2,1231.82,17,5,4,4,544,13,Champions
18080,2011-04-11,2011-11-21,2,0,1231.50,19,5,2,4,524,11,New / Promising
16723,2009-12-04,2011-09-09,4,0,1231.36,92,3,3,4,334,10,Needs Attention
12805,2010-02-03,2010-11-23,4,0,1230.95,382,2,3,4,234,9,At Risk
16159,2009-12-03,2011-03-03,4,1,1230.29,282,2,3,4,234,9,At Risk
14821,2010-02-01,2010-12-08,7,0,1230.15,367,2,4,4,244,10,At Risk - High Value
18135,2010-03-15,2011-11-10,10,3,1229.22,30,4,5,4,454,13,Champions
13282,2010-10-29,2011-11-21,4,3,1228.89,19,5,3,4,534,12,Hibernating
14871,2009-12-01,2011-12-06,9,0,1228.17,4,5,5,4,554,14,Champions
15800,2010-03-31,2011-08-24,7,0,1227.07,108,3,4,4,344,11,Loyal
13402,2010-05-24,2011-08-04,4,0,1226.85,128,3,3,4,334,10,Needs Attention
15269,2010-11-14,2011-11-16,3,0,1225.36,24,4,3,4,434,11,Hibernating
15376,2011-05-01,2011-10-30,3,0,1221.56,41,4,3,4,434,11,Hibernating
17132,2010-08-08,2010-09-13,2,0,1220.91,453,1,2,4,124,7,Cannot Lose Them
15004,2011-07-15,2011-07-15,1,0,1220.38,148,3,1,4,314,8,Hibernating
13243,2010-03-18,2011-05-20,5,0,1220.38,204,2,4,4,244,10,At Risk - High Value
13919,2010-06-17,2011-10-11,4,1,1218.03,60,3,3,4,334,10,Needs Attention
13863,2010-04-25,2011-04-06,4,2,1217.63,248,2,3,4,234,9,At Risk
14698,2011-10-19,2011-12-08,5,0,1217.27,2,5,4,4,544,13,Champions
15390,2010-10-26,2010-11-08,2,0,1216.66,397,2,2,4,224,8,Cannot Lose Them
15580,2010-02-07,2010-11-28,8,6,1216.15,377,2,4,4,244,10,At Risk - High Value
14512,2009-12-07,2011-06-05,7,0,1215.97,188,2,4,4,244,10,At Risk - High Value
15661,2010-05-10,2011-01-26,8,0,1215.95,318,2,4,4,244,10,At Risk - High Value
12985,2011-11-11,2011-12-09,2,1,1215.62,1,5,2,4,524,11,New / Promising
15579,2010-10-03,2011-10-02,5,2,1215.38,69,3,4,4,344,11,Loyal
17410,2011-05-08,2011-11-23,5,0,1214.72,17,5,4,4,544,13,Champions
13440,2010-09-14,2010-10-12,7,3,1213.95,424,1,4,4,144,9,At Risk - High Value
14020,2010-06-28,2011-11-23,4,1,1213.26,17,5,3,4,534,12,Hibernating
16872,2010-09-02,2011-09-23,6,0,1213.13,78,3,4,4,344,11,Loyal
12711,2010-02-01,2010-04-07,2,0,1213.05,612,1,2,4,124,7,Cannot Lose Them
13019,2009-12-06,2010-11-25,6,2,1212.95,380,2,4,4,244,10,At Risk - High Value
13918,2011-03-31,2011-10-21,2,0,1212.84,50,4,2,4,424,10,New / Promising
18263,2011-04-01,2011-11-14,3,1,1211.08,26,4,3,4,434,11,Hibernating
14193,2010-11-08,2011-10-03,3,0,1210.19,68,3,3,4,334,10,Needs Attention
16714,2009-12-01,2011-01-26,3,3,1209.38,318,2,3,4,234,9,At Risk
14428,2011-01-18,2011-12-02,5,2,1209.37,8,5,4,4,544,13,Champions
12364,2011-08-19,2011-12-02,4,0,1208.10,8,5,3,4,534,12,Hibernating
16762,2011-07-18,2011-11-20,3,0,1207.24,20,4,3,4,434,11,Hibernating
14320,2010-01-21,2011-05-17,5,2,1204.12,207,2,4,4,244,10,At Risk - High Value
16946,2010-03-02,2010-11-21,5,1,1199.54,384,2,4,4,244,10,At Risk - High Value
15664,2010-02-28,2011-10-20,4,2,1199.53,51,4,3,4,434,11,Hibernating
16634,2010-01-21,2011-05-01,6,4,1198.30,223,2,4,4,244,10,At Risk - High Value
17397,2010-10-19,2011-11-17,3,0,1198.28,23,4,3,4,434,11,Hibernating
12629,2010-10-12,2010-11-19,2,0,1198.22,386,2,2,4,224,8,Cannot Lose Them
17713,2010-06-09,2010-11-22,4,0,1198.09,383,2,3,4,234,9,At Risk
14725,2010-06-23,2011-11-15,4,1,1196.46,25,4,3,4,434,11,Hibernating
12372,2011-02-16,2011-09-29,3,0,1196.04,72,3,3,4,334,10,Needs Attention
14446,2010-11-18,2011-12-09,5,0,1195.48,1,5,4,4,544,13,Champions
16307,2010-05-11,2010-10-06,3,0,1194.92,430,1,3,4,134,8,At Risk
15145,2011-04-05,2011-12-05,4,0,1194.73,5,5,3,4,534,12,Hibernating
17531,2009-12-08,2011-06-02,3,5,1194.47,191,2,3,4,234,9,At Risk
13723,2010-04-07,2011-05-06,6,0,1194.08,218,2,4,4,244,10,At Risk - High Value
12611,2011-10-18,2011-10-18,1,0,1193.32,53,4,1,4,414,9,New / Promising
13976,2010-02-09,2011-05-17,4,0,1192.36,207,2,3,4,234,9,At Risk
12993,2010-02-18,2011-11-16,8,2,1191.26,24,4,4,4,444,12,Champions
16501,2010-11-21,2010-11-21,1,0,1191.23,384,2,1,4,214,7,Cannot Lose Them
14275,2010-04-11,2010-11-09,6,0,1189.38,396,2,4,4,244,10,At Risk - High Value
14382,2010-11-14,2011-11-13,2,1,1187.68,27,4,2,4,424,10,New / Promising
17800,2011-01-09,2011-11-02,9,0,1186.21,38,4,5,4,454,13,Champions
16471,2010-02-25,2011-03-10,4,2,1186.18,275,2,3,4,234,9,At Risk
18060,2010-05-24,2010-10-27,2,0,1185.46,409,1,2,4,124,7,Cannot Lose Them
12742,2010-03-24,2010-03-24,1,1,1185.02,626,1,1,4,114,6,Cannot Lose Them
16830,2009-12-13,2011-11-01,4,1,1183.70,39,4,3,4,434,11,Hibernating
15259,2010-01-26,2010-07-15,4,0,1182.38,513,1,3,4,134,8,At Risk
17021,2010-04-29,2010-09-23,6,0,1182.22,443,1,4,4,144,9,At Risk - High Value
13405,2009-12-15,2011-05-19,5,3,1181.56,205,2,4,4,244,10,At Risk - High Value
15573,2009-12-10,2011-11-08,5,0,1180.47,32,4,4,4,444,12,Champions
13293,2009-12-01,2010-11-12,6,1,1180.34,393,2,4,4,244,10,At Risk - High Value
13395,2010-10-14,2011-06-07,3,0,1180.23,186,3,3,3,333,9,Needs Attention
15377,2010-10-20,2010-11-22,4,1,1179.95,383,2,3,3,233,8,At Risk
17058,2011-04-14,2011-09-19,3,0,1179.89,82,3,3,3,333,9,Needs Attention
16614,2010-05-10,2011-06-10,3,0,1179.79,183,3,3,3,333,9,Needs Attention
16693,2010-02-21,2011-10-02,5,0,1179.48,69,3,4,3,343,10,Loyal
16345,2010-08-13,2011-10-26,2,0,1178.79,45,4,2,3,423,9,New / Promising
15303,2010-01-25,2011-02-22,3,1,1178.78,291,2,3,3,233,8,At Risk
15600,2010-04-25,2010-10-07,4,1,1178.71,429,1,3,3,133,7,At Risk
18025,2010-03-30,2010-11-25,6,0,1177.72,380,2,4,3,243,9,At Risk
18193,2010-09-23,2011-06-27,3,2,1176.55,166,3,3,3,333,9,Needs Attention
13233,2010-01-14,2011-09-26,4,0,1176.46,75,3,3,3,333,9,Needs Attention
15210,2010-05-13,2011-04-28,3,0,1176.19,226,2,3,3,233,8,At Risk
17653,2011-08-11,2011-11-03,4,1,1175.88,37,4,3,3,433,10,Hibernating
15068,2010-03-28,2011-10-24,4,0,1174.90,47,4,3,3,433,10,Hibernating
17239,2009-12-10,2011-01-31,4,2,1174.15,313,2,3,3,233,8,At Risk
13787,2010-01-14,2011-09-25,6,3,1173.70,76,3,4,3,343,10,Loyal
13299,2010-06-29,2011-03-16,3,2,1173.30,269,2,3,3,233,8,At Risk
12526,2011-09-06,2011-12-09,3,0,1172.66,1,5,3,3,533,11,Hibernating
15994,2010-03-14,2011-10-16,3,2,1172.34,55,4,3,3,433,10,Hibernating
16292,2010-04-14,2011-08-10,5,4,1171.46,122,3,4,3,343,10,Loyal
17360,2010-10-01,2011-11-22,6,1,1170.56,18,5,4,3,543,12,Loyal
18071,2009-12-05,2011-03-27,6,0,1169.68,258,2,4,3,243,9,At Risk
13797,2010-03-02,2010-09-29,3,1,1168.45,437,1,3,3,133,7,At Risk
18057,2010-01-18,2010-11-11,3,0,1168.14,394,2,3,3,233,8,At Risk
17373,2010-02-28,2011-10-30,7,0,1167.50,41,4,4,3,443,11,Loyal
12426,2010-02-15,2011-05-29,2,1,1167.41,195,2,2,3,223,7,Hibernating
16653,2011-09-29,2011-11-23,2,1,1166.92,17,5,2,3,523,10,New / Promising
18181,2009-12-04,2011-11-15,5,2,1166.61,25,4,4,3,443,11,Loyal
17664,2010-03-29,2011-11-21,4,0,1166.23,19,5,3,3,533,11,Hibernating
12463,2011-04-12,2011-10-17,4,2,1165.63,54,4,3,3,433,10,Hibernating
14261,2011-09-22,2011-10-20,2,0,1163.45,51,4,2,3,423,9,New / Promising
16800,2011-11-28,2011-11-28,1,0,1162.65,12,5,1,3,513,9,New / Promising
17525,2010-10-07,2010-12-15,3,0,1161.90,360,2,3,3,233,8,At Risk
16949,2011-01-27,2011-12-06,6,1,1161.27,4,5,4,3,543,12,Loyal
13897,2010-01-31,2011-10-20,3,0,1160.72,51,4,3,3,433,10,Hibernating
13459,2010-01-26,2010-03-25,2,0,1160.41,625,1,2,3,123,6,Lost
17978,2009-12-08,2010-12-09,4,0,1159.99,366,2,3,3,233,8,At Risk
13601,2010-06-11,2011-10-25,4,0,1159.99,46,4,3,3,433,10,Hibernating
18277,2010-08-02,2011-10-12,5,2,1159.35,59,3,4,3,343,10,Loyal
17513,2010-08-17,2011-09-28,3,0,1158.80,73,3,3,3,333,9,Needs Attention
15621,2011-11-18,2011-12-05,4,2,1158.77,5,5,3,3,533,11,Hibernating
16926,2010-07-01,2010-12-03,5,1,1158.66,372,2,4,3,243,9,At Risk
12885,2011-08-08,2011-10-07,3,1,1158.27,64,3,3,3,333,9,Needs Attention
12818,2011-03-23,2011-03-23,1,1,1157.88,262,2,1,3,213,6,Hibernating
14788,2010-04-22,2011-12-02,3,0,1156.32,8,5,3,3,533,11,Hibernating
17950,2010-01-04,2011-09-28,7,1,1156.21,73,3,4,3,343,10,Loyal
17342,2010-02-08,2010-11-25,4,3,1155.84,380,2,3,3,233,8,At Risk
16184,2011-05-12,2011-10-06,6,1,1155.54,65,3,4,3,343,10,Loyal
17127,2009-12-04,2010-10-07,5,0,1155.03,429,1,4,3,143,8,At Risk
15064,2009-12-22,2010-10-25,4,0,1154.41,411,1,3,3,133,7,At Risk
14818,2010-03-02,2011-09-27,6,0,1153.56,74,3,4,3,343,10,Loyal
15108,2011-04-26,2011-07-21,3,1,1150.75,142,3,3,3,333,9,Needs Attention
16167,2009-12-01,2010-10-21,5,1,1149.87,415,1,4,3,143,8,At Risk
17984,2009-12-01,2011-07-17,5,0,1148.69,146,3,4,3,343,10,Loyal
13499,2011-03-15,2011-11-22,5,2,1146.96,18,5,4,3,543,12,Loyal
16766,2011-03-11,2011-03-11,2,0,1145.60,274,2,2,3,223,7,Hibernating
13462,2009-12-14,2011-04-01,5,1,1145.60,253,2,4,3,243,9,At Risk
14206,2010-11-02,2011-04-14,3,2,1145.21,240,2,3,3,233,8,At Risk
12769,2011-04-15,2011-04-15,1,0,1143.60,239,2,1,3,213,6,Hibernating
17770,2011-03-02,2011-05-25,5,0,1143.27,199,2,4,3,243,9,At Risk
14585,2010-10-19,2011-10-20,5,0,1143.27,51,4,4,3,443,11,Loyal
16270,2010-12-21,2010-12-21,1,0,1141.24,354,2,1,3,213,6,Hibernating
15088,2011-10-03,2011-11-18,2,1,1140.27,22,4,2,3,423,9,New / Promising
12673,2010-11-03,2011-12-04,3,0,1140.02,6,5,3,3,533,11,Hibernating
14693,2010-07-02,2011-03-20,7,1,1139.86,265,2,4,3,243,9,At Risk
13497,2010-02-08,2011-03-02,6,1,1139.83,283,2,4,3,243,9,At Risk
12689,2011-08-04,2011-11-14,2,0,1139.61,26,4,2,3,423,9,New / Promising
18286,2009-12-16,2010-08-20,2,1,1138.43,477,1,2,3,123,6,Lost
17500,2011-11-10,2011-11-22,3,0,1138.00,18,5,3,3,533,11,Hibernating
15879,2009-12-17,2010-10-31,4,0,1137.80,405,2,3,3,233,8,At Risk
16521,2010-03-01,2010-10-20,3,0,1136.36,416,1,3,3,133,7,At Risk
13388,2010-04-15,2011-07-31,3,1,1135.70,132,3,3,3,333,9,Needs Attention
14201,2010-04-30,2011-10-10,10,2,1134.14,61,3,5,3,353,11,Loyal
15022,2010-01-31,2011-11-28,5,0,1133.44,12,5,4,3,543,12,Loyal
16989,2011-07-12,2011-12-02,6,0,1133.25,8,5,4,3,543,12,Loyal
15347,2010-09-28,2010-12-08,4,2,1132.30,367,2,3,3,233,8,At Risk
14231,2010-09-15,2011-06-09,4,2,1131.97,184,3,3,3,333,9,Needs Attention
15500,2011-09-19,2011-12-01,4,0,1131.56,9,5,3,3,533,11,Hibernating
13882,2011-10-06,2011-12-07,5,1,1131.28,3,5,4,3,543,12,Loyal
15695,2010-01-27,2011-03-18,4,0,1131.04,267,2,3,3,233,8,At Risk
17866,2009-12-14,2011-07-20,3,1,1131.00,143,3,3,3,333,9,Needs Attention
18125,2011-01-27,2011-11-10,4,1,1130.10,30,4,3,3,433,10,Hibernating
17169,2010-05-10,2011-10-13,3,3,1129.88,58,4,3,3,433,10,Hibernating
15586,2010-01-08,2010-04-26,3,1,1128.66,593,1,3,3,133,7,At Risk
14450,2010-04-08,2011-06-12,7,0,1128.44,181,3,4,3,343,10,Loyal
14671,2010-05-20,2010-06-08,2,0,1127.45,550,1,2,3,123,6,Lost
17097,2010-10-05,2011-12-07,9,1,1126.86,3,5,5,3,553,13,Loyal
16838,2010-02-14,2011-05-26,4,2,1126.66,198,2,3,3,233,8,At Risk
17622,2010-04-20,2010-04-21,2,1,1125.17,598,1,2,3,123,6,Lost
13145,2010-04-19,2011-10-31,7,1,1124.77,40,4,4,3,443,11,Loyal
14479,2009-12-06,2011-03-31,4,0,1124.71,254,2,3,3,233,8,At Risk
16637,2011-04-28,2011-11-07,4,1,1124.59,33,4,3,3,433,10,Hibernating
12402,2010-02-07,2011-01-20,6,1,1124.15,324,2,4,3,243,9,At Risk
14917,2010-04-22,2010-04-22,2,0,1123.75,597,1,2,3,123,6,Lost
17492,2010-07-09,2011-04-05,3,0,1122.42,249,2,3,3,233,8,At Risk
13486,2011-07-07,2011-09-22,3,0,1122.41,79,3,3,3,333,9,Needs Attention
15737,2011-04-11,2011-11-25,8,4,1121.21,15,5,4,3,543,12,Loyal
13304,2010-02-08,2010-12-23,4,3,1120.79,352,2,3,3,233,8,At Risk
13589,2009-12-06,2011-11-25,6,0,1120.74,15,5,4,3,543,12,Loyal
17302,2011-02-07,2011-11-25,5,1,1119.93,15,5,4,3,543,12,Loyal
16354,2010-04-27,2011-10-07,5,0,1119.46,64,3,4,3,343,10,Loyal
12605,2010-09-07,2010-11-28,3,1,1117.45,377,2,3,3,233,8,At Risk
15223,2009-12-05,2011-04-28,5,1,1117.10,226,2,4,3,243,9,At Risk
16769,2009-12-14,2011-03-24,4,0,1117.05,261,2,3,3,233,8,At Risk
17201,2010-02-10,2011-10-17,4,1,1117.00,54,4,3,3,433,10,Hibernating
13778,2010-05-23,2011-08-28,4,1,1116.54,104,3,3,3,333,9,Needs Attention
12972,2010-02-16,2010-10-22,4,2,1115.95,414,1,3,3,133,7,At Risk
12591,2010-10-27,2011-01-26,3,0,1114.95,318,2,3,3,233,8,At Risk
13167,2010-11-14,2011-11-21,5,0,1113.15,19,5,4,3,543,12,Loyal
14672,2010-01-28,2011-04-19,4,0,1113.14,235,2,3,3,233,8,At Risk
17788,2011-08-02,2011-09-27,2,0,1112.95,74,3,2,3,323,8,Hibernating
16139,2009-12-03,2011-11-21,5,0,1111.15,19,5,4,3,543,12,Loyal
14126,2010-09-21,2011-12-02,4,1,1109.96,8,5,3,3,533,11,Hibernating
15069,2011-06-13,2011-06-13,1,0,1109.53,180,3,1,3,313,7,Hibernating
15559,2010-05-20,2010-05-20,1,0,1109.40,569,1,1,3,113,5,Lost
15828,2010-11-29,2010-11-29,1,0,1108.82,376,2,1,3,213,6,Hibernating
17007,2010-09-28,2011-10-20,7,1,1107.60,51,4,4,3,443,11,Loyal
13109,2010-06-06,2011-10-11,3,4,1107.58,60,3,3,3,333,9,Needs Attention
15933,2011-09-14,2011-11-18,3,0,1107.46,22,4,3,3,433,10,Hibernating
17562,2011-06-19,2011-11-25,7,1,1107.38,15,5,4,3,543,12,Loyal
14375,2010-06-16,2011-06-07,3,0,1106.82,186,3,3,3,333,9,Needs Attention
14891,2010-09-29,2011-07-14,4,0,1106.73,149,3,3,3,333,9,Needs Attention
15038,2010-10-10,2011-10-12,9,1,1106.63,59,3,5,3,353,11,Loyal
13393,2009-12-07,2010-05-05,4,2,1105.85,584,1,3,3,133,7,At Risk
13447,2011-11-04,2011-11-16,3,1,1104.23,24,4,3,3,433,10,Hibernating
16430,2010-01-27,2011-10-13,6,0,1102.94,58,4,4,3,443,11,Loyal
16895,2010-02-12,2011-10-06,5,0,1102.90,65,3,4,3,343,10,Loyal
17137,2010-01-31,2010-10-19,6,0,1099.81,417,1,4,3,143,8,At Risk
13509,2010-07-20,2011-12-01,7,0,1099.72,9,5,4,3,543,12,Loyal
16702,2009-12-07,2010-10-20,4,1,1099.58,416,1,3,3,133,7,At Risk
14971,2011-10-27,2011-11-04,3,0,1097.98,36,4,3,3,433,10,Hibernating
15882,2009-12-10,2011-05-25,8,2,1096.31,199,2,4,3,243,9,At Risk
17703,2010-10-17,2011-11-04,4,0,1094.84,36,4,3,3,433,10,Hibernating
16306,2010-10-01,2011-05-10,7,3,1094.72,214,2,4,3,243,9,At Risk
12866,2010-07-25,2011-03-01,3,0,1092.35,284,2,3,3,233,8,At Risk
14370,2010-02-01,2010-09-15,6,3,1092.13,451,1,4,3,143,8,At Risk
16014,2010-01-31,2011-11-02,5,1,1091.03,38,4,4,3,443,11,Loyal
14009,2010-09-03,2011-05-25,3,1,1090.23,199,2,3,3,233,8,At Risk
17726,2010-01-26,2010-11-09,7,1,1089.56,396,2,4,3,243,9,At Risk
12439,2009-12-14,2010-01-26,2,1,1089.18,683,1,2,3,123,6,Lost
17908,2009-12-14,2010-12-01,5,2,1088.82,374,2,4,3,243,9,At Risk
16223,2010-11-09,2010-11-30,2,0,1087.05,375,2,2,3,223,7,Hibernating
14139,2010-06-15,2011-10-24,4,0,1086.80,47,4,3,3,433,10,Hibernating
16211,2010-09-27,2011-09-12,3,1,1086.34,89,3,3,3,333,9,Needs Attention
13546,2010-10-11,2011-11-27,5,0,1086.24,13,5,4,3,543,12,Loyal
18218,2010-02-17,2011-05-12,4,2,1086.14,212,2,3,3,233,8,At Risk
17423,2010-11-11,2011-10-24,3,2,1084.17,47,4,3,3,433,10,Hibernating
14805,2010-03-28,2011-11-24,7,0,1082.55,16,5,4,3,543,12,Loyal
14083,2009-12-18,2011-12-05,11,0,1082.19,5,5,5,3,553,13,Loyal
14561,2011-06-08,2011-09-25,3,0,1080.76,76,3,3,3,333,9,Needs Attention
13744,2011-02-20,2011-09-05,2,0,1080.52,96,3,2,3,323,8,Hibernating
12394,2011-05-06,2011-10-07,2,0,1080.48,64,3,2,3,323,8,Hibernating
16298,2010-09-23,2011-11-17,7,2,1080.00,23,4,4,3,443,11,Loyal
13726,2011-08-31,2011-11-01,2,0,1079.66,39,4,2,3,423,9,New / Promising
14343,2010-01-18,2010-10-14,4,0,1079.66,422,1,3,3,133,7,At Risk
12354,2011-04-21,2011-04-21,1,0,1079.40,233,2,1,3,213,6,Hibernating
17477,2010-03-02,2010-04-06,2,3,1079.00,613,1,2,3,123,6,Lost
14352,2011-03-11,2011-07-05,4,0,1078.96,158,3,3,3,333,9,Needs Attention
16183,2010-10-28,2011-10-03,4,0,1077.81,68,3,3,3,333,9,Needs Attention
16188,2010-10-27,2011-10-26,5,1,1077.71,45,4,4,3,443,11,Loyal
16071,2010-02-22,2011-10-26,4,0,1076.80,45,4,3,3,433,10,Hibernating
16805,2009-12-14,2011-06-19,4,0,1076.34,174,3,3,3,333,9,Needs Attention
14080,2009-12-02,2011-11-07,5,1,1075.73,33,4,4,3,443,11,Loyal
17366,2010-09-09,2010-10-03,2,1,1075.59,433,1,2,3,123,6,Lost
17828,2011-06-08,2011-11-17,4,4,1074.97,23,4,3,3,433,10,Hibernating
15912,2009-12-10,2011-06-14,9,0,1074.70,179,3,5,3,353,11,Loyal
16231,2010-04-21,2010-11-25,4,0,1074.47,380,2,3,3,233,8,At Risk
13567,2010-06-16,2010-10-07,4,1,1074.19,429,1,3,3,133,7,At Risk
15254,2009-12-01,2011-08-04,3,1,1073.40,128,3,3,3,333,9,Needs Attention
12639,2010-03-22,2011-04-15,3,0,1072.37,239,2,3,3,233,8,At Risk
16955,2009-12-01,2011-06-08,6,3,1072.06,185,3,4,3,343,10,Loyal
13467,2011-11-03,2011-11-29,2,0,1071.91,11,5,2,3,523,10,New / Promising
15745,2011-04-17,2011-11-20,4,2,1071.24,20,4,3,3,433,10,Hibernating
14484,2009-12-17,2011-10-20,4,0,1070.98,51,4,3,3,433,10,Hibernating
16884,2010-05-18,2011-11-02,4,0,1070.97,38,4,3,3,433,10,Hibernating
13521,2011-11-29,2011-12-08,3,0,1070.47,2,5,3,3,533,11,Hibernating
17871,2010-01-15,2011-05-19,5,0,1068.95,205,2,4,3,243,9,At Risk
17854,2009-12-08,2011-06-07,6,0,1068.50,186,3,4,3,343,10,Loyal
16386,2010-11-17,2011-11-11,3,0,1068.16,29,4,3,3,433,10,Hibernating
15436,2011-04-19,2011-11-27,3,0,1067.75,13,5,3,3,533,11,Hibernating
14948,2011-05-04,2011-11-16,6,1,1066.57,24,4,4,3,443,11,Loyal
17522,2011-05-05,2011-12-08,5,0,1066.15,2,5,4,3,543,12,Loyal
12475,2010-10-26,2011-10-17,2,0,1065.64,54,4,2,3,423,9,New / Promising
17277,2011-01-21,2011-04-26,2,0,1065.35,228,2,2,3,223,7,Hibernating
13959,2010-07-16,2011-09-21,6,0,1064.77,80,3,4,3,343,10,Loyal
14966,2009-12-15,2011-11-25,6,0,1064.26,15,5,4,3,543,12,Loyal
17849,2010-03-14,2011-05-05,8,0,1063.76,219,2,4,3,243,9,At Risk
14411,2011-02-02,2011-02-02,1,0,1063.00,311,2,1,3,213,6,Hibernating
12434,2010-11-23,2011-09-16,3,2,1062.48,85,3,3,3,333,9,Needs Attention
13727,2009-12-09,2011-11-11,8,1,1061.40,29,4,4,3,443,11,Loyal
13295,2010-05-12,2010-12-15,4,5,1061.27,360,2,3,3,233,8,At Risk
14102,2011-10-26,2011-12-04,5,3,1060.33,6,5,4,3,543,12,Loyal
15574,2010-09-01,2011-06-15,6,1,1059.44,178,3,4,3,343,10,Loyal
17421,2009-12-04,2010-11-18,3,0,1059.41,387,2,3,3,233,8,At Risk
12717,2010-04-28,2011-07-11,3,0,1058.91,152,3,3,3,333,9,Needs Attention
13856,2010-03-30,2011-06-24,11,4,1058.88,169,3,5,3,353,11,Loyal
13607,2010-11-02,2011-10-30,2,1,1058.11,41,4,2,3,423,9,New / Promising
13853,2011-10-13,2011-10-13,1,1,1056.94,58,4,1,3,413,8,New / Promising
16278,2010-07-28,2011-08-31,3,4,1056.59,101,3,3,3,333,9,Needs Attention
15238,2011-06-08,2011-11-10,3,2,1056.54,30,4,3,3,433,10,Hibernating
13140,2010-08-05,2011-08-23,5,0,1054.92,109,3,4,3,343,10,Loyal
15977,2011-10-31,2011-11-22,2,0,1054.73,18,5,2,3,523,10,New / Promising
13656,2010-04-23,2011-06-28,4,3,1053.35,165,3,3,3,333,9,Needs Attention
15886,2010-04-20,2011-10-10,4,0,1052.87,61,3,3,3,333,9,Needs Attention
15855,2010-08-20,2011-07-26,6,0,1052.72,137,3,4,3,343,10,Loyal
16642,2010-10-20,2011-12-05,3,2,1051.46,5,5,3,3,533,11,Hibernating
16593,2009-12-05,2011-10-20,8,1,1051.24,51,4,4,3,443,11,Loyal
13065,2010-06-10,2010-12-01,5,1,1050.10,374,2,4,3,243,9,At Risk
14947,2010-03-25,2011-09-28,6,0,1049.79,73,3,4,3,343,10,Loyal
13775,2010-04-28,2010-04-28,1,0,1049.66,591,1,1,3,113,5,Lost
15626,2010-10-14,2011-09-26,3,1,1049.37,75,3,3,3,333,9,Needs Attention
17934,2010-10-29,2011-10-19,3,0,1049.15,52,4,3,3,433,10,Hibernating
16391,2010-05-27,2010-11-04,4,0,1048.86,401,2,3,3,233,8,At Risk
15763,2011-09-23,2011-11-08,2,1,1048.67,32,4,2,3,423,9,New / Promising
16728,2011-03-20,2011-10-24,4,0,1048.28,47,4,3,3,433,10,Hibernating
13791,2011-06-24,2011-08-04,2,1,1047.68,128,3,2,3,323,8,Hibernating
14488,2011-10-03,2011-10-03,1,1,1047.43,68,3,1,3,313,7,Hibernating
17474,2010-04-19,2010-04-19,1,0,1047.00,600,1,1,3,113,5,Lost
15407,2011-02-07,2011-11-06,4,0,1046.74,34,4,3,3,433,10,Hibernating
17555,2010-05-02,2011-11-20,5,0,1045.74,20,4,4,3,443,11,Loyal
18130,2011-10-13,2011-11-24,3,1,1045.74,16,5,3,3,533,11,Hibernating
14734,2010-06-06,2010-10-10,4,1,1045.47,426,1,3,3,133,7,At Risk
13835,2010-03-04,2011-11-14,7,1,1044.82,26,4,4,3,443,11,Loyal
15464,2011-01-05,2011-01-05,1,0,1044.65,339,2,1,3,213,6,Hibernating
12691,2010-10-15,2011-11-11,6,0,1044.40,29,4,4,3,443,11,Loyal
15026,2010-09-17,2011-09-20,5,0,1044.09,81,3,4,3,343,10,Loyal
15969,2010-07-05,2011-12-07,5,1,1043.85,3,5,4,3,543,12,Loyal
17727,2011-11-24,2011-11-24,1,1,1042.55,16,5,1,3,513,9,New / Promising
15801,2011-08-22,2011-10-24,3,1,1042.19,47,4,3,3,433,10,Hibernating
15645,2010-10-10,2011-11-21,3,1,1042.15,19,5,3,3,533,11,Hibernating
16991,2010-10-14,2010-10-14,1,0,1041.21,422,1,1,3,113,5,Lost
14108,2009-12-01,2011-11-09,4,1,1041.21,31,4,3,3,433,10,Hibernating
16261,2010-09-23,2011-11-22,6,0,1041.16,18,5,4,3,543,12,Loyal
13613,2010-02-17,2010-09-13,5,0,1039.85,453,1,4,3,143,8,At Risk
17042,2011-04-06,2011-12-07,5,0,1036.58,3,5,4,3,543,12,Loyal
17926,2010-05-09,2011-07-29,5,0,1035.49,134,3,4,3,343,10,Loyal
16260,2011-10-20,2011-10-20,1,0,1035.45,51,4,1,3,413,8,New / Promising
15171,2011-01-12,2011-01-12,1,1,1034.50,332,2,1,3,213,6,Hibernating
14248,2010-07-12,2011-01-25,3,0,1032.95,319,2,3,3,233,8,At Risk
13235,2011-05-11,2011-05-11,1,0,1031.07,213,2,1,3,213,6,Hibernating
13873,2010-03-03,2011-08-12,8,1,1031.02,120,3,4,3,343,10,Loyal
12630,2011-10-27,2011-11-30,2,0,1030.88,10,5,2,3,523,10,New / Promising
16198,2010-09-28,2011-09-25,2,0,1030.04,76,3,2,3,323,8,Hibernating
16418,2010-10-13,2011-10-26,5,0,1028.74,45,4,4,3,443,11,Loyal
15333,2011-05-15,2011-05-15,1,0,1028.56,209,2,1,3,213,6,Hibernating
15639,2010-04-13,2011-07-28,3,2,1028.33,135,3,3,3,333,9,Needs Attention
16682,2011-06-05,2011-12-05,5,0,1028.00,5,5,4,3,543,12,Loyal
15887,2010-06-02,2010-10-29,3,0,1027.15,407,2,3,3,233,8,At Risk
17749,2010-06-11,2011-06-14,3,0,1026.18,179,3,3,3,333,9,Needs Attention
13602,2010-05-28,2011-10-06,4,0,1025.17,65,3,3,3,333,9,Needs Attention
14475,2010-10-27,2011-09-29,4,3,1025.12,72,3,3,3,333,9,Needs Attention
17310,2010-06-23,2010-11-17,2,0,1025.10,388,2,2,3,223,7,Hibernating
14204,2009-12-02,2011-12-07,4,0,1024.83,3,5,3,3,533,11,Hibernating
12648,2010-01-07,2011-07-08,4,1,1024.00,155,3,3,3,333,9,Needs Attention
15091,2009-12-01,2011-10-03,3,3,1023.11,68,3,3,3,333,9,Needs Attention
15003,2010-01-26,2010-08-23,6,1,1022.03,474,1,4,3,143,8,At Risk
12666,2010-11-10,2010-11-10,1,1,1020.98,395,2,1,3,213,6,Hibernating
16568,2010-03-08,2010-10-08,2,0,1020.90,428,1,2,3,123,6,Lost
15839,2011-07-14,2011-11-06,3,2,1020.74,34,4,3,3,433,10,Hibernating
18074,2010-07-22,2010-12-01,2,0,1019.44,374,2,2,3,223,7,Hibernating
13956,2011-03-13,2011-12-04,5,0,1019.27,6,5,4,3,543,12,Loyal
12828,2011-08-01,2011-12-07,6,0,1018.71,3,5,4,3,543,12,Loyal
16284,2010-11-11,2011-11-08,3,0,1018.48,32,4,3,3,433,10,Hibernating
12803,2010-11-11,2010-11-11,1,0,1017.81,394,2,1,3,213,6,Hibernating
16787,2010-01-10,2010-11-07,4,0,1017.53,398,2,3,3,233,8,At Risk
15970,2010-04-20,2011-02-09,2,0,1017.32,304,2,2,3,223,7,Hibernating
13333,2010-02-19,2010-10-24,3,0,1015.74,412,1,3,3,133,7,At Risk
14675,2010-11-16,2011-11-23,2,0,1015.58,17,5,2,3,523,10,New / Promising
18142,2011-05-08,2011-07-05,2,2,1014.90,158,3,2,3,323,8,Hibernating
16533,2011-10-02,2011-11-20,3,2,1014.19,20,4,3,3,433,10,Hibernating
17197,2011-11-10,2011-11-10,1,0,1013.01,30,4,1,3,413,8,New / Promising
12936,2011-09-22,2011-11-22,4,1,1012.90,18,5,3,3,533,11,Hibernating
17980,2010-11-11,2011-06-27,4,0,1012.72,166,3,3,3,333,9,Needs Attention
14775,2010-12-02,2011-10-12,3,0,1011.90,59,3,3,3,333,9,Needs Attention
12905,2010-01-26,2010-05-12,2,1,1011.82,577,1,2,3,123,6,Lost
13039,2009-12-17,2010-05-04,4,0,1010.73,585,1,3,3,133,7,At Risk
17362,2010-01-06,2011-04-14,7,1,1010.54,240,2,4,3,243,9,At Risk
16160,2011-09-15,2011-10-05,2,2,1009.45,66,3,2,3,323,8,Hibernating
16903,2010-10-20,2011-11-10,3,1,1009.45,30,4,3,3,433,10,Hibernating
13258,2010-11-04,2011-11-28,5,0,1009.43,12,5,4,3,543,12,Loyal
16451,2009-12-04,2011-09-13,3,1,1009.40,88,3,3,3,333,9,Needs Attention
12657,2011-09-22,2011-11-28,4,1,1008.06,12,5,3,3,533,11,Hibernating
16287,2010-01-19,2011-06-23,5,0,1006.98,170,3,4,3,343,10,Loyal
13429,2011-09-25,2011-11-29,4,0,1006.80,11,5,3,3,533,11,Hibernating
15850,2009-12-13,2011-11-20,6,0,1006.75,20,4,4,3,443,11,Loyal
15771,2010-01-15,2010-04-14,3,0,1006.54,605,1,3,3,133,7,At Risk
13427,2009-12-17,2011-11-20,6,0,1006.53,20,4,4,3,443,11,Loyal
14013,2009-12-07,2011-08-21,5,1,1006.22,111,3,4,3,343,10,Loyal
12533,2009-12-01,2010-03-22,2,4,1005.99,628,1,2,3,123,6,Lost
13867,2011-05-05,2011-11-08,3,0,1005.09,32,4,3,3,433,10,Hibernating
12710,2011-05-22,2011-09-04,3,1,1004.57,97,3,3,3,333,9,Needs Attention
18160,2010-11-18,2011-10-13,3,0,1003.88,58,4,3,3,433,10,Hibernating
17578,2010-06-28,2011-05-05,7,3,1003.73,219,2,4,3,243,9,At Risk
13549,2010-11-17,2011-11-14,8,1,1003.72,26,4,4,3,443,11,Loyal
16435,2010-07-13,2010-07-15,3,0,1003.07,513,1,3,3,133,7,At Risk
16623,2010-04-26,2011-04-08,4,1,1002.49,246,2,3,3,233,8,At Risk
12446,2011-10-13,2011-10-13,1,0,1002.31,58,4,1,3,413,8,New / Promising
16441,2010-03-22,2011-10-03,5,1,1002.23,68,3,4,3,343,10,Loyal
15706,2011-08-15,2011-10-07,4,3,1001.81,64,3,3,3,333,9,Needs Attention
12546,2011-09-23,2011-10-24,2,1,1001.50,47,4,2,3,423,9,New / Promising
15508,2011-04-18,2011-06-03,6,0,1000.27,190,2,4,3,243,9,At Risk
14902,2010-06-04,2011-11-14,3,2,1000.27,26,4,3,3,433,10,Hibernating
14214,2011-03-07,2011-11-09,5,2,1000.23,31,4,4,3,443,11,Loyal
18143,2011-07-21,2011-08-15,2,0,1000.16,117,3,2,3,323,8,Hibernating
16572,2011-03-09,2011-08-04,3,1,999.70,128,3,3,3,333,9,Needs Attention
17205,2010-05-24,2011-10-17,3,0,999.35,54,4,3,3,433,10,Hibernating
17329,2009-12-03,2011-11-25,5,0,998.53,15,5,4,3,543,12,Loyal
17631,2009-12-09,2011-12-08,7,0,998.49,2,5,4,3,543,12,Loyal
17539,2009-12-13,2010-03-21,3,2,997.34,629,1,3,3,133,7,At Risk
13857,2010-05-17,2010-11-11,6,1,997.01,394,2,4,3,243,9,At Risk
17724,2011-07-24,2011-09-29,3,1,995.65,72,3,3,3,333,9,Needs Attention
12640,2011-09-19,2011-11-16,3,0,994.58,24,4,3,3,433,10,Hibernating
17237,2010-11-23,2011-11-28,4,0,994.13,12,5,3,3,533,11,Hibernating
17299,2010-08-15,2011-11-28,6,0,993.23,12,5,4,3,543,12,Loyal
14430,2010-04-11,2010-07-16,3,2,992.10,512,1,3,3,133,7,At Risk
13559,2010-06-14,2010-07-15,2,0,990.00,513,1,2,3,123,6,Lost
13245,2010-10-03,2011-10-20,2,0,989.22,51,4,2,3,423,9,New / Promising
13292,2010-07-01,2011-11-01,5,1,987.79,39,4,4,3,443,11,Loyal
16130,2010-04-01,2010-10-13,4,0,987.48,423,1,3,3,133,7,At Risk
18237,2011-07-28,2011-12-07,5,0,987.10,3,5,4,3,543,12,Loyal
13238,2010-04-28,2011-11-22,6,1,986.73,18,5,4,3,543,12,Loyal
13439,2010-07-01,2011-03-29,3,0,986.61,256,2,3,3,233,8,At Risk
13368,2010-10-12,2011-03-28,4,1,986.10,257,2,3,3,233,8,At Risk
15176,2010-02-10,2010-02-10,1,1,985.09,668,1,1,3,113,5,Lost
12862,2010-08-01,2010-10-10,2,0,984.62,426,1,2,3,123,6,Lost
17144,2011-09-16,2011-12-08,2,0,984.57,2,5,2,3,523,10,New / Promising
12534,2011-08-01,2011-08-01,1,0,981.18,131,3,1,3,313,7,Hibernating
14230,2010-06-09,2010-09-30,3,0,979.80,436,1,3,3,133,7,At Risk
17369,2010-09-10,2010-09-10,1,0,979.20,456,1,1,3,113,5,Lost
15132,2011-03-22,2011-11-21,5,0,977.93,19,5,4,3,543,12,Loyal
17221,2010-04-11,2011-12-02,5,0,976.62,8,5,4,3,543,12,Loyal
17456,2010-09-09,2010-12-09,2,0,975.56,366,2,2,3,223,7,Hibernating
14223,2011-03-20,2011-09-08,3,1,975.23,93,3,3,3,333,9,Needs Attention
15951,2010-11-23,2011-12-01,3,1,974.52,9,5,3,3,533,11,Hibernating
17214,2010-12-15,2011-10-10,6,1,974.12,61,3,4,3,343,10,Loyal
17958,2009-12-11,2011-08-15,2,0,973.88,117,3,2,3,323,8,Hibernating
17883,2010-02-25,2011-12-06,7,1,972.52,4,5,4,3,543,12,Loyal
16009,2011-07-03,2011-11-17,4,0,972.11,23,4,3,3,433,10,Hibernating
15025,2010-05-20,2011-11-06,2,0,971.84,34,4,2,3,423,9,New / Promising
17100,2011-11-21,2011-11-21,2,0,971.74,19,5,2,3,523,10,New / Promising
15449,2011-03-23,2011-11-13,3,2,971.22,27,4,3,3,433,10,Hibernating
14454,2009-12-06,2010-11-28,5,1,970.70,377,2,4,3,243,9,At Risk
18006,2009-12-17,2011-11-16,4,0,969.51,24,4,3,3,433,10,Hibernating
13223,2010-02-12,2011-05-23,6,0,969.12,201,2,4,3,243,9,At Risk
15104,2011-03-02,2011-05-27,2,1,968.64,197,2,2,3,223,7,Hibernating
15208,2010-10-12,2011-12-08,6,1,968.02,2,5,4,3,543,12,Loyal
16254,2010-03-17,2010-11-26,3,0,967.44,379,2,3,3,233,8,At Risk
17405,2011-07-12,2011-12-08,3,2,967.22,2,5,3,3,533,11,Hibernating
15247,2010-06-20,2011-08-09,3,1,967.11,123,3,3,3,333,9,Needs Attention
17123,2010-05-16,2011-07-01,3,0,966.67,162,3,3,3,333,9,Needs Attention
13204,2009-12-08,2009-12-08,1,0,966.66,732,1,1,3,113,5,Lost
14138,2011-10-07,2011-12-08,2,0,965.88,2,5,2,3,523,10,New / Promising
16376,2011-11-22,2011-12-01,2,1,965.47,9,5,2,3,523,10,New / Promising
15084,2010-03-04,2010-11-25,2,0,965.20,380,2,2,3,223,7,Hibernating
13000,2009-12-14,2011-08-25,4,1,965.00,107,3,3,3,333,9,Needs Attention
16699,2009-12-04,2010-11-24,7,1,964.90,381,2,4,3,243,9,At Risk
14510,2010-09-29,2010-11-29,3,1,964.55,376,2,3,3,233,8,At Risk
12716,2011-07-29,2011-12-06,2,0,963.49,4,5,2,3,523,10,New / Promising
15028,2010-11-10,2011-12-01,6,0,962.94,9,5,4,3,543,12,Loyal
12580,2010-05-12,2011-04-07,2,0,962.90,247,2,2,3,223,7,Hibernating
15109,2009-12-04,2011-04-08,3,1,961.90,246,2,3,3,233,8,At Risk
15156,2011-11-06,2011-12-08,3,0,961.49,2,5,3,3,533,11,Hibernating
14953,2010-09-30,2011-11-14,4,1,960.42,26,4,3,3,433,10,Hibernating
18192,2011-09-29,2011-09-29,1,0,957.97,72,3,1,3,313,7,Hibernating
15181,2009-12-08,2011-10-04,5,2,957.65,67,3,4,3,343,10,Loyal
12464,2011-02-03,2011-11-29,8,0,957.05,11,5,4,3,543,12,Loyal
16141,2010-10-18,2011-09-12,2,0,955.94,89,3,2,3,323,8,Hibernating
12990,2010-03-30,2011-11-08,7,0,955.50,32,4,4,3,443,11,Loyal
17080,2010-07-01,2011-11-17,7,1,955.41,23,4,4,3,443,11,Loyal
15535,2010-09-16,2011-06-19,6,4,955.12,174,3,4,3,343,10,Loyal
15835,2011-01-13,2011-10-26,4,0,954.09,45,4,3,3,433,10,Hibernating
17189,2009-12-02,2011-08-25,5,0,953.63,107,3,4,3,343,10,Loyal
13466,2010-03-21,2011-06-08,5,2,952.25,185,3,4,3,343,10,Loyal
16535,2010-11-19,2011-12-04,2,0,952.04,6,5,2,3,523,10,New / Promising
17955,2010-02-12,2011-05-25,6,0,949.90,199,2,4,3,243,9,At Risk
12767,2010-11-29,2010-11-29,1,0,949.82,376,2,1,3,213,6,Hibernating
17081,2010-02-22,2011-11-14,6,0,949.39,26,4,4,3,443,11,Loyal
13046,2010-09-09,2011-11-09,3,0,949.25,31,4,3,3,433,10,Hibernating
15177,2010-10-10,2010-10-10,1,0,948.93,426,1,1,3,113,5,Lost
16227,2010-06-22,2011-04-28,3,3,948.82,226,2,3,3,233,8,At Risk
14350,2010-10-05,2011-03-10,3,1,947.80,275,2,3,3,233,8,At Risk
16763,2009-12-01,2011-05-25,2,1,947.75,199,2,2,3,223,7,Hibernating
12355,2010-05-21,2011-05-09,2,0,947.61,215,2,2,3,223,7,Hibernating
17516,2010-11-26,2011-11-24,6,0,947.50,16,5,4,3,543,12,Loyal
12403,2010-07-06,2011-10-21,2,0,947.36,50,4,2,3,423,9,New / Promising
17356,2010-01-20,2011-02-01,5,0,946.47,312,2,4,3,243,9,At Risk
16146,2010-09-17,2011-07-05,4,0,946.38,158,3,3,3,333,9,Needs Attention
14157,2010-03-03,2011-11-20,5,1,946.24,20,4,4,3,443,11,Loyal
17544,2010-11-14,2010-11-14,3,0,944.82,391,2,3,3,233,8,At Risk
13261,2011-02-27,2011-03-16,2,0,944.10,269,2,2,3,223,7,Hibernating
17420,2010-11-03,2011-10-20,6,2,943.68,51,4,4,3,443,11,Loyal
16199,2010-03-18,2010-11-12,7,0,942.75,393,2,4,3,243,9,At Risk
13526,2009-12-01,2009-12-01,2,2,942.60,739,1,2,3,123,6,Lost
17604,2010-01-27,2011-05-06,6,0,942.38,218,2,4,3,243,9,At Risk
15385,2010-01-31,2011-10-30,3,0,942.08,41,4,3,3,433,10,Hibernating
14958,2009-12-03,2011-07-15,6,0,941.99,148,3,4,3,343,10,Loyal
13636,2011-02-27,2011-11-03,5,1,941.62,37,4,4,3,443,11,Loyal
15268,2010-04-13,2010-08-18,3,1,941.25,479,1,3,3,133,7,At Risk
13416,2009-12-03,2011-10-27,3,0,940.80,44,4,3,3,433,10,Hibernating
16203,2010-07-23,2011-10-12,6,1,940.09,59,3,4,3,343,10,Loyal
16518,2010-06-01,2011-10-09,4,2,938.27,62,3,3,3,333,9,Needs Attention
12616,2010-11-16,2011-09-05,3,4,937.35,96,3,3,3,333,9,Needs Attention
17020,2010-03-03,2010-06-15,2,0,935.62,543,1,2,3,123,6,Lost
14629,2011-10-23,2011-12-05,2,1,935.46,5,5,2,3,523,10,New / Promising
13005,2010-09-08,2011-06-19,4,2,935.03,174,3,3,3,333,9,Needs Attention
14615,2010-06-09,2010-11-10,5,1,934.26,395,2,4,3,243,9,At Risk
15792,2010-03-31,2010-11-05,2,0,933.84,400,2,2,3,223,7,Hibernating
17298,2010-03-08,2011-08-30,5,1,933.32,102,3,4,3,343,10,Loyal
15787,2011-10-09,2011-11-13,3,0,933.26,27,4,3,3,433,10,Hibernating
18154,2010-08-06,2011-12-06,5,0,932.60,4,5,4,3,543,12,Loyal
18133,2011-05-11,2011-05-11,1,0,931.50,213,2,1,3,213,6,Hibernating
12396,2010-02-03,2010-02-03,1,0,931.43,675,1,1,3,113,5,Lost
13465,2010-05-02,2010-09-19,2,0,931.12,447,1,2,3,123,6,Lost
14924,2010-03-10,2011-04-08,3,0,931.01,246,2,3,3,233,8,At Risk
15723,2010-05-14,2010-12-10,4,0,930.70,365,2,3,3,233,8,At Risk
16861,2010-07-19,2011-10-11,5,1,928.89,60,3,4,3,343,10,Loyal
12373,2010-02-04,2011-02-01,3,0,927.65,312,2,3,3,233,8,At Risk
15243,2010-09-30,2011-09-26,2,0,927.28,75,3,2,3,323,8,Hibernating
17805,2010-04-08,2011-09-27,2,0,927.03,74,3,2,3,323,8,Hibernating
12728,2010-11-21,2011-09-29,5,0,926.17,72,3,4,3,343,10,Loyal
13805,2011-08-02,2011-10-18,2,0,924.60,53,4,2,3,423,9,New / Promising
13936,2010-10-21,2011-06-13,3,1,924.36,180,3,3,3,333,9,Needs Attention
18001,2009-12-02,2011-11-27,6,0,924.14,13,5,4,3,543,12,Loyal
14326,2010-06-25,2011-04-11,3,1,923.98,243,2,3,3,233,8,At Risk
16109,2010-01-10,2011-05-05,3,1,923.58,219,2,3,3,233,8,At Risk
15654,2011-11-13,2011-11-30,2,0,922.53,10,5,2,3,523,10,New / Promising
13122,2011-04-13,2011-09-06,2,0,922.39,95,3,2,3,323,8,Hibernating
17472,2010-03-21,2011-06-01,4,0,922.35,192,2,3,3,233,8,At Risk
13934,2011-03-21,2011-03-21,1,0,922.10,264,2,1,3,213,6,Hibernating
15576,2011-11-02,2011-11-02,1,0,921.37,38,4,1,3,413,8,New / Promising
15957,2010-10-15,2011-11-08,3,0,921.25,32,4,3,3,433,10,Hibernating
16136,2010-02-14,2011-10-11,4,1,921.08,60,3,3,3,333,9,Needs Attention
14272,2010-05-06,2011-09-27,4,0,920.81,74,3,3,3,333,9,Needs Attention
14605,2009-12-08,2010-11-30,4,0,920.71,375,2,3,3,233,8,At Risk
17363,2010-11-02,2010-11-09,3,0,920.46,396,2,3,3,233,8,At Risk
14140,2011-11-08,2011-12-06,2,1,920.05,4,5,2,3,523,10,New / Promising
13075,2011-08-02,2011-08-02,1,0,919.61,130,3,1,3,313,7,Hibernating
14460,2009-12-15,2011-08-21,9,3,919.60,111,3,5,3,353,11,Loyal
12822,2011-09-13,2011-09-30,2,1,918.98,71,3,2,3,323,8,Hibernating
12368,2010-03-21,2010-03-21,1,0,917.70,629,1,1,3,113,5,Lost
14061,2009-12-01,2010-07-20,3,0,917.43,508,1,3,3,133,7,At Risk
14015,2011-10-18,2011-10-18,1,0,917.34,53,4,1,3,413,8,New / Promising
12486,2010-10-04,2010-10-04,1,0,917.28,432,1,1,3,113,5,Lost
15707,2011-09-14,2011-11-04,4,0,916.98,36,4,3,3,433,10,Hibernating
14199,2010-06-27,2011-05-05,4,2,916.50,219,2,3,3,233,8,At Risk
16643,2010-10-13,2011-04-08,2,1,915.56,246,2,2,3,223,7,Hibernating
17172,2009-12-13,2011-09-22,3,2,915.49,79,3,3,3,333,9,Needs Attention
14839,2010-01-04,2010-10-17,3,0,915.28,419,1,3,3,133,7,At Risk
14423,2010-01-14,2011-05-05,3,1,914.96,219,2,3,3,233,8,At Risk
16216,2011-03-17,2011-03-17,1,0,914.93,268,2,1,3,213,6,Hibernating
16204,2009-12-08,2011-11-16,3,1,913.71,24,4,3,3,433,10,Hibernating
14549,2009-12-02,2011-02-01,4,0,913.60,312,2,3,3,233,8,At Risk
15364,2011-03-30,2011-09-05,2,0,913.19,96,3,2,3,323,8,Hibernating
17812,2010-06-27,2011-11-27,7,0,911.99,13,5,4,3,543,12,Loyal
14289,2011-02-23,2011-12-01,6,0,911.26,9,5,4,3,543,12,Loyal
14568,2010-09-30,2010-09-30,1,1,909.50,436,1,1,3,113,5,Lost
14128,2010-06-06,2011-10-10,3,1,909.36,61,3,3,3,333,9,Needs Attention
13038,2011-02-22,2011-09-20,3,0,908.46,81,3,3,3,333,9,Needs Attention
16034,2010-10-26,2011-05-27,6,1,908.37,197,2,4,3,243,9,At Risk
16947,2010-03-03,2011-04-18,4,3,906.31,236,2,3,3,233,8,At Risk
14969,2010-01-05,2010-01-05,1,0,906.23,704,1,1,3,113,5,Lost
12642,2011-08-24,2011-11-14,3,0,905.26,26,4,3,3,433,10,Hibernating
15430,2010-06-29,2010-08-29,2,1,903.75,468,1,2,3,123,6,Lost
13573,2010-03-12,2011-10-20,6,0,903.07,51,4,4,3,443,11,Loyal
18217,2010-07-01,2011-11-10,4,2,902.80,30,4,3,3,433,10,Hibernating
16975,2010-07-22,2010-10-12,3,2,902.42,424,1,3,3,133,7,At Risk
16138,2010-04-28,2010-11-26,3,1,902.40,379,2,3,3,233,8,At Risk
17176,2010-01-31,2011-05-22,3,0,902.32,202,2,3,3,233,8,At Risk
17382,2010-05-19,2011-10-05,8,0,902.28,66,3,4,3,343,10,Loyal
12994,2011-03-16,2011-12-05,3,2,902.22,5,5,3,3,533,11,Hibernating
13359,2010-11-01,2011-10-07,2,2,901.96,64,3,2,3,323,8,Hibernating
13548,2010-08-25,2011-09-04,3,0,901.44,97,3,3,3,333,9,Needs Attention
17322,2009-12-03,2010-11-28,5,2,900.64,377,2,4,3,243,9,At Risk
15511,2011-09-15,2011-11-28,5,0,900.53,12,5,4,3,543,12,Loyal
12945,2010-02-21,2011-02-24,2,0,900.11,289,2,2,3,223,7,Hibernating
16834,2010-02-03,2011-04-26,2,0,898.96,228,2,2,3,223,7,Hibernating
15710,2010-10-18,2010-10-18,1,0,898.87,418,1,1,3,113,5,Lost
12998,2010-02-24,2010-08-04,3,1,897.38,493,1,3,3,133,7,At Risk
12572,2011-10-19,2011-12-01,2,1,896.72,9,5,2,3,523,10,New / Promising
12679,2011-03-01,2011-10-12,4,5,896.67,59,3,3,3,333,9,Needs Attention
15992,2010-09-12,2011-12-06,3,0,896.60,4,5,3,3,533,11,Hibernating
14714,2010-01-21,2011-11-15,4,3,896.40,25,4,3,3,433,10,Hibernating
16916,2010-10-20,2011-11-16,4,0,896.12,24,4,3,3,433,10,Hibernating
12503,2010-05-04,2010-05-04,1,0,896.00,585,1,1,3,113,5,Lost
14133,2009-12-06,2011-08-02,4,2,895.84,130,3,3,3,333,9,Needs Attention
16122,2010-10-10,2011-09-27,6,0,895.62,74,3,4,3,343,10,Loyal
17226,2010-02-12,2011-02-04,3,0,895.47,309,2,3,3,233,8,At Risk
15211,2010-12-09,2011-10-10,2,0,894.41,61,3,2,3,323,8,Hibernating
14338,2010-06-21,2011-07-01,3,2,894.10,162,3,3,3,333,9,Needs Attention
12811,2010-10-08,2011-03-23,4,0,893.90,262,2,3,3,233,8,At Risk
17155,2009-12-03,2011-11-22,7,0,892.46,18,5,4,3,543,12,Loyal
16784,2010-03-28,2011-11-20,5,0,892.33,20,4,4,3,443,11,Loyal
13288,2010-02-11,2010-09-22,5,1,892.16,444,1,4,3,143,8,At Risk
16442,2009-12-13,2011-12-08,5,0,891.98,2,5,4,3,543,12,Loyal
15406,2010-09-12,2011-11-08,4,2,891.77,32,4,3,3,433,10,Hibernating
15393,2009-12-15,2011-11-23,5,0,891.34,17,5,4,3,543,12,Loyal
13872,2009-12-08,2010-06-30,3,3,891.32,528,1,3,3,133,7,At Risk
16361,2011-09-29,2011-11-30,4,0,891.21,10,5,3,3,533,11,Hibernating
15824,2010-06-25,2010-09-12,2,0,890.94,454,1,2,3,123,6,Lost
17987,2010-06-07,2011-06-07,5,1,889.92,186,3,4,3,343,10,Loyal
14065,2010-10-04,2010-11-15,3,1,889.37,390,2,3,3,233,8,At Risk
14813,2010-04-08,2010-12-05,4,0,888.91,370,2,3,3,233,8,At Risk
17527,2011-05-05,2011-10-17,4,2,888.86,54,4,3,3,433,10,Hibernating
17537,2011-02-09,2011-11-10,2,0,887.67,30,4,2,3,423,9,New / Promising
14994,2010-03-26,2010-11-22,5,2,886.64,383,2,4,3,243,9,At Risk
12722,2011-07-12,2011-09-15,4,2,886.33,86,3,3,3,333,9,Needs Attention
12652,2010-10-01,2011-01-12,2,1,885.58,332,2,2,3,223,7,Hibernating
12915,2010-04-29,2011-07-14,4,4,885.20,149,3,3,3,333,9,Needs Attention
17704,2011-04-14,2011-06-24,2,0,885.19,169,3,2,3,323,8,Hibernating
14933,2010-09-21,2010-09-22,4,1,885.00,444,1,3,3,133,7,At Risk
17708,2010-10-12,2011-06-05,4,0,884.18,188,2,3,3,233,8,At Risk
12785,2009-12-08,2010-12-10,3,2,883.31,365,2,3,3,233,8,At Risk
14359,2011-09-13,2011-11-20,3,3,882.58,20,4,3,3,433,10,Hibernating
16387,2010-03-11,2011-01-21,5,0,882.46,323,2,4,3,243,9,At Risk
15907,2011-05-13,2011-12-06,3,0,881.87,4,5,3,3,533,11,Hibernating
16385,2010-03-18,2011-10-10,5,0,881.35,61,3,4,3,343,10,Loyal
16228,2010-11-04,2010-11-19,3,1,881.06,386,2,3,3,233,8,At Risk
17143,2010-07-12,2010-10-18,2,0,880.97,418,1,2,3,123,6,Lost
17062,2010-09-26,2011-01-30,6,1,880.81,314,2,4,3,243,9,At Risk
14141,2011-08-26,2011-12-07,4,2,879.03,3,5,3,3,533,11,Hibernating
14612,2010-10-20,2010-10-20,1,0,877.70,416,1,1,3,113,5,Lost
15653,2011-08-16,2011-09-08,2,0,877.44,93,3,2,3,323,8,Hibernating
17480,2010-09-21,2011-09-23,2,1,876.92,78,3,2,3,323,8,Hibernating
15900,2010-05-26,2011-11-16,4,1,876.67,24,4,3,3,433,10,Hibernating
17864,2010-10-08,2011-11-27,5,0,876.57,13,5,4,3,543,12,Loyal
14681,2010-02-24,2011-09-29,6,0,875.15,72,3,4,3,343,10,Loyal
16513,2011-10-27,2011-12-05,4,0,874.59,5,5,3,3,533,11,Hibernating
16657,2011-03-30,2011-11-30,4,0,874.43,10,5,3,3,533,11,Hibernating
13166,2010-10-21,2011-03-01,2,1,873.43,284,2,2,3,223,7,Hibernating
17746,2010-04-08,2011-04-13,4,3,873.43,241,2,3,3,233,8,At Risk
15525,2010-11-22,2011-12-07,4,1,872.82,3,5,3,3,533,11,Hibernating
12462,2011-02-09,2011-11-21,2,2,872.01,19,5,2,3,523,10,New / Promising
17361,2010-02-01,2011-10-21,5,0,871.79,50,4,4,3,443,11,Loyal
13200,2011-08-05,2011-11-20,4,0,870.09,20,4,3,3,433,10,Hibernating
17566,2011-11-14,2011-12-01,2,0,869.77,9,5,2,3,523,10,New / Promising
13376,2011-04-19,2011-09-01,3,0,869.76,100,3,3,3,333,9,Needs Attention
12421,2010-07-22,2011-11-24,6,1,869.60,16,5,4,3,543,12,Loyal
14753,2010-09-05,2011-09-13,2,0,869.51,88,3,2,3,323,8,Hibernating
16900,2011-10-07,2011-11-23,3,1,869.20,17,5,3,3,533,11,Hibernating
16948,2010-02-21,2011-07-24,7,0,868.77,139,3,4,3,343,10,Loyal
16357,2010-11-23,2011-11-06,4,0,868.37,34,4,3,3,433,10,Hibernating
13937,2010-11-02,2011-06-23,2,1,867.38,170,3,2,3,323,8,Hibernating
17167,2010-09-20,2010-11-25,3,0,867.11,380,2,3,3,233,8,At Risk
16567,2011-01-07,2011-05-29,2,0,865.60,195,2,2,3,223,7,Hibernating
14600,2010-11-11,2011-02-07,2,0,865.17,306,2,2,3,223,7,Hibernating
14931,2011-04-13,2011-12-05,4,0,864.68,5,5,3,3,533,11,Hibernating
12815,2011-05-25,2011-07-15,2,0,863.46,148,3,2,3,323,8,Hibernating
15809,2010-06-22,2011-11-03,7,2,862.88,37,4,4,3,443,11,Loyal
12940,2011-09-13,2011-10-16,2,2,862.44,55,4,2,3,423,9,New / Promising
16668,2010-03-18,2011-11-24,13,0,862.42,16,5,5,3,553,13,Loyal
12413,2010-11-02,2011-10-04,4,1,861.50,67,3,3,3,333,9,Needs Attention
17358,2010-02-24,2011-02-09,5,0,861.01,304,2,4,3,243,9,At Risk
12794,2011-09-02,2011-10-17,2,0,860.41,54,4,2,3,423,9,New / Promising
13339,2011-05-23,2011-05-23,1,0,860.12,201,2,1,3,213,6,Hibernating
13891,2010-05-06,2010-11-26,3,0,859.21,379,2,3,3,233,8,At Risk
12874,2010-06-03,2010-11-19,2,1,858.42,386,2,2,3,223,7,Hibernating
15870,2010-09-19,2011-11-07,4,0,857.46,33,4,3,3,433,10,Hibernating
14551,2010-01-27,2011-11-21,7,2,856.64,19,5,4,3,543,12,Loyal
17161,2010-09-21,2010-09-21,1,0,856.01,445,1,1,3,113,5,Lost
17064,2011-01-16,2011-10-12,3,0,855.45,59,3,3,3,333,9,Needs Attention
15287,2009-12-02,2011-11-17,5,1,854.58,23,4,4,3,443,11,Loyal
13945,2010-08-17,2010-11-10,2,0,854.15,395,2,2,3,223,7,Hibernating
14873,2010-03-16,2011-05-13,2,0,854.13,211,2,2,3,223,7,Hibernating
15266,2010-01-07,2011-01-05,5,0,852.21,339,2,4,3,243,9,At Risk
16070,2011-11-07,2011-11-17,2,0,852.15,23,4,2,3,423,9,New / Promising
16020,2011-10-05,2011-11-23,3,0,851.01,17,5,3,3,533,11,Hibernating
14437,2010-05-05,2010-12-09,5,1,850.84,366,2,4,3,243,9,At Risk
15244,2010-02-11,2011-10-05,3,1,850.18,66,3,3,3,333,9,Needs Attention
16677,2010-02-25,2010-10-24,2,1,849.77,412,1,2,3,123,6,Lost
12675,2010-05-10,2010-06-04,2,2,849.55,554,1,2,3,123,6,Lost
15784,2010-02-05,2010-08-29,2,0,848.33,468,1,2,3,123,6,Lost
14202,2010-03-25,2010-11-23,3,0,847.76,382,2,3,3,233,8,At Risk
13641,2009-12-05,2010-03-09,4,2,847.72,641,1,3,3,133,7,At Risk
13487,2009-12-05,2011-10-13,5,0,846.87,58,4,4,3,443,11,Loyal
16877,2011-05-15,2011-11-27,6,0,846.62,13,5,4,3,543,12,Loyal
13970,2010-09-28,2010-11-18,2,0,846.55,387,2,2,3,223,7,Hibernating
13991,2011-07-19,2011-11-27,6,1,846.54,13,5,4,3,543,12,Loyal
13996,2010-11-05,2010-11-18,2,0,845.76,387,2,2,3,223,7,Hibernating
14803,2011-02-20,2011-06-30,3,0,845.55,163,3,3,3,333,9,Needs Attention
13221,2010-12-15,2011-04-13,2,0,844.86,241,2,2,3,223,7,Hibernating
14686,2010-02-18,2010-10-21,5,1,844.58,415,1,4,3,143,8,At Risk
15264,2010-06-27,2011-10-06,2,1,844.20,65,3,2,3,323,8,Hibernating
14342,2010-08-24,2011-11-18,6,3,843.74,22,4,4,3,443,11,Loyal
14922,2010-07-20,2010-11-11,2,0,843.74,394,2,2,3,223,7,Hibernating
18108,2009-12-02,2011-03-30,3,1,842.46,255,2,3,3,233,8,At Risk
16344,2010-02-09,2011-07-04,4,0,842.42,159,3,3,3,333,9,Needs Attention
16846,2010-03-10,2011-10-20,3,0,842.41,51,4,3,3,433,10,Hibernating
17638,2009-12-18,2010-03-02,2,0,842.40,648,1,2,3,123,6,Lost
16801,2011-03-11,2011-06-29,4,1,842.33,164,3,3,3,333,9,Needs Attention
12878,2011-03-18,2011-04-17,2,1,841.64,237,2,2,3,223,7,Hibernating
14862,2011-07-14,2011-11-14,2,0,841.20,26,4,2,3,423,9,New / Promising
12541,2011-03-04,2011-11-10,3,0,841.18,30,4,3,3,433,10,Hibernating
12543,2010-09-17,2010-09-17,1,0,840.25,449,1,1,3,113,5,Lost
14645,2010-03-15,2011-07-06,3,1,840.24,157,3,3,3,333,9,Needs Attention
13169,2010-05-26,2011-10-07,3,0,840.08,64,3,3,3,333,9,Needs Attention
14355,2010-03-22,2010-12-09,3,0,840.05,366,2,3,3,233,8,At Risk
13940,2011-07-18,2011-11-22,4,0,839.14,18,5,3,3,533,11,Hibernating
18141,2010-04-29,2010-11-03,2,2,838.57,402,2,2,3,223,7,Hibernating
15224,2010-01-15,2010-12-16,5,3,837.26,359,2,4,3,243,9,At Risk
15832,2011-03-30,2011-03-30,1,0,836.79,255,2,1,3,213,6,Hibernating
14929,2010-10-14,2011-11-07,2,0,836.69,33,4,2,3,423,9,New / Promising
13795,2010-03-12,2010-11-16,4,0,836.30,389,2,3,3,233,8,At Risk
16500,2010-06-14,2011-12-05,9,1,835.96,5,5,5,3,553,13,Loyal
13386,2010-09-28,2010-10-21,2,0,835.46,415,1,2,3,123,6,Lost
17867,2009-12-02,2011-11-09,14,5,835.22,31,4,5,3,453,12,Loyal
16737,2010-05-11,2011-10-17,2,0,835.20,54,4,2,3,423,9,New / Promising
15190,2010-10-01,2010-10-01,1,0,834.44,435,1,1,3,113,5,Lost
15469,2010-09-27,2011-10-20,3,3,834.40,51,4,3,3,433,10,Hibernating
16644,2011-05-11,2011-06-15,2,0,833.78,178,3,2,3,323,8,Hibernating
12903,2010-10-07,2010-10-07,1,0,833.53,429,1,1,3,113,5,Lost
15542,2009-12-02,2010-07-15,3,1,833.16,513,1,3,3,133,7,At Risk
12545,2011-03-25,2011-09-25,2,0,832.39,76,3,2,3,323,8,Hibernating
16798,2009-12-10,2010-06-03,3,1,832.21,555,1,3,3,133,7,At Risk
12801,2010-07-27,2010-07-27,1,1,831.87,501,1,1,3,113,5,Lost
14372,2009-12-14,2010-09-22,2,1,830.18,444,1,2,3,123,6,Lost
14851,2010-03-19,2011-11-16,3,0,829.41,24,4,3,3,433,10,Hibernating
12953,2010-07-05,2011-11-30,2,0,828.81,10,5,2,3,523,10,New / Promising
15617,2010-07-20,2010-11-08,3,0,828.55,397,2,3,3,233,8,At Risk
17003,2010-05-10,2010-11-02,4,0,828.21,403,2,3,3,233,8,At Risk
13681,2011-07-07,2011-11-22,4,0,827.83,18,5,3,3,533,11,Hibernating
17332,2010-02-21,2010-06-29,5,0,827.77,529,1,4,3,143,8,At Risk
17045,2010-10-06,2011-08-18,5,0,827.68,114,3,4,3,343,10,Loyal
13810,2011-10-14,2011-11-11,2,0,827.51,29,4,2,3,423,9,New / Promising
16747,2011-10-03,2011-11-02,2,2,826.96,38,4,2,3,423,9,New / Promising
13922,2010-08-29,2010-12-23,3,2,826.65,352,2,3,3,233,8,At Risk
16494,2011-02-16,2011-02-16,1,0,826.53,297,2,1,3,213,6,Hibernating
17880,2009-12-09,2010-12-10,3,0,824.92,365,2,3,3,233,8,At Risk
12550,2011-09-21,2011-09-21,1,0,824.83,80,3,1,3,313,7,Hibernating
14260,2010-06-09,2010-08-25,3,0,824.28,472,1,3,3,133,7,At Risk
16264,2010-09-19,2010-09-27,2,0,823.53,439,1,2,3,123,6,Lost
15847,2010-03-08,2011-11-01,5,0,822.57,39,4,4,3,443,11,Loyal
16680,2010-06-23,2011-10-27,3,0,821.45,44,4,3,3,433,10,Hibernating
16246,2010-02-08,2010-09-06,2,0,821.35,460,1,2,3,123,6,Lost
13893,2011-02-15,2011-02-15,1,0,821.10,298,2,1,3,213,6,Hibernating
16898,2010-05-12,2011-11-13,5,1,820.86,27,4,4,3,443,11,Loyal
12891,2010-02-18,2011-06-07,11,1,819.50,186,3,5,3,353,11,Loyal
16135,2010-05-05,2011-03-22,2,0,819.45,263,2,2,3,223,7,Hibernating
17683,2010-06-03,2010-11-19,3,0,819.01,386,2,3,3,233,8,At Risk
14890,2010-02-18,2011-03-31,3,0,817.25,254,2,3,3,233,8,At Risk
16362,2010-09-28,2011-11-07,6,5,816.96,33,4,4,3,443,11,Loyal
15180,2010-04-29,2010-12-07,3,0,816.93,368,2,3,3,233,8,At Risk
16943,2011-01-25,2011-05-12,3,0,816.73,212,2,3,3,233,8,At Risk
17464,2010-03-30,2011-07-04,3,1,816.54,159,3,3,3,333,9,Needs Attention
13514,2010-01-26,2011-09-27,4,0,815.90,74,3,3,3,333,9,Needs Attention
15399,2011-09-21,2011-12-08,3,0,815.77,2,5,3,3,533,11,Hibernating
14556,2010-01-20,2010-04-22,3,0,815.69,597,1,3,3,133,7,At Risk
15713,2009-12-16,2011-07-19,4,2,814.84,144,3,3,3,333,9,Needs Attention
14624,2010-04-14,2011-10-13,6,0,814.07,58,4,4,3,443,11,Loyal
17869,2010-06-10,2011-08-24,7,0,813.64,108,3,4,3,343,10,Loyal
16621,2011-03-07,2011-10-19,4,0,813.48,52,4,3,3,433,10,Hibernating
16863,2010-10-26,2011-11-08,3,2,812.82,32,4,3,3,433,10,Hibernating
16460,2011-09-19,2011-11-11,3,0,811.23,29,4,3,3,433,10,Hibernating
15759,2009-12-02,2011-05-05,7,3,810.98,219,2,4,3,243,9,At Risk
13350,2011-09-21,2011-11-23,2,1,810.72,17,5,2,3,523,10,New / Promising
15483,2010-01-24,2011-07-01,10,0,810.68,162,3,5,3,353,11,Loyal
16624,2011-05-26,2011-09-20,2,0,810.57,81,3,2,3,323,8,Hibernating
13045,2010-08-10,2011-09-01,3,0,808.92,100,3,3,3,333,9,Needs Attention
13479,2010-08-19,2011-05-23,4,3,808.50,201,2,3,3,233,8,At Risk
14508,2010-06-17,2011-11-17,5,1,804.07,23,4,4,3,443,11,Loyal
16469,2010-07-13,2011-11-16,5,0,803.90,24,4,4,3,443,11,Loyal
15644,2011-03-23,2011-06-26,4,0,803.54,167,3,3,3,333,9,Needs Attention
13637,2011-04-27,2011-10-18,3,0,803.05,53,4,3,3,433,10,Hibernating
14872,2010-03-16,2010-08-13,3,1,802.68,484,1,3,3,133,7,At Risk
16164,2011-10-28,2011-11-22,3,1,802.53,18,5,3,3,533,11,Hibernating
12703,2010-01-24,2011-09-29,4,3,802.18,72,3,3,3,333,9,Needs Attention
18265,2011-07-04,2011-09-28,2,0,801.51,73,3,2,3,323,8,Hibernating
16127,2009-12-13,2011-10-31,2,0,801.31,40,4,2,3,423,9,New / Promising
15314,2010-10-07,2011-05-24,3,1,800.65,200,2,3,3,233,8,At Risk
17023,2010-01-11,2010-10-18,3,0,800.18,418,1,3,3,133,7,At Risk
16048,2010-06-08,2010-12-01,4,2,800.09,374,2,3,3,233,8,At Risk
13720,2011-03-30,2011-08-15,4,0,799.90,117,3,3,3,333,9,Needs Attention
15766,2010-01-26,2011-10-06,3,1,799.66,65,3,3,3,333,9,Needs Attention
12787,2010-10-22,2011-11-30,4,0,799.18,10,5,3,3,533,11,Hibernating
13041,2010-04-29,2010-09-15,4,0,799.13,451,1,3,3,133,7,At Risk
16438,2011-09-18,2011-12-04,5,0,798.35,6,5,4,3,543,12,Loyal
13389,2011-04-21,2011-11-28,3,0,797.96,12,5,3,3,533,11,Hibernating
17281,2010-02-04,2010-11-30,6,0,797.85,375,2,4,3,243,9,At Risk
15637,2009-12-15,2011-10-18,5,0,797.59,53,4,4,3,443,11,Loyal
16869,2011-06-17,2011-11-17,4,1,797.32,23,4,3,3,433,10,Hibernating
13513,2010-02-22,2011-08-05,3,1,796.99,127,3,3,3,333,9,Needs Attention
15396,2010-05-05,2011-08-19,2,0,796.38,113,3,2,3,323,8,Hibernating
16952,2009-12-11,2011-08-22,5,0,795.83,110,3,4,3,343,10,Loyal
13336,2011-09-23,2011-09-23,1,0,795.12,78,3,1,3,313,7,Hibernating
12713,2011-12-09,2011-12-09,1,0,794.55,1,5,1,3,513,9,New / Promising
17212,2010-08-10,2011-03-31,3,0,794.41,254,2,3,3,233,8,At Risk
13175,2009-12-04,2010-05-06,2,2,793.10,583,1,2,3,123,6,Lost
13296,2010-05-11,2011-07-25,6,0,792.51,138,3,4,3,343,10,Loyal
14022,2010-08-10,2011-04-28,2,0,792.15,226,2,2,3,223,7,Hibernating
12680,2011-08-18,2011-12-09,4,0,790.81,1,5,3,3,533,11,Hibernating
17251,2009-12-15,2010-12-12,3,1,790.28,363,2,3,3,233,8,At Risk
14656,2010-04-15,2011-06-23,5,0,790.00,170,3,4,3,343,10,Loyal
13016,2011-08-08,2011-09-27,3,0,789.89,74,3,3,3,333,9,Needs Attention
16472,2010-04-21,2010-10-01,2,0,789.60,435,1,2,3,123,6,Lost
15448,2010-02-03,2011-01-31,2,0,788.81,313,2,2,3,223,7,Hibernating
17952,2010-06-16,2010-11-26,4,0,788.46,379,2,3,3,233,8,At Risk
16661,2009-12-17,2010-06-17,4,1,788.31,541,1,3,3,133,7,At Risk
13323,2011-09-16,2011-12-06,5,0,787.85,4,5,4,3,543,12,Loyal
16468,2010-08-15,2011-09-26,3,0,787.52,75,3,3,3,333,9,Needs Attention
14087,2009-12-04,2011-12-07,3,2,786.72,3,5,3,3,533,11,Hibernating
14463,2010-07-28,2011-09-02,4,0,786.57,99,3,3,3,333,9,Needs Attention
16810,2010-10-15,2011-05-31,2,2,786.14,193,2,2,3,223,7,Hibernating
13770,2009-12-09,2010-10-13,4,0,785.37,423,1,3,3,133,7,At Risk
15806,2011-03-08,2011-10-24,3,0,784.58,47,4,3,3,433,10,Hibernating
13595,2010-03-03,2010-07-11,3,0,784.48,517,1,3,3,133,7,At Risk
15714,2010-06-02,2011-11-28,5,0,783.96,12,5,4,3,543,12,Loyal
18248,2011-06-06,2011-08-09,2,2,783.02,123,3,2,3,323,8,Hibernating
16836,2010-05-14,2011-10-31,4,0,782.37,40,4,3,3,433,10,Hibernating
15304,2010-10-14,2011-10-10,9,2,782.30,61,3,5,3,353,11,Loyal
15952,2011-04-28,2011-11-06,4,0,781.91,34,4,3,3,433,10,Hibernating
13544,2010-03-05,2011-10-31,6,1,781.70,40,4,4,3,443,11,Loyal
17255,2010-09-19,2011-10-30,4,0,781.70,41,4,3,3,433,10,Hibernating
17817,2010-10-13,2011-12-05,6,1,781.45,5,5,4,3,543,12,Loyal
15679,2011-06-10,2011-11-15,4,0,781.28,25,4,3,3,433,10,Hibernating
16155,2010-06-18,2010-11-23,5,1,781.05,382,2,4,3,243,9,At Risk
15246,2010-06-02,2011-04-15,3,0,780.40,239,2,3,3,233,8,At Risk
13212,2011-10-09,2011-11-20,3,1,779.33,20,4,3,3,433,10,Hibernating
14815,2011-10-03,2011-11-03,2,0,778.50,37,4,2,3,423,9,New / Promising
16958,2010-09-30,2010-09-30,1,0,778.49,436,1,1,3,113,5,Lost
13612,2010-03-17,2010-03-17,1,1,777.79,633,1,1,3,113,5,Lost
13965,2010-01-05,2010-08-20,3,2,777.66,477,1,3,3,133,7,At Risk
16505,2011-11-08,2011-11-08,1,0,777.60,32,4,1,3,413,8,New / Promising
13563,2011-07-22,2011-09-16,2,0,777.53,85,3,2,3,323,8,Hibernating
15837,2010-08-11,2011-10-06,2,0,777.01,65,3,2,3,323,8,Hibernating
15794,2009-12-02,2009-12-03,2,0,777.00,737,1,2,3,123,6,Lost
17194,2010-06-27,2010-12-14,2,0,776.66,361,2,2,3,223,7,Hibernating
15743,2011-06-08,2011-11-23,4,0,775.96,17,5,3,3,533,11,Hibernating
13341,2011-03-24,2011-03-24,1,0,775.85,261,2,1,3,213,6,Hibernating
17482,2010-05-10,2010-08-09,2,0,775.64,488,1,2,3,123,6,Lost
15414,2011-04-11,2011-11-30,3,0,774.90,10,5,3,3,533,11,Hibernating
13502,2010-06-09,2011-11-23,5,1,774.60,17,5,4,3,543,12,Loyal
15773,2010-10-26,2011-12-04,2,0,774.52,6,5,2,3,523,10,New / Promising
18058,2010-02-10,2011-11-30,3,0,774.06,10,5,3,3,533,11,Hibernating
18112,2010-06-06,2011-11-27,4,0,773.36,13,5,3,3,533,11,Hibernating
15092,2010-09-03,2011-05-08,3,1,773.16,216,2,3,3,233,8,At Risk
15075,2011-09-23,2011-09-23,1,0,773.03,78,3,1,3,313,7,Hibernating
16961,2009-12-04,2011-08-15,3,3,773.01,117,3,3,3,333,9,Needs Attention
16759,2011-11-09,2011-12-02,3,1,772.84,8,5,3,3,533,11,Hibernating
17349,2010-03-18,2011-06-13,5,0,772.41,180,3,4,3,343,10,Loyal
16739,2010-06-21,2011-06-16,2,2,772.23,177,3,2,3,323,8,Hibernating
14997,2010-02-22,2011-10-24,4,1,771.38,47,4,3,3,433,10,Hibernating
14513,2010-05-20,2011-08-31,6,1,770.91,101,3,4,3,343,10,Loyal
13781,2009-12-18,2011-04-03,3,1,770.88,251,2,3,3,233,8,At Risk
14838,2009-12-03,2010-10-12,2,0,769.92,424,1,2,3,123,6,Lost
12965,2011-09-11,2011-09-11,1,0,769.81,90,3,1,3,313,7,Hibernating
16480,2011-09-25,2011-09-25,1,0,769.29,76,3,1,3,313,7,Hibernating
18228,2011-09-21,2011-10-14,2,1,769.20,57,4,2,3,423,9,New / Promising
12923,2010-05-13,2011-10-06,3,0,769.17,65,3,3,3,333,9,Needs Attention
16978,2010-02-11,2011-09-23,3,0,768.88,78,3,3,3,333,9,Needs Attention
13356,2011-09-20,2011-09-20,1,0,768.24,81,3,1,3,313,7,Hibernating
17801,2010-01-17,2010-09-14,3,1,767.48,452,1,3,3,133,7,At Risk
13484,2010-03-10,2011-04-12,3,1,767.32,242,2,3,3,233,8,At Risk
13712,2010-04-08,2011-04-07,2,0,766.42,247,2,2,3,223,7,Hibernating
15921,2010-03-09,2011-06-20,4,0,765.61,173,3,3,3,333,9,Needs Attention
12991,2010-11-15,2011-11-16,3,0,764.82,24,4,3,3,433,10,Hibernating
14690,2010-10-25,2011-10-26,4,1,764.59,45,4,3,3,433,10,Hibernating
15239,2011-09-22,2011-11-29,2,1,764.34,11,5,2,3,523,10,New / Promising
17466,2011-09-22,2011-11-29,2,0,763.28,11,5,2,3,523,10,New / Promising
15428,2009-12-17,2011-11-24,4,0,762.75,16,5,3,3,533,11,Hibernating
15646,2010-10-25,2011-07-05,5,1,762.31,158,3,4,3,343,10,Loyal
12410,2010-07-25,2011-02-04,3,1,761.46,309,2,3,3,233,8,At Risk
13745,2010-06-11,2011-06-30,2,2,761.27,163,3,2,3,323,8,Hibernating
15066,2011-10-17,2011-10-17,1,1,760.59,54,4,1,3,413,8,New / Promising
17425,2011-10-10,2011-11-20,2,0,759.17,20,4,2,3,423,9,New / Promising
17495,2010-11-14,2011-12-02,3,1,759.07,8,5,3,3,533,11,Hibernating
13453,2010-11-02,2011-06-27,3,2,758.99,166,3,3,3,333,9,Needs Attention
18246,2010-04-09,2011-11-16,3,0,758.82,24,4,3,3,433,10,Hibernating
15908,2010-07-15,2010-08-06,2,0,758.62,491,1,2,3,123,6,Lost
15568,2011-09-27,2011-12-07,3,0,758.29,3,5,3,3,533,11,Hibernating
13768,2009-12-01,2009-12-13,2,6,758.07,727,1,2,3,123,6,Lost
13034,2010-11-03,2011-10-16,3,0,756.82,55,4,3,3,433,10,Hibernating
14883,2011-05-12,2011-11-21,6,1,756.64,19,5,4,3,543,12,Loyal
16411,2010-10-07,2011-11-20,4,0,756.39,20,4,3,3,433,10,Hibernating
14037,2009-12-07,2011-06-16,6,1,755.95,177,3,4,3,343,10,Loyal
16392,2010-05-27,2011-03-15,3,0,755.45,270,2,3,3,233,8,At Risk
15331,2010-04-09,2010-07-28,3,1,755.41,500,1,3,3,133,7,At Risk
18104,2011-11-02,2011-11-02,1,0,754.64,38,4,1,3,413,8,New / Promising
14234,2011-10-13,2011-11-17,4,0,754.12,23,4,3,3,433,10,Hibernating
14176,2010-11-23,2011-02-15,5,1,753.56,298,2,4,3,243,9,At Risk
18034,2010-11-29,2011-11-18,3,0,753.35,22,4,3,3,433,10,Hibernating
14998,2010-04-13,2011-06-22,4,0,753.18,171,3,3,3,333,9,Needs Attention
15006,2010-09-12,2011-10-19,2,0,752.83,52,4,2,3,423,9,New / Promising
15107,2010-09-14,2011-02-01,9,3,752.60,312,2,5,3,253,10,At Risk
13730,2011-07-01,2011-07-27,2,0,752.60,136,3,2,3,323,8,Hibernating
12772,2011-10-11,2011-10-11,1,0,752.47,60,3,1,3,313,7,Hibernating
13030,2010-12-06,2011-11-28,2,0,752.44,12,5,2,3,523,10,New / Promising
14247,2010-06-06,2011-03-06,5,1,750.61,279,2,4,3,243,9,At Risk
14976,2011-01-17,2011-10-13,6,1,749.86,58,4,4,3,443,11,Loyal
13598,2010-02-26,2011-10-23,5,1,749.21,48,4,4,3,443,11,Loyal
14923,2011-10-20,2011-10-20,1,0,749.10,51,4,1,3,413,8,New / Promising
16972,2010-09-09,2010-11-22,2,0,749.00,383,2,2,3,223,7,Hibernating
12808,2010-09-03,2011-11-03,5,0,748.70,37,4,4,3,443,11,Loyal
15656,2011-02-28,2011-10-25,4,0,748.50,46,4,3,3,433,10,Hibernating
13108,2010-09-30,2010-12-02,2,0,748.46,373,2,2,3,223,7,Hibernating
15137,2009-12-08,2010-07-07,2,3,747.55,521,1,2,3,123,6,Lost
15618,2011-07-26,2011-11-07,4,1,747.03,33,4,3,3,433,10,Hibernating
15533,2011-09-11,2011-11-20,3,2,746.92,20,4,3,3,433,10,Hibernating
17387,2011-11-06,2011-11-20,2,0,746.81,20,4,2,3,423,9,New / Promising
14942,2009-12-10,2010-11-03,4,0,746.56,402,2,3,3,233,8,At Risk
17889,2010-03-31,2011-05-11,7,0,746.42,213,2,4,3,243,9,At Risk
14050,2011-08-25,2011-11-08,2,0,746.36,32,4,2,3,423,9,New / Promising
12793,2010-11-03,2011-01-09,3,0,745.53,335,2,3,3,233,8,At Risk
14228,2010-06-11,2010-09-28,3,0,745.50,438,1,3,3,133,7,At Risk
12525,2009-12-04,2010-07-29,3,5,745.18,499,1,3,3,133,7,At Risk
17579,2010-05-10,2011-12-05,4,1,744.58,5,5,3,3,533,11,Hibernating
12505,2010-10-27,2010-10-27,1,1,744.50,409,1,1,3,113,5,Lost
12871,2010-09-26,2011-09-16,3,0,744.02,85,3,3,3,333,9,Needs Attention
13070,2009-12-02,2011-05-31,4,1,743.90,193,2,3,3,233,8,At Risk
13354,2011-09-29,2011-09-29,1,0,743.53,72,3,1,3,313,7,Hibernating
17038,2010-10-20,2011-11-09,2,0,743.17,31,4,2,3,423,9,New / Promising
15420,2009-12-05,2010-10-01,6,0,743.00,435,1,4,3,143,8,At Risk
14302,2009-12-02,2010-10-05,3,0,742.90,431,1,3,3,133,7,At Risk
18275,2009-12-08,2010-05-10,2,0,741.85,579,1,2,3,123,6,Lost
13721,2010-11-09,2011-11-03,2,0,741.54,37,4,2,3,423,9,New / Promising
13713,2010-05-05,2010-10-27,3,0,740.76,409,1,3,3,133,7,At Risk
15831,2011-01-19,2011-10-12,3,1,740.64,59,3,3,3,333,9,Needs Attention
14104,2010-05-28,2011-07-08,5,0,740.53,155,3,4,3,343,10,Loyal
17114,2011-01-09,2011-12-04,8,2,739.72,6,5,4,3,543,12,Loyal
15720,2010-06-07,2011-11-15,2,0,739.22,25,4,2,3,423,9,New / Promising
17760,2010-02-28,2011-11-18,6,1,739.14,22,4,4,3,443,11,Loyal
12697,2011-06-23,2011-11-11,3,2,739.02,29,4,3,3,433,10,Hibernating
15462,2010-09-20,2011-09-06,4,0,737.05,95,3,3,3,333,9,Needs Attention
15070,2009-12-15,2010-12-02,3,0,737.05,373,2,3,3,233,8,At Risk
15988,2010-02-21,2011-11-20,3,0,736.39,20,4,3,3,433,10,Hibernating
16806,2011-04-14,2011-08-28,4,0,736.21,104,3,3,3,333,9,Needs Attention
17461,2011-11-10,2011-11-17,3,0,735.82,23,4,3,3,433,10,Hibernating
18190,2009-12-22,2011-05-31,5,1,735.67,193,2,4,3,243,9,At Risk
13286,2010-04-18,2010-04-18,1,0,734.91,601,1,1,3,113,5,Lost
15938,2010-06-01,2011-08-19,9,0,734.81,113,3,5,3,353,11,Loyal
17616,2010-09-14,2011-06-19,4,0,734.40,174,3,3,3,333,9,Needs Attention
13575,2011-06-16,2011-11-16,5,0,732.07,24,4,4,3,443,11,Loyal
13780,2010-10-28,2011-12-02,3,0,732.07,8,5,3,3,533,11,Hibernating
12696,2010-07-19,2010-10-01,2,0,731.91,435,1,2,3,123,6,Lost
14778,2011-02-04,2011-08-04,2,0,730.86,128,3,2,3,323,8,Hibernating
13452,2010-08-24,2011-03-25,3,0,729.80,260,2,3,3,233,8,At Risk
12925,2010-04-26,2011-12-05,3,0,729.33,5,5,3,3,533,11,Hibernating
15872,2010-06-07,2011-11-25,4,0,729.25,15,5,3,3,533,11,Hibernating
17756,2010-11-10,2010-11-29,3,0,728.75,376,2,3,3,233,8,At Risk
13950,2011-04-07,2011-11-28,4,1,728.56,12,5,3,3,533,11,Hibernating
17141,2010-01-24,2010-10-17,4,0,727.58,419,1,3,3,133,7,At Risk
13236,2011-08-25,2011-11-15,2,1,727.27,25,4,2,3,423,9,New / Promising
16447,2010-02-17,2011-07-27,3,0,727.10,136,3,3,3,333,9,Needs Attention
16075,2010-05-24,2010-07-25,2,1,726.98,503,1,2,3,123,6,Lost
16465,2010-09-21,2010-10-15,2,1,726.34,421,1,2,3,123,6,Lost
16892,2009-12-08,2011-12-08,7,2,726.05,2,5,4,3,543,12,Loyal
18078,2010-03-21,2011-05-06,4,0,725.53,218,2,3,3,233,8,At Risk
13569,2010-10-07,2011-11-22,4,0,725.04,18,5,3,3,533,11,Hibernating
12745,2010-05-14,2010-08-10,2,0,723.85,487,1,2,3,123,6,Lost
15368,2010-11-10,2011-11-18,2,0,722.74,22,4,2,3,423,9,New / Promising
16924,2011-09-16,2011-11-18,3,1,722.64,22,4,3,3,433,10,Hibernating
13264,2010-09-23,2010-09-23,1,0,722.56,443,1,1,3,113,5,Lost
13980,2010-02-21,2011-10-10,5,4,722.02,61,3,4,3,343,10,Loyal
18247,2010-03-18,2010-10-21,3,3,721.43,415,1,3,3,133,7,At Risk
13370,2010-12-03,2010-12-03,1,1,721.32,372,2,1,3,213,6,Hibernating
13441,2010-10-04,2011-09-09,2,0,720.90,92,3,2,3,323,8,Hibernating
13921,2009-12-18,2010-11-02,4,1,720.75,403,2,3,3,233,8,At Risk
16023,2011-03-18,2011-10-24,3,0,719.81,47,4,3,3,433,10,Hibernating
13541,2010-05-18,2010-10-08,2,1,717.90,428,1,2,3,123,6,Lost
13537,2010-09-14,2010-10-10,2,0,717.85,426,1,2,3,123,6,Lost
12527,2010-06-28,2011-09-19,5,0,717.51,82,3,4,3,343,10,Loyal
12573,2010-08-31,2011-04-26,5,0,717.41,228,2,4,3,243,9,At Risk
17860,2009-12-11,2010-12-06,4,0,717.39,369,2,3,3,233,8,At Risk
16526,2010-05-04,2011-06-21,2,0,717.21,172,3,2,3,323,8,Hibernating
15274,2011-11-21,2011-12-05,2,0,716.57,5,5,2,3,523,10,New / Promising
12535,2011-06-06,2011-09-09,2,0,716.35,92,3,2,3,323,8,Hibernating
12628,2011-10-06,2011-12-05,3,1,715.61,5,5,3,3,533,11,Hibernating
15309,2009-12-04,2010-04-08,4,6,715.53,611,1,3,3,133,7,At Risk
14798,2010-03-01,2011-10-18,8,1,715.11,53,4,4,3,443,11,Loyal
12792,2010-06-23,2011-03-28,2,0,715.01,257,2,2,3,223,7,Hibernating
15330,2011-10-10,2011-11-07,2,0,714.96,33,4,2,3,423,9,New / Promising
16269,2010-09-28,2010-09-28,1,1,714.59,438,1,1,3,113,5,Lost
17615,2010-08-11,2011-08-01,6,1,714.30,131,3,4,3,343,10,Loyal
14048,2010-11-22,2011-02-07,3,1,713.89,306,2,3,3,233,8,At Risk
13604,2010-02-19,2010-02-19,1,1,713.39,659,1,1,3,113,5,Lost
13512,2010-05-05,2011-03-24,4,0,713.39,261,2,3,3,233,8,At Risk
14026,2010-03-24,2010-08-26,2,0,713.11,471,1,2,3,123,6,Lost
12761,2010-09-01,2010-09-01,1,0,712.95,465,1,1,3,113,5,Lost
13147,2011-09-01,2011-11-29,4,0,712.80,11,5,3,3,533,11,Hibernating
17761,2011-11-07,2011-11-07,1,0,712.78,33,4,1,3,413,8,New / Promising
14470,2010-10-05,2011-11-28,3,0,712.04,12,5,3,3,533,11,Hibernating
16602,2010-11-16,2011-11-03,2,3,711.63,37,4,2,3,423,9,New / Promising
15127,2010-07-08,2011-10-05,2,0,711.50,66,3,2,3,323,8,Hibernating
13699,2010-06-07,2011-07-07,2,1,711.40,156,3,2,3,323,8,Hibernating
17374,2010-11-09,2011-05-05,3,1,711.21,219,2,3,3,233,8,At Risk
13103,2010-05-11,2011-10-31,3,0,709.64,40,4,3,3,433,10,Hibernating
17979,2011-03-25,2011-11-04,4,1,709.11,36,4,3,3,433,10,Hibernating
12485,2010-06-28,2010-06-28,1,0,708.10,530,1,1,3,113,5,Lost
14398,2010-06-30,2010-11-03,2,0,707.79,402,2,2,3,223,7,Hibernating
12453,2011-07-28,2011-07-28,1,0,707.09,135,3,1,3,313,7,Hibernating
12723,2011-10-05,2011-12-06,5,0,707.07,4,5,4,3,543,12,Loyal
17051,2010-03-21,2011-05-29,4,0,706.49,195,2,3,3,233,8,At Risk
12890,2010-11-17,2011-11-15,2,0,706.02,25,4,2,3,423,9,New / Promising
16364,2011-07-25,2011-11-28,2,0,705.79,12,5,2,3,523,10,New / Promising
16882,2011-01-26,2011-10-04,3,0,705.12,67,3,3,3,333,9,Needs Attention
12883,2011-09-11,2011-11-15,4,0,703.47,25,4,3,3,433,10,Hibernating
15103,2011-09-14,2011-11-08,2,0,703.36,32,4,2,3,423,9,New / Promising
12730,2010-07-06,2010-07-06,1,0,703.25,522,1,1,3,113,5,Lost
17561,2009-12-06,2011-11-20,4,0,703.02,20,4,3,3,433,10,Hibernating
16730,2011-01-24,2011-10-18,3,1,702.79,53,4,3,3,433,10,Hibernating
14699,2010-07-02,2011-05-09,4,0,702.60,215,2,3,3,233,8,At Risk
16997,2011-01-18,2011-02-24,3,0,702.00,289,2,3,3,233,8,At Risk
17825,2009-12-14,2010-04-20,4,0,701.96,599,1,3,3,133,7,At Risk
14324,2010-01-15,2010-10-26,2,0,701.61,410,1,2,3,123,6,Lost
14179,2011-10-18,2011-10-30,2,0,701.57,41,4,2,3,423,9,New / Promising
16565,2010-06-02,2010-12-10,4,1,700.45,365,2,3,3,233,8,At Risk
13833,2010-10-31,2011-07-03,2,0,700.41,160,3,2,3,323,8,Hibernating
17163,2010-02-02,2011-11-18,4,0,699.78,22,4,3,3,433,10,Hibernating
13242,2010-02-09,2011-08-19,7,0,699.40,113,3,4,3,343,10,Loyal
12588,2010-04-21,2011-10-31,3,1,698.98,40,4,3,3,433,10,Hibernating
16018,2009-12-07,2011-10-31,4,0,698.13,40,4,3,3,433,10,Hibernating
16415,2010-02-01,2011-10-26,3,0,696.76,45,4,3,3,433,10,Hibernating
13101,2010-01-27,2011-04-19,4,0,695.40,235,2,3,3,233,8,At Risk
15995,2010-10-21,2010-10-21,1,0,694.54,415,1,1,3,113,5,Lost
15053,2011-03-03,2011-12-05,3,0,693.95,5,5,3,3,533,11,Hibernating
17547,2010-02-12,2010-11-29,2,2,692.35,376,2,2,3,223,7,Hibernating
17198,2010-12-03,2011-11-16,3,0,692.22,24,4,3,3,433,10,Hibernating
17733,2011-03-23,2011-11-01,2,0,692.19,39,4,2,3,423,9,New / Promising
14880,2011-02-24,2011-09-23,3,0,690.59,78,3,3,3,333,9,Needs Attention
13927,2010-09-28,2011-09-26,2,1,689.96,75,3,2,3,323,8,Hibernating
16545,2010-11-29,2011-06-28,2,0,689.82,165,3,2,3,323,8,Hibernating
17834,2010-09-20,2010-10-21,2,0,689.67,415,1,2,3,123,6,Lost
12735,2011-01-06,2011-01-28,2,0,689.57,316,2,2,3,223,7,Hibernating
13626,2010-11-25,2011-04-01,2,1,689.49,253,2,2,3,223,7,Hibernating
16015,2011-10-21,2011-12-06,3,1,689.41,4,5,3,3,533,11,Hibernating
17502,2011-11-10,2011-11-30,4,0,689.10,10,5,3,3,533,11,Hibernating
15361,2010-06-14,2010-12-13,4,0,689.07,362,2,3,3,233,8,At Risk
14111,2011-04-12,2011-11-25,4,1,688.60,15,5,3,3,533,11,Hibernating
18017,2010-10-04,2011-09-19,4,0,688.00,82,3,3,3,333,9,Needs Attention
14809,2010-03-28,2010-03-28,2,0,686.76,622,1,2,3,123,6,Lost
16309,2011-04-13,2011-08-25,2,1,686.67,107,3,2,3,323,8,Hibernating
13898,2010-10-24,2011-01-18,2,0,686.40,326,2,2,3,223,7,Hibernating
16824,2010-11-11,2011-11-24,3,0,686.24,16,5,3,3,533,11,Hibernating
15219,2010-03-01,2011-06-16,2,0,685.45,177,3,2,3,323,8,Hibernating
15184,2009-12-16,2011-11-10,4,0,685.39,30,4,3,3,433,10,Hibernating
14959,2011-02-16,2011-10-06,4,1,684.97,65,3,3,3,333,9,Needs Attention
12632,2010-05-24,2010-07-07,2,2,684.88,521,1,2,3,123,6,Lost
16885,2010-11-19,2011-11-24,4,0,683.35,16,5,3,3,533,11,Hibernating
14222,2011-06-15,2011-06-15,1,0,683.17,178,3,1,3,313,7,Hibernating
15582,2011-05-03,2011-11-15,3,0,682.91,25,4,3,3,433,10,Hibernating
13987,2010-11-04,2010-11-25,2,0,682.54,380,2,2,3,223,7,Hibernating
18187,2010-03-18,2010-03-18,1,2,682.19,632,1,1,3,113,5,Lost
12638,2010-03-10,2011-11-06,2,0,681.49,34,4,2,3,423,9,New / Promising
18271,2009-12-08,2010-04-09,2,0,680.85,610,1,2,3,123,6,Lost
18082,2011-11-14,2011-11-14,1,0,680.84,26,4,1,3,413,8,New / Promising
13524,2011-05-04,2011-10-30,5,0,680.18,41,4,4,3,443,11,Loyal
13809,2010-09-05,2011-02-07,3,0,679.70,306,2,3,3,233,8,At Risk
14497,2010-02-04,2011-02-03,2,1,679.16,310,2,2,3,223,7,Hibernating
17782,2010-11-22,2010-11-22,2,0,679.02,383,2,2,3,223,7,Hibernating
16262,2010-01-28,2010-11-26,1,2,677.78,379,2,1,3,213,6,Hibernating
15669,2011-03-21,2011-10-30,4,1,677.69,41,4,3,3,433,10,Hibernating
13040,2011-11-06,2011-12-01,2,0,676.99,9,5,2,3,523,10,New / Promising
13729,2010-01-24,2010-09-30,3,2,676.43,436,1,3,3,133,7,At Risk
16601,2010-03-26,2011-10-30,3,0,675.83,41,4,3,3,433,10,Hibernating
18156,2010-12-05,2011-11-27,2,0,675.64,13,5,2,3,523,10,New / Promising
12942,2010-12-09,2011-07-31,3,0,675.60,132,3,3,3,333,9,Needs Attention
13325,2011-09-19,2011-09-19,1,0,675.30,82,3,1,3,313,7,Hibernating
16646,2010-09-16,2010-09-16,1,1,675.05,450,1,1,3,113,5,Lost
13355,2011-08-09,2011-08-09,1,0,674.70,123,3,1,3,313,7,Hibernating
16449,2011-03-04,2011-05-26,2,1,674.69,198,2,2,3,223,7,Hibernating
13585,2009-12-01,2010-06-27,3,1,674.46,531,1,3,3,133,7,At Risk
13951,2011-02-18,2011-06-16,3,0,674.45,177,3,3,3,333,9,Needs Attention
12465,2011-06-23,2011-11-22,2,1,673.89,18,5,2,3,523,10,New / Promising
14504,2011-03-06,2011-10-23,4,0,673.26,48,4,3,3,433,10,Hibernating
16226,2010-10-22,2011-05-20,5,0,672.17,204,2,4,3,243,9,At Risk
12781,2011-02-28,2011-10-07,2,2,671.72,64,3,2,3,323,8,Hibernating
15562,2009-12-13,2010-12-23,3,0,671.43,352,2,3,3,233,8,At Risk
17709,2010-04-15,2011-06-23,5,0,671.01,170,3,4,3,343,10,Loyal
13398,2010-09-17,2011-05-31,2,0,670.34,193,2,2,3,223,7,Hibernating
15363,2010-08-04,2010-12-02,2,1,670.16,373,2,2,3,223,7,Hibernating
17418,2010-11-17,2011-10-28,3,0,670.06,43,4,3,3,433,10,Hibernating
13255,2010-07-15,2011-11-30,3,1,669.91,10,5,3,3,533,11,Hibernating
12786,2010-04-09,2010-04-09,1,0,668.50,610,1,1,3,113,5,Lost
15901,2010-06-14,2011-11-23,6,0,667.89,17,5,4,3,543,12,Loyal
12450,2010-08-22,2011-07-06,5,2,666.95,157,3,4,3,343,10,Loyal
14356,2011-09-19,2011-09-21,2,2,666.94,80,3,2,3,323,8,Hibernating
14151,2009-12-23,2010-02-04,2,1,666.70,674,1,2,3,123,6,Lost
18123,2010-07-14,2011-11-15,3,0,666.64,25,4,3,3,433,10,Hibernating
13741,2011-05-06,2011-09-29,3,1,666.33,72,3,3,3,333,9,Needs Attention
17105,2011-02-06,2011-07-03,2,0,665.78,160,3,2,3,323,8,Hibernating
13415,2009-12-11,2010-08-24,4,1,665.42,473,1,3,3,133,7,At Risk
16132,2010-03-22,2010-06-13,2,0,664.20,545,1,2,3,123,6,Lost
16704,2010-02-05,2010-03-31,2,0,664.16,619,1,2,3,123,6,Lost
13596,2011-11-27,2011-12-04,2,0,664.11,6,5,2,3,523,10,New / Promising
15700,2011-06-19,2011-06-20,2,1,664.03,173,3,2,3,323,8,Hibernating
14720,2011-08-05,2011-12-04,3,0,663.81,6,5,3,3,533,11,Hibernating
13974,2010-05-06,2011-10-21,2,2,663.52,50,4,2,3,423,9,New / Promising
16679,2010-06-10,2010-12-08,3,0,663.31,367,2,3,3,233,8,At Risk
17462,2011-02-28,2011-10-10,2,1,662.94,61,3,2,3,323,8,Hibernating
12837,2010-05-19,2011-06-19,2,0,662.66,174,3,2,3,323,8,Hibernating
13864,2010-11-18,2010-11-18,1,0,662.40,387,2,1,3,213,6,Hibernating
16862,2010-01-07,2010-06-10,4,0,662.33,548,1,3,3,133,7,At Risk
14182,2010-04-22,2010-09-22,4,1,660.07,444,1,3,3,133,7,At Risk
14603,2011-03-10,2011-03-10,1,0,660.00,275,2,1,3,213,6,Hibernating
15405,2010-05-12,2011-06-03,2,0,659.84,190,2,2,3,223,7,Hibernating
13028,2011-10-25,2011-11-17,2,1,659.68,23,4,2,3,423,9,New / Promising
15492,2011-09-26,2011-11-11,2,0,659.46,29,4,2,3,423,9,New / Promising
13759,2011-09-29,2011-11-06,2,0,659.41,34,4,2,3,423,9,New / Promising
14452,2010-07-06,2011-11-29,4,0,658.95,11,5,3,3,533,11,Hibernating
14150,2010-12-15,2011-11-04,2,0,658.64,36,4,2,3,423,9,New / Promising
17874,2011-03-29,2011-06-07,6,1,658.26,186,3,4,3,343,10,Loyal
16887,2009-12-01,2011-11-04,3,0,658.17,36,4,3,3,433,10,Hibernating
15715,2010-03-30,2010-06-02,5,0,658.02,556,1,4,3,143,8,At Risk
16696,2011-04-05,2011-07-27,4,0,657.90,136,3,3,3,333,9,Needs Attention
17852,2009-12-08,2011-11-28,5,0,657.81,12,5,4,3,543,12,Loyal
17459,2011-10-10,2011-10-27,2,0,657.30,44,4,2,3,423,9,New / Promising
15207,2010-06-10,2010-10-19,3,2,657.27,417,1,3,3,133,7,At Risk
13433,2010-01-12,2010-07-26,4,1,656.87,502,1,3,3,133,7,At Risk
12791,2010-03-25,2010-12-01,5,0,656.83,374,2,4,3,243,9,At Risk
16708,2011-10-25,2011-10-25,1,0,656.63,46,4,1,3,413,8,New / Promising
14142,2010-03-03,2010-12-01,2,2,655.94,374,2,2,3,223,7,Hibernating
17398,2011-03-29,2011-08-17,3,0,653.38,115,3,3,3,333,9,Needs Attention
18121,2011-07-08,2011-07-13,2,0,653.30,150,3,2,3,323,8,Hibernating
15205,2011-08-04,2011-09-15,2,0,653.24,86,3,2,3,323,8,Hibernating
16648,2010-04-28,2011-10-28,3,1,653.00,43,4,3,3,433,10,Hibernating
17523,2011-11-20,2011-11-28,4,0,652.74,12,5,3,3,533,11,Hibernating
17935,2009-12-04,2011-07-24,7,1,652.64,139,3,4,3,343,10,Loyal
17572,2009-12-15,2011-09-29,10,0,652.21,72,3,5,3,353,11,Loyal
13430,2011-09-14,2011-11-21,2,2,652.07,19,5,2,3,523,10,New / Promising
17962,2010-01-13,2011-07-20,4,1,651.51,143,3,3,3,333,9,Needs Attention
13622,2010-01-12,2010-01-12,1,1,651.45,697,1,1,3,113,5,Lost
13840,2010-10-19,2010-10-19,1,0,651.40,417,1,1,3,113,5,Lost
17371,2009-12-08,2011-11-22,6,0,651.37,18,5,4,3,543,12,Loyal
16056,2011-10-25,2011-10-25,1,0,650.75,46,4,1,3,413,8,New / Promising
16969,2011-06-01,2011-10-31,3,0,650.41,40,4,3,3,433,10,Hibernating
16117,2010-04-27,2011-06-03,3,1,650.05,190,2,3,3,233,8,At Risk
12844,2010-04-25,2011-11-10,4,0,648.60,30,4,3,3,433,10,Hibernating
16573,2011-02-22,2011-09-16,2,2,648.41,85,3,2,3,323,8,Hibernating
16495,2011-03-08,2011-12-06,3,0,648.26,4,5,3,3,533,11,Hibernating
12440,2009-12-22,2010-09-03,2,1,648.15,463,1,2,3,123,6,Lost
17777,2011-08-31,2011-11-15,3,0,647.56,25,4,3,3,433,10,Hibernating
15643,2011-03-02,2011-06-01,3,3,647.40,192,2,3,3,233,8,At Risk
16734,2011-08-17,2011-10-18,3,0,646.76,53,4,3,3,433,10,Hibernating
13474,2010-08-01,2011-04-17,3,0,646.59,237,2,3,3,233,8,At Risk
15945,2009-12-01,2010-12-09,4,0,646.27,366,2,3,3,233,8,At Risk
15012,2010-05-12,2011-10-17,3,0,646.26,54,4,3,3,433,10,Hibernating
14024,2010-11-14,2011-08-10,3,0,645.74,122,3,3,3,333,9,Needs Attention
16185,2010-05-24,2011-11-23,3,0,644.72,17,5,3,3,533,11,Hibernating
17312,2011-07-03,2011-07-24,3,0,644.30,139,3,3,3,333,9,Needs Attention
16157,2011-09-28,2011-11-24,3,1,644.24,16,5,3,3,533,11,Hibernating
17380,2010-06-23,2010-10-01,3,1,643.75,435,1,3,3,133,7,At Risk
17963,2010-01-19,2010-08-25,4,0,643.16,472,1,3,3,133,7,At Risk
13237,2010-11-17,2010-11-17,1,0,643.00,388,2,1,3,213,6,Hibernating
13318,2011-11-02,2011-12-08,3,0,640.76,2,5,3,3,533,11,Hibernating
12538,2010-11-26,2011-11-10,2,0,640.45,30,4,2,3,423,9,New / Promising
12880,2010-05-14,2010-11-23,2,0,640.13,382,2,2,3,223,7,Hibernating
18163,2010-05-04,2010-05-04,1,1,639.34,585,1,1,3,113,5,Lost
15183,2010-05-04,2010-06-10,3,1,637.03,548,1,3,3,133,7,At Risk
14664,2011-11-06,2011-11-20,2,0,636.24,20,4,2,3,423,9,New / Promising
15829,2011-07-22,2011-09-01,2,0,636.14,100,3,2,3,323,8,Hibernating
16534,2010-03-07,2010-03-07,1,0,635.90,643,1,1,3,113,5,Lost
14425,2009-12-02,2010-10-01,3,2,635.89,435,1,3,3,133,7,At Risk
16428,2010-07-30,2010-10-22,3,1,635.54,414,1,3,3,133,7,At Risk
14537,2010-03-26,2011-10-13,2,1,635.45,58,4,2,3,423,9,New / Promising
15297,2011-10-07,2011-11-29,3,1,635.04,11,5,3,3,533,11,Hibernating
17334,2010-10-29,2011-02-10,3,1,634.73,303,2,3,3,233,8,At Risk
14365,2010-01-27,2010-11-10,2,0,634.68,395,2,2,3,223,7,Hibernating
17779,2011-07-19,2011-11-18,3,2,633.92,22,4,3,3,433,10,Hibernating
14219,2010-08-03,2011-12-05,3,0,633.83,5,5,3,3,533,11,Hibernating
15045,2011-03-27,2011-07-11,2,1,633.66,152,3,2,3,323,8,Hibernating
17375,2010-10-04,2011-05-24,4,1,632.95,200,2,3,3,233,8,At Risk
15666,2010-08-01,2010-08-24,2,0,632.94,473,1,2,3,123,6,Lost
13820,2010-01-28,2010-10-17,3,2,632.50,419,1,3,3,133,7,At Risk
13540,2010-02-22,2010-08-29,3,0,632.39,468,1,3,3,133,7,At Risk
12658,2011-11-21,2011-11-21,1,0,632.05,19,5,1,3,513,9,New / Promising
13822,2011-10-30,2011-12-04,2,0,632.00,6,5,2,3,523,10,New / Promising
17985,2011-11-17,2011-11-17,1,0,631.35,23,4,1,3,413,8,New / Promising
13706,2010-03-23,2011-02-10,2,0,631.17,303,2,2,3,223,7,Hibernating
16193,2010-10-25,2011-04-17,2,0,630.43,237,2,2,3,223,7,Hibernating
13525,2011-04-05,2011-11-25,2,0,628.78,15,5,2,3,523,10,New / Promising
14283,2010-05-19,2010-09-02,4,0,628.44,464,1,3,3,133,7,At Risk
16399,2010-11-15,2011-11-20,3,0,628.42,20,4,3,3,433,10,Hibernating
13480,2010-01-29,2010-10-19,2,0,627.82,417,1,2,3,123,6,Lost
17691,2010-06-11,2010-12-16,4,1,627.35,359,2,3,3,233,8,At Risk
13518,2011-09-15,2011-09-15,1,0,627.16,86,3,1,3,313,7,Hibernating
12461,2011-07-08,2011-07-08,1,0,626.88,155,3,1,3,313,7,Hibernating
14036,2011-02-28,2011-02-28,1,0,626.65,285,2,1,3,213,6,Hibernating
14381,2010-09-14,2011-10-18,2,0,625.94,53,4,2,3,423,9,New / Promising
16715,2010-05-26,2011-09-22,2,0,625.52,79,3,2,3,323,8,Hibernating
14563,2010-04-26,2010-07-18,2,0,625.42,510,1,2,3,123,6,Lost
17134,2010-09-23,2011-08-25,3,0,625.30,107,3,3,3,333,9,Needs Attention
16750,2011-04-21,2011-10-26,5,0,623.93,45,4,4,3,443,11,Loyal
16792,2010-01-04,2011-03-02,5,0,623.46,283,2,4,3,243,9,At Risk
16431,2011-02-15,2011-05-10,3,0,623.28,214,2,3,3,233,8,At Risk
15258,2011-05-06,2011-06-24,2,0,623.16,169,3,2,3,323,8,Hibernating
14115,2010-02-11,2010-07-26,2,0,622.67,502,1,2,3,123,6,Lost
17430,2010-08-17,2011-11-07,4,0,622.57,33,4,3,3,433,10,Hibernating
18101,2010-02-03,2011-11-28,5,0,622.01,12,5,4,3,543,12,Loyal
16368,2010-09-30,2011-12-07,3,0,621.44,3,5,3,3,533,11,Hibernating
13444,2010-07-21,2010-11-30,2,0,619.08,375,2,2,3,223,7,Hibernating
16613,2011-09-30,2011-09-30,1,0,618.59,71,3,1,3,313,7,Hibernating
13496,2010-12-15,2011-11-29,2,1,617.93,11,5,2,3,523,10,New / Promising
16268,2011-09-29,2011-09-29,2,0,617.65,72,3,2,3,323,8,Hibernating
15956,2009-12-13,2010-06-06,2,0,617.60,552,1,2,3,123,6,Lost
14377,2011-03-22,2011-06-01,2,0,617.05,192,2,2,3,223,7,Hibernating
13925,2011-07-28,2011-09-08,4,2,616.65,93,3,3,3,333,9,Needs Attention
16311,2011-10-21,2011-11-22,2,0,616.26,18,5,2,3,523,10,New / Promising
16330,2010-02-15,2011-11-22,7,1,615.68,18,5,4,3,543,12,Loyal
17639,2010-08-13,2011-03-08,6,0,615.17,277,2,4,3,243,9,At Risk
14077,2010-11-09,2011-10-30,6,0,615.08,41,4,4,3,443,11,Loyal
16847,2010-03-31,2011-10-27,2,0,614.89,44,4,2,3,423,9,New / Promising
16844,2010-05-06,2010-05-26,2,0,614.34,563,1,2,3,123,6,Lost
16343,2010-10-28,2011-11-23,3,0,614.12,17,5,3,3,533,11,Hibernating
14558,2009-12-01,2010-02-23,3,2,614.10,655,1,3,3,133,7,At Risk
16566,2011-02-20,2011-11-24,5,1,614.01,16,5,4,3,543,12,Loyal
13914,2011-11-03,2011-11-28,2,1,613.95,12,5,2,3,523,10,New / Promising
12603,2011-11-18,2011-11-18,1,0,613.20,22,4,1,3,413,8,New / Promising
14169,2010-09-21,2010-10-05,2,0,613.11,431,1,2,3,123,6,Lost
15362,2009-12-01,2010-09-17,2,0,613.08,449,1,2,3,123,6,Lost
12537,2010-10-27,2010-10-27,1,0,612.94,409,1,1,3,113,5,Lost
15016,2010-06-14,2011-06-20,5,1,612.89,173,3,4,3,343,10,Loyal
12855,2010-11-02,2010-12-02,4,0,612.84,373,2,3,3,233,8,At Risk
16178,2010-11-03,2011-07-24,2,0,612.60,139,3,2,3,323,8,Hibernating
17005,2010-04-30,2010-08-26,2,1,612.41,471,1,2,3,123,6,Lost
16589,2010-09-15,2011-09-29,4,0,612.36,72,3,3,3,333,9,Needs Attention
15232,2011-07-22,2011-08-18,2,0,612.06,114,3,2,3,323,8,Hibernating
16158,2009-12-05,2010-07-05,9,1,611.32,523,1,5,3,153,9,At Risk
16922,2010-05-16,2010-05-16,1,0,611.08,573,1,1,3,113,5,Lost
14793,2010-06-22,2011-11-18,2,1,611.05,22,4,2,3,423,9,New / Promising
13731,2011-04-07,2011-05-04,2,0,610.59,220,2,2,3,223,7,Hibernating
14636,2011-03-16,2011-11-03,2,0,609.85,37,4,2,3,423,9,New / Promising
15748,2010-09-16,2011-10-30,3,0,609.81,41,4,3,3,433,10,Hibernating
17325,2010-03-08,2011-03-04,3,0,609.57,281,2,3,3,233,8,At Risk
15275,2011-11-02,2011-11-02,1,1,609.19,38,4,1,3,413,8,New / Promising
16675,2010-08-18,2010-09-24,2,0,608.86,442,1,2,3,123,6,Lost
13933,2011-07-14,2011-08-22,2,0,608.79,110,3,2,3,323,8,Hibernating
15147,2011-04-13,2011-04-13,1,1,608.65,241,2,1,3,213,6,Hibernating
12612,2011-09-26,2011-09-26,1,1,607.59,75,3,1,3,313,7,Hibernating
12492,2010-11-01,2011-10-07,3,0,607.21,64,3,3,3,333,9,Needs Attention
15717,2010-04-26,2011-04-19,5,0,607.00,235,2,4,3,243,9,At Risk
13020,2010-02-18,2010-05-26,2,3,606.96,563,1,2,3,123,6,Lost
16781,2010-02-08,2010-12-02,2,1,606.40,373,2,2,3,223,7,Hibernating
17507,2011-02-03,2011-03-23,2,0,605.58,262,2,2,3,223,7,Hibernating
17707,2009-12-07,2011-06-07,8,1,605.05,186,3,4,3,343,10,Loyal
12944,2010-12-20,2011-11-04,2,0,604.51,36,4,2,3,423,9,New / Promising
14339,2010-10-07,2011-04-11,2,3,604.48,243,2,2,3,223,7,Hibernating
12734,2010-11-12,2010-12-22,3,0,603.65,353,2,3,3,233,8,At Risk
12707,2011-02-21,2011-02-21,1,0,603.42,292,2,1,3,213,6,Hibernating
18264,2010-07-29,2010-07-29,1,0,603.25,499,1,1,3,113,5,Lost
16022,2011-03-24,2011-03-24,1,0,602.63,261,2,1,3,213,6,Hibernating
13836,2010-10-21,2010-11-05,2,1,602.52,400,2,2,3,223,7,Hibernating
17998,2009-12-01,2010-11-24,3,1,601.74,381,2,3,3,233,8,At Risk
17270,2009-12-07,2010-08-27,2,0,601.45,470,1,2,3,123,6,Lost
15276,2010-10-01,2011-10-04,4,1,601.30,67,3,3,3,333,9,Needs Attention
14254,2010-10-03,2010-10-03,1,0,601.03,433,1,1,3,113,5,Lost
15257,2010-10-21,2011-03-01,2,1,600.90,284,2,2,3,223,7,Hibernating
18183,2011-03-10,2011-04-26,2,4,600.52,228,2,2,3,223,7,Hibernating
12420,2011-10-07,2011-10-07,1,0,600.39,64,3,1,3,313,7,Hibernating
17745,2010-06-02,2010-08-19,2,0,600.34,478,1,2,3,123,6,Lost
13301,2011-02-20,2011-08-28,4,0,600.19,104,3,3,3,333,9,Needs Attention
18211,2011-03-06,2011-11-14,5,0,600.07,26,4,4,3,443,11,Loyal
16077,2010-03-24,2010-03-24,1,1,600.00,626,1,1,3,113,5,Lost
12556,2011-07-11,2011-10-20,2,0,599.56,51,4,2,3,423,9,New / Promising
14611,2010-04-20,2010-09-22,2,1,599.38,444,1,2,3,123,6,Lost
13832,2010-10-13,2011-11-20,2,1,598.64,20,4,2,3,423,9,New / Promising
13311,2011-07-12,2011-12-05,2,0,598.57,5,5,2,3,523,10,New / Promising
15424,2010-09-02,2011-03-30,3,0,597.78,255,2,3,3,233,8,At Risk
14569,2010-04-15,2011-12-08,4,0,597.33,2,5,3,3,533,11,Hibernating
15631,2010-03-07,2010-03-07,1,0,596.67,643,1,1,3,113,5,Lost
16780,2010-10-28,2011-08-31,3,0,596.40,101,3,3,3,333,9,Needs Attention
14965,2011-09-04,2011-09-04,2,0,596.09,97,3,2,3,323,8,Hibernating
17845,2010-05-12,2010-06-02,4,0,596.09,556,1,3,3,133,7,At Risk
17209,2009-12-03,2010-02-28,3,0,595.70,650,1,3,3,133,7,At Risk
12519,2010-08-20,2011-10-07,2,1,595.19,64,3,2,3,323,8,Hibernating
13558,2011-10-02,2011-12-04,4,0,594.52,6,5,3,3,533,11,Hibernating
15929,2010-03-05,2010-03-05,1,0,594.00,645,1,1,3,113,5,Lost
15442,2011-04-05,2011-04-05,1,0,594.00,249,2,1,3,213,6,Hibernating
17119,2011-10-11,2011-12-06,2,1,593.61,4,5,2,3,523,10,New / Promising
13314,2011-09-27,2011-12-08,3,1,593.51,2,5,3,2,532,10,Hibernating
14746,2010-10-12,2010-10-29,4,0,593.50,407,2,3,2,232,7,At Risk
16412,2010-02-04,2011-10-17,5,0,593.19,54,4,4,2,442,10,Loyal
16116,2011-05-12,2011-05-12,1,1,592.88,212,2,1,2,212,5,Hibernating
16776,2010-10-20,2011-10-10,2,0,592.51,61,3,2,2,322,7,Hibernating
13472,2010-06-02,2010-09-02,2,0,592.24,464,1,2,2,122,5,Lost
17473,2010-09-09,2010-10-27,2,1,592.15,409,1,2,2,122,5,Lost
17815,2010-11-11,2010-11-11,1,0,591.96,394,2,1,2,212,5,Hibernating
17483,2010-10-21,2011-10-05,4,0,591.73,66,3,3,2,332,8,Needs Attention
15346,2010-10-04,2011-01-11,3,1,591.65,333,2,3,2,232,7,At Risk
15524,2010-04-12,2011-11-15,2,0,591.40,25,4,2,2,422,8,New / Promising
17098,2010-06-17,2010-11-23,3,0,591.07,382,2,3,2,232,7,At Risk
17968,2010-07-15,2010-12-01,4,0,590.44,374,2,3,2,232,7,At Risk
13270,2010-12-08,2010-12-08,1,0,590.00,367,2,1,2,212,5,Hibernating
15160,2010-10-14,2010-12-17,4,0,589.27,358,2,3,2,232,7,At Risk
15624,2011-03-28,2011-08-15,4,0,588.13,117,3,3,2,332,8,Needs Attention
15191,2010-01-20,2010-09-02,3,0,588.05,464,1,3,2,132,6,At Risk
14455,2010-08-01,2010-10-03,4,1,587.12,433,1,3,2,132,6,At Risk
15097,2010-05-05,2011-12-05,3,2,587.05,5,5,3,2,532,10,Hibernating
17890,2010-12-13,2011-01-21,2,0,586.89,323,2,2,2,222,6,Hibernating
13106,2010-10-22,2011-07-29,2,1,586.46,134,3,2,2,322,7,Hibernating
14729,2010-03-24,2010-12-01,3,0,586.24,374,2,3,2,232,7,At Risk
15648,2011-03-17,2011-05-19,2,2,584.75,205,2,2,2,222,6,Hibernating
14023,2011-04-03,2011-12-02,2,0,584.07,8,5,2,2,522,9,New / Promising
15762,2011-09-23,2011-10-05,2,0,583.75,66,3,2,2,322,7,Hibernating
14670,2009-12-07,2011-03-04,3,0,583.33,281,2,3,2,232,7,At Risk
16445,2010-10-24,2011-11-06,4,0,583.16,34,4,3,2,432,9,Hibernating
15918,2010-03-18,2011-06-02,3,0,582.88,191,2,3,2,232,7,At Risk
16100,2010-09-03,2010-09-03,1,0,582.64,463,1,1,2,112,4,Lost
16802,2009-12-09,2010-01-29,2,0,582.61,680,1,2,2,122,5,Lost
18232,2011-05-26,2011-09-19,4,1,582.47,82,3,3,2,332,8,Needs Attention
12427,2010-12-03,2011-11-18,3,2,582.37,22,4,3,2,432,9,Hibernating
17099,2010-06-24,2010-06-24,1,0,582.17,534,1,1,2,112,4,Lost
14771,2009-12-03,2010-03-28,2,1,579.92,622,1,2,2,122,5,Lost
17392,2010-09-15,2011-02-06,3,0,579.92,307,2,3,2,232,7,At Risk
14742,2010-09-30,2010-09-30,1,0,579.85,436,1,1,2,112,4,Lost
17678,2010-04-15,2011-03-21,2,1,579.81,264,2,2,2,222,6,Hibernating
15588,2010-01-31,2010-01-31,1,0,579.60,678,1,1,2,112,4,Lost
14529,2011-08-21,2011-10-10,3,0,578.61,61,3,3,2,332,8,Needs Attention
18262,2010-04-16,2011-07-22,3,0,577.54,141,3,3,2,332,8,Needs Attention
17557,2009-12-07,2011-11-25,4,0,575.46,15,5,3,2,532,10,Hibernating
17773,2010-01-18,2010-07-13,2,0,575.37,515,1,2,2,122,5,Lost
12859,2010-09-07,2010-09-07,1,0,575.10,459,1,1,2,112,4,Lost
14323,2011-04-15,2011-08-17,2,2,574.26,115,3,2,2,322,7,Hibernating
13262,2010-04-18,2011-03-21,3,0,573.45,264,2,3,2,232,7,At Risk
17274,2010-11-09,2011-11-04,2,0,573.22,36,4,2,2,422,8,New / Promising
13379,2011-07-26,2011-11-13,3,0,572.56,27,4,3,2,432,9,Hibernating
13179,2010-03-31,2010-03-31,1,0,572.31,619,1,1,2,112,4,Lost
14053,2010-08-10,2011-08-07,4,0,572.30,125,3,3,2,332,8,Needs Attention
17156,2010-08-05,2010-08-05,1,1,572.07,492,1,1,2,112,4,Lost
12817,2010-10-01,2011-03-03,3,0,570.98,282,2,3,2,232,7,At Risk
15821,2011-10-09,2011-10-26,2,0,570.96,45,4,2,2,422,8,New / Promising
17122,2010-07-28,2011-08-12,4,0,570.50,120,3,3,2,332,8,Needs Attention
15857,2010-10-05,2011-11-21,2,0,570.48,19,5,2,2,522,9,New / Promising
14170,2010-11-09,2010-11-29,3,0,570.18,376,2,3,2,232,7,At Risk
17433,2010-11-19,2011-09-12,2,0,569.96,89,3,2,2,322,7,Hibernating
15169,2009-12-13,2010-11-22,2,0,569.22,383,2,2,2,222,6,Hibernating
12624,2011-06-15,2011-08-25,2,0,569.13,107,3,2,2,322,7,Hibernating
12575,2010-07-01,2010-09-08,2,0,568.82,458,1,2,2,122,5,Lost
18244,2010-07-25,2010-10-05,2,0,568.64,431,1,2,2,122,5,Lost
17035,2009-12-03,2011-04-08,4,1,568.39,246,2,3,2,232,7,At Risk
13321,2011-09-14,2011-09-28,2,0,567.36,73,3,2,2,322,7,Hibernating
16667,2011-02-28,2011-10-02,2,0,567.18,69,3,2,2,322,7,Hibernating
14208,2010-06-06,2011-09-06,2,0,567.05,95,3,2,2,322,7,Hibernating
14173,2009-12-09,2011-11-29,6,1,566.95,11,5,4,2,542,11,Loyal
15627,2010-07-05,2010-09-08,2,0,566.90,458,1,2,2,122,5,Lost
13998,2010-05-12,2010-09-19,3,0,566.70,447,1,3,2,132,6,At Risk
18150,2011-05-22,2011-11-07,3,0,566.58,33,4,3,2,432,9,Hibernating
14932,2010-11-19,2010-12-09,2,0,566.13,366,2,2,2,222,6,Hibernating
12699,2010-10-18,2010-10-18,1,0,566.11,418,1,1,2,112,4,Lost
12601,2010-10-31,2011-06-03,6,1,565.76,190,2,4,2,242,8,At Risk
16250,2010-11-18,2011-03-23,3,0,565.24,262,2,3,2,232,7,At Risk
15920,2009-12-14,2011-07-08,8,0,565.19,155,3,4,2,342,9,Loyal
15143,2010-10-03,2011-04-28,2,0,563.63,226,2,2,2,222,6,Hibernating
16590,2010-10-21,2010-11-04,2,1,563.60,401,2,2,2,222,6,Hibernating
16658,2010-03-30,2010-12-06,5,3,563.48,369,2,4,2,242,8,At Risk
17665,2010-08-03,2010-08-03,1,0,563.10,494,1,1,2,112,4,Lost
14986,2010-01-24,2010-11-28,2,0,563.10,377,2,2,2,222,6,Hibernating
17195,2010-02-22,2010-02-22,1,0,562.98,656,1,1,2,112,4,Lost
17970,2011-05-12,2011-05-12,1,0,562.79,212,2,1,2,212,5,Hibernating
17014,2011-10-04,2011-12-01,3,1,562.68,9,5,3,2,532,10,Hibernating
17233,2009-12-15,2011-11-04,3,0,560.86,36,4,3,2,432,9,Hibernating
17413,2010-05-19,2010-10-31,2,0,560.14,405,2,2,2,222,6,Hibernating
14273,2011-04-11,2011-10-19,4,0,559.97,52,4,3,2,432,9,Hibernating
15415,2011-01-30,2011-01-30,1,0,559.61,314,2,1,2,212,5,Hibernating
15198,2010-01-19,2011-09-08,5,1,559.45,93,3,4,2,342,9,Loyal
17503,2011-11-01,2011-12-07,2,0,558.96,3,5,2,2,522,9,New / Promising
14592,2011-10-06,2011-11-04,3,0,557.94,36,4,3,2,432,9,Hibernating
13424,2010-09-16,2010-09-16,1,1,557.92,450,1,1,2,112,4,Lost
13260,2011-10-09,2011-10-09,1,0,557.62,62,3,1,2,312,6,Hibernating
13406,2010-03-18,2010-10-08,2,1,557.22,428,1,2,2,122,5,Lost
16720,2009-12-17,2011-11-13,3,1,556.69,27,4,3,2,432,9,Hibernating
18127,2010-11-01,2011-11-20,4,0,556.13,20,4,3,2,432,9,Hibernating
15102,2010-06-11,2010-06-27,2,0,554.67,531,1,2,2,122,5,Lost
15634,2010-11-21,2011-11-22,2,0,554.65,18,5,2,2,522,9,New / Promising
15597,2010-05-13,2011-11-04,2,1,554.52,36,4,2,2,422,8,New / Promising
16641,2010-01-07,2011-08-26,2,0,554.50,106,3,2,2,322,7,Hibernating
17407,2010-10-24,2010-10-24,1,0,552.90,412,1,1,2,112,4,Lost
12879,2011-09-09,2011-10-26,3,1,552.57,45,4,3,2,432,9,Hibernating
17016,2010-05-12,2010-05-12,1,0,552.40,577,1,1,2,112,4,Lost
12363,2011-04-11,2011-08-22,2,0,552.00,110,3,2,2,322,7,Hibernating
15315,2011-08-15,2011-10-06,2,1,551.54,65,3,2,2,322,7,Hibernating
13677,2010-07-07,2010-10-31,2,0,551.24,405,2,2,2,222,6,Hibernating
16414,2010-01-14,2011-11-18,5,0,551.21,22,4,4,2,442,10,Loyal
17674,2010-12-06,2011-09-26,2,0,551.04,75,3,2,2,322,7,Hibernating
17291,2011-02-04,2011-02-04,1,0,550.80,309,2,1,2,212,5,Hibernating
17265,2011-06-12,2011-07-24,2,0,550.01,139,3,2,2,322,7,Hibernating
16111,2010-10-07,2010-10-07,1,0,549.33,429,1,1,2,112,4,Lost
15055,2009-12-16,2010-08-22,3,0,549.12,475,1,3,2,132,6,At Risk
15200,2010-08-02,2010-08-02,1,0,549.05,495,1,1,2,112,4,Lost
16936,2010-11-19,2011-11-14,2,0,548.29,26,4,2,2,422,8,New / Promising
18039,2010-03-09,2010-11-30,4,0,548.22,375,2,3,2,232,7,At Risk
16031,2011-04-06,2011-09-08,2,0,547.90,93,3,2,2,322,7,Hibernating
15830,2011-11-02,2011-11-02,1,1,547.70,38,4,1,2,412,7,New / Promising
15350,2010-11-21,2010-12-01,2,0,547.60,374,2,2,2,222,6,Hibernating
16811,2011-11-22,2011-12-05,2,0,547.07,5,5,2,2,522,9,New / Promising
17637,2011-08-16,2011-11-08,2,0,547.06,32,4,2,2,422,8,New / Promising
17295,2011-10-06,2011-11-11,3,0,547.00,29,4,3,2,432,9,Hibernating
17520,2011-10-17,2011-10-17,1,0,546.81,54,4,1,2,412,7,New / Promising
15080,2010-07-26,2010-10-08,2,0,546.25,428,1,2,2,122,5,Lost
17806,2011-11-28,2011-11-28,1,0,546.04,12,5,1,2,512,8,New / Promising
12478,2011-12-06,2011-12-06,1,0,545.99,4,5,1,2,512,8,New / Promising
12521,2011-07-20,2011-07-20,1,0,545.68,143,3,1,2,312,6,Hibernating
13684,2010-03-28,2011-02-27,4,2,544.42,286,2,3,2,232,7,At Risk
16475,2011-03-11,2011-09-12,4,0,544.30,89,3,3,2,332,8,Needs Attention
13390,2011-09-26,2011-09-26,1,0,544.08,75,3,1,2,312,6,Hibernating
13955,2010-11-29,2011-07-08,3,0,544.07,155,3,3,2,332,8,Needs Attention
13008,2009-12-16,2011-01-20,3,4,543.28,324,2,3,2,232,7,At Risk
14716,2010-09-21,2011-10-27,3,0,543.28,44,4,3,2,432,9,Hibernating
16927,2010-12-13,2011-08-16,3,0,543.05,116,3,3,2,332,8,Needs Attention
15598,2010-10-08,2011-10-17,2,2,543.02,54,4,2,2,422,8,New / Promising
15959,2010-01-26,2010-01-26,3,0,542.89,683,1,3,2,132,6,At Risk
13785,2010-09-05,2010-10-07,4,0,542.49,429,1,3,2,132,6,At Risk
15675,2010-10-31,2011-09-19,4,0,542.04,82,3,3,2,332,8,Needs Attention
16230,2011-05-03,2011-06-03,2,0,542.03,190,2,2,2,222,6,Hibernating
16060,2010-08-02,2010-11-04,3,0,541.95,401,2,3,2,232,7,At Risk
16647,2010-06-13,2011-06-23,4,0,541.90,170,3,3,2,332,8,Needs Attention
17447,2011-09-29,2011-10-30,2,0,541.53,41,4,2,2,422,8,New / Promising
12819,2010-09-07,2010-09-07,1,0,540.52,459,1,1,2,112,4,Lost
12743,2011-07-28,2011-07-28,2,0,540.13,135,3,2,2,322,7,Hibernating
18056,2010-03-31,2011-02-24,2,1,539.75,289,2,2,2,222,6,Hibernating
15546,2010-04-12,2010-04-12,2,1,539.55,607,1,2,2,122,5,Lost
15650,2010-03-21,2010-07-06,2,1,539.03,522,1,2,2,122,5,Lost
15539,2011-12-02,2011-12-02,1,0,538.46,8,5,1,2,512,8,New / Promising
16536,2011-08-21,2011-08-21,1,1,538.17,111,3,1,2,312,6,Hibernating
17580,2010-10-13,2011-04-01,5,0,538.07,253,2,4,2,242,8,At Risk
14539,2011-10-26,2011-11-24,2,0,537.48,16,5,2,2,522,9,New / Promising
16804,2011-03-14,2011-11-16,3,0,536.99,24,4,3,2,432,9,Hibernating
13948,2009-12-04,2010-12-14,4,1,536.86,361,2,3,2,232,7,At Risk
17011,2010-02-26,2011-11-09,3,1,536.70,31,4,3,2,432,9,Hibernating
18140,2010-08-23,2010-08-23,1,0,536.41,474,1,1,2,112,4,Lost
12719,2011-10-05,2011-12-04,2,1,536.10,6,5,2,2,522,9,New / Promising
13894,2011-02-02,2011-11-16,3,2,535.97,24,4,3,2,432,9,Hibernating
13207,2010-04-06,2011-11-24,4,0,535.86,16,5,3,2,532,10,Hibernating
15890,2010-04-14,2010-11-10,5,0,535.65,395,2,4,2,242,8,At Risk
13024,2010-05-06,2010-08-26,2,1,535.42,471,1,2,2,122,5,Lost
16142,2011-04-04,2011-04-04,1,0,535.34,250,2,1,2,212,5,Hibernating
12810,2010-02-01,2010-06-23,2,0,534.99,535,1,2,2,122,5,Lost
13385,2011-01-14,2011-01-14,1,0,534.57,330,2,1,2,212,5,Hibernating
17443,2011-05-04,2011-05-04,1,0,534.24,220,2,1,2,212,5,Hibernating
16785,2010-10-26,2010-10-26,1,0,533.78,410,1,1,2,112,4,Lost
16707,2010-03-09,2010-11-04,4,0,533.41,401,2,3,2,232,7,At Risk
15825,2011-06-20,2011-06-20,1,0,532.94,173,3,1,2,312,6,Hibernating
12513,2011-08-19,2011-08-19,1,1,532.79,113,3,1,2,312,6,Hibernating
15659,2010-02-24,2011-10-27,3,0,532.49,44,4,3,2,432,9,Hibernating
14940,2009-12-06,2010-10-18,2,0,531.49,418,1,2,2,122,5,Lost
16706,2011-08-17,2011-11-02,3,0,531.35,38,4,3,2,432,9,Hibernating
16935,2010-10-14,2010-11-23,3,0,530.86,382,2,3,2,232,7,At Risk
15917,2009-12-02,2011-04-06,5,0,530.17,248,2,4,2,242,8,At Risk
18159,2011-02-11,2011-02-11,1,0,530.15,302,2,1,2,212,5,Hibernating
12654,2011-02-17,2011-11-29,5,0,529.98,11,5,4,2,542,11,Loyal
14002,2011-07-06,2011-07-28,2,0,529.73,135,3,2,2,322,7,Hibernating
17681,2009-12-11,2010-04-21,5,1,529.60,598,1,4,2,142,7,At Risk
17458,2010-11-23,2011-11-24,2,0,529.58,16,5,2,2,522,9,New / Promising
18191,2010-08-19,2011-03-23,2,0,529.40,262,2,2,2,222,6,Hibernating
18043,2010-12-08,2011-11-15,3,0,529.29,25,4,3,2,432,9,Hibernating
15842,2010-06-30,2010-11-11,2,1,528.75,394,2,2,2,222,6,Hibernating
17999,2010-11-26,2011-11-02,3,0,528.46,38,4,3,2,432,9,Hibernating
13057,2010-03-18,2010-06-27,3,1,528.24,531,1,3,2,132,6,At Risk
15115,2009-12-07,2011-11-21,2,1,528.10,19,5,2,2,522,9,New / Promising
15756,2011-04-04,2011-10-09,4,0,528.01,62,3,3,2,332,8,Needs Attention
18098,2010-11-08,2010-11-08,1,0,527.94,397,2,1,2,212,5,Hibernating
14616,2010-06-09,2011-04-11,5,0,527.78,243,2,4,2,242,8,At Risk
18053,2010-06-30,2011-09-30,3,3,527.77,71,3,3,2,332,8,Needs Attention
16421,2010-08-27,2010-11-28,3,0,526.27,377,2,3,2,232,7,At Risk
15919,2010-12-06,2011-11-20,2,0,525.69,20,4,2,2,422,8,New / Promising
14417,2010-11-17,2010-11-17,1,0,524.65,388,2,1,2,212,5,Hibernating
15683,2010-08-23,2011-08-14,2,0,524.54,118,3,2,2,322,7,Hibernating
17765,2010-09-17,2011-07-04,4,0,524.00,159,3,3,2,332,8,Needs Attention
13277,2010-06-18,2011-11-24,7,0,523.30,16,5,4,2,542,11,Loyal
17223,2010-11-29,2011-02-02,3,0,523.04,311,2,3,2,232,7,At Risk
17712,2011-10-26,2011-10-26,1,0,522.91,45,4,1,2,412,7,New / Promising
13605,2010-05-17,2010-11-17,2,0,522.67,388,2,2,2,222,6,Hibernating
16413,2010-11-29,2011-10-14,2,0,522.03,57,4,2,2,422,8,New / Promising
17514,2010-02-08,2011-08-03,2,0,522.00,129,3,2,2,322,7,Hibernating
12956,2009-12-15,2011-02-06,4,0,521.89,307,2,3,2,232,7,At Risk
17436,2009-12-07,2011-12-08,5,2,521.31,2,5,4,2,542,11,Loyal
15689,2010-04-01,2011-08-12,3,0,521.03,120,3,3,2,332,8,Needs Attention
13977,2010-10-24,2010-10-24,1,0,519.81,412,1,1,2,112,4,Lost
13811,2011-04-14,2011-06-09,2,0,519.75,184,3,2,2,322,7,Hibernating
13287,2010-01-04,2010-04-15,3,4,519.67,604,1,3,2,132,6,At Risk
12571,2011-08-10,2011-10-31,2,0,519.61,40,4,2,2,422,8,New / Promising
12777,2010-09-08,2010-09-08,1,0,519.45,458,1,1,2,112,4,Lost
16001,2010-06-15,2010-11-23,1,1,519.06,382,2,1,2,212,5,Hibernating
13190,2009-12-07,2010-06-13,3,1,518.76,545,1,3,2,132,6,At Risk
12825,2010-03-08,2010-07-06,2,0,518.63,522,1,2,2,122,5,Lost
12790,2010-10-25,2011-05-31,2,1,518.45,193,2,2,2,222,6,Hibernating
13600,2010-03-15,2011-01-31,2,0,518.42,313,2,2,2,222,6,Hibernating
18205,2011-09-26,2011-11-03,2,0,517.36,37,4,2,2,422,8,New / Promising
14429,2010-11-01,2010-11-01,1,0,516.28,404,2,1,2,212,5,Hibernating
13859,2010-06-28,2011-01-17,2,0,515.86,327,2,2,2,222,6,Hibernating
18243,2010-10-21,2010-10-21,1,0,515.78,415,1,1,2,112,4,Lost
17510,2010-10-15,2011-11-15,2,0,514.56,25,4,2,2,422,8,New / Promising
18212,2010-01-31,2011-01-17,2,0,514.37,327,2,2,2,222,6,Hibernating
12897,2010-06-14,2011-05-19,4,0,514.25,205,2,3,2,232,7,At Risk
12977,2010-07-16,2011-07-06,4,0,513.88,157,3,3,2,332,8,Needs Attention
16829,2010-11-16,2011-07-06,2,0,513.32,157,3,2,2,322,7,Hibernating
16576,2010-07-06,2010-10-15,2,3,513.17,421,1,2,2,122,5,Lost
14570,2010-09-22,2011-03-04,3,0,512.40,281,2,3,2,232,7,At Risk
13177,2010-10-05,2011-10-06,2,0,512.20,65,3,2,2,322,7,Hibernating
15467,2011-07-10,2011-11-30,3,1,511.88,10,5,3,2,532,10,Hibernating
15691,2009-12-06,2011-04-01,4,1,511.80,253,2,3,2,232,7,At Risk
15655,2011-04-10,2011-04-10,1,1,511.32,244,2,1,2,212,5,Hibernating
16561,2011-10-11,2011-12-04,2,0,511.12,6,5,2,2,522,9,New / Promising
16406,2010-02-24,2011-11-21,3,1,509.66,19,5,3,2,532,10,Hibernating
13710,2010-04-06,2011-11-08,3,0,509.52,32,4,3,2,432,9,Hibernating
15891,2011-04-27,2011-04-27,1,0,509.13,227,2,1,2,212,5,Hibernating
14034,2011-07-05,2011-11-17,3,1,509.09,23,4,3,2,432,9,Hibernating
17524,2010-09-27,2010-12-13,3,1,508.90,362,2,3,2,232,7,At Risk
15417,2011-09-15,2011-09-15,1,0,508.80,86,3,1,2,312,6,Hibernating
17391,2011-06-28,2011-06-29,2,0,508.80,164,3,2,2,322,7,Hibernating
14317,2011-10-06,2011-10-06,1,0,508.58,65,3,1,2,312,6,Hibernating
13067,2010-09-19,2011-09-18,3,0,508.51,83,3,3,2,332,8,Needs Attention
13594,2010-01-07,2011-10-18,2,1,508.42,53,4,2,2,422,8,New / Promising
14552,2010-04-26,2011-07-11,3,0,507.93,152,3,3,2,332,8,Needs Attention
17415,2011-09-21,2011-09-21,1,0,507.84,80,3,1,2,312,6,Hibernating
14158,2011-10-30,2011-10-30,1,0,507.66,41,4,1,2,412,7,New / Promising
17384,2010-08-29,2011-11-20,3,0,507.55,20,4,3,2,432,9,Hibernating
13885,2011-05-23,2011-06-03,2,0,506.80,190,2,2,2,222,6,Hibernating
13123,2010-06-28,2010-08-24,2,0,506.75,473,1,2,2,122,5,Lost
14647,2010-07-04,2011-05-22,2,0,506.04,202,2,2,2,222,6,Hibernating
12988,2011-02-20,2011-02-20,1,0,505.82,293,2,1,2,212,5,Hibernating
18207,2010-07-28,2010-07-28,1,2,505.12,500,1,1,2,112,4,Lost
12390,2011-09-21,2011-09-21,1,0,504.84,80,3,1,2,312,6,Hibernating
14807,2010-02-28,2010-11-14,2,0,504.14,391,2,2,2,222,6,Hibernating
17630,2011-04-21,2011-06-23,2,0,503.60,170,3,2,2,322,7,Hibernating
17266,2010-03-09,2011-12-07,5,0,501.72,3,5,4,2,542,11,Loyal
13865,2011-02-23,2011-10-12,4,0,501.56,59,3,3,2,332,8,Needs Attention
13247,2011-09-18,2011-11-22,4,0,501.12,18,5,3,2,532,10,Hibernating
17248,2010-08-15,2011-08-11,2,0,500.54,121,3,2,2,322,7,Hibernating
18049,2010-04-28,2010-09-28,2,0,500.50,438,1,2,2,122,5,Lost
16616,2011-07-05,2011-11-24,2,0,500.42,16,5,2,2,522,9,New / Promising
12800,2010-02-01,2010-08-26,2,0,500.25,471,1,2,2,122,5,Lost
12366,2010-03-16,2010-03-16,1,0,500.24,634,1,1,2,112,4,Lost
12559,2011-01-24,2011-02-02,2,1,500.21,311,2,2,2,222,6,Hibernating
17110,2010-04-08,2011-06-27,3,0,499.90,166,3,3,2,332,8,Needs Attention
13553,2010-02-03,2010-02-03,1,0,499.60,675,1,1,2,112,4,Lost
15193,2011-10-10,2011-10-10,1,0,499.32,61,3,1,2,312,6,Hibernating
17256,2010-04-18,2011-08-24,5,0,498.93,108,3,4,2,342,9,Loyal
14171,2009-12-09,2011-09-02,2,0,498.79,99,3,2,2,322,7,Hibernating
13961,2010-11-12,2010-11-12,1,1,498.70,393,2,1,2,212,5,Hibernating
13493,2011-02-25,2011-03-09,2,0,498.63,276,2,2,2,222,6,Hibernating
14949,2009-12-18,2010-08-27,4,2,498.55,470,1,3,2,132,6,At Risk
16820,2011-09-05,2011-09-05,1,0,497.61,96,3,1,2,312,6,Hibernating
14968,2010-09-07,2011-11-09,2,0,497.49,31,4,2,2,422,8,New / Promising
17335,2010-01-24,2010-11-21,2,0,497.04,384,2,2,2,222,6,Hibernating
17923,2010-06-13,2011-03-02,3,0,497.00,283,2,3,2,232,7,At Risk
15300,2011-10-06,2011-10-06,1,0,496.44,65,3,1,2,312,6,Hibernating
17053,2011-08-01,2011-08-01,1,1,496.38,131,3,1,2,312,6,Hibernating
15278,2010-02-12,2010-05-27,4,0,496.16,562,1,3,2,132,6,At Risk
12904,2011-06-20,2011-11-21,2,0,496.06,19,5,2,2,522,9,New / Promising
16977,2010-03-18,2010-11-09,4,0,496.00,396,2,3,2,232,7,At Risk
17995,2010-11-17,2011-03-03,3,0,495.48,282,2,3,2,232,7,At Risk
16352,2011-11-02,2011-11-22,2,0,494.44,18,5,2,2,522,9,New / Promising
17333,2011-09-15,2011-09-15,1,0,494.25,86,3,1,2,312,6,Hibernating
12763,2010-12-05,2011-07-24,2,0,494.08,139,3,2,2,322,7,Hibernating
14008,2010-10-03,2010-10-03,1,1,493.74,433,1,1,2,112,4,Lost
14270,2011-01-12,2011-01-12,1,0,492.65,332,2,1,2,212,5,Hibernating
16488,2011-07-14,2011-11-06,3,1,492.20,34,4,3,2,432,9,Hibernating
14310,2010-10-03,2010-10-03,1,0,492.10,433,1,1,2,112,4,Lost
13732,2011-11-11,2011-11-11,1,0,491.86,29,4,1,2,412,7,New / Promising
17269,2010-11-19,2010-11-19,1,0,491.81,386,2,1,2,212,5,Hibernating
14663,2010-10-05,2010-10-05,2,0,490.60,431,1,2,2,122,5,Lost
15000,2011-10-23,2011-10-23,1,0,490.52,48,4,1,2,412,7,New / Promising
14416,2011-10-28,2011-11-17,2,0,490.22,23,4,2,2,422,8,New / Promising
12983,2010-04-20,2010-04-20,1,0,490.08,599,1,1,2,112,4,Lost
17715,2010-04-26,2011-05-23,2,0,489.60,201,2,2,2,222,6,Hibernating
14722,2010-08-10,2011-07-15,3,0,489.52,148,3,3,2,332,8,Needs Attention
12943,2010-04-13,2010-05-30,2,2,489.00,559,1,2,2,122,5,Lost
17608,2010-04-11,2011-11-06,4,0,488.06,34,4,3,2,432,9,Hibernating
15165,2010-12-01,2010-12-01,1,0,487.75,374,2,1,2,212,5,Hibernating
13412,2010-03-29,2010-03-29,1,0,487.35,621,1,1,2,112,4,Lost
16021,2010-06-13,2010-11-09,2,0,487.03,396,2,2,2,222,6,Hibernating
13675,2011-02-28,2011-07-11,2,0,486.82,152,3,2,2,322,7,Hibernating
17453,2011-10-06,2011-11-22,2,0,486.72,18,5,2,2,522,9,New / Promising
12920,2009-12-14,2011-11-22,4,0,486.64,18,5,3,2,532,10,Hibernating
15138,2010-11-11,2010-11-11,1,1,486.59,394,2,1,2,212,5,Hibernating
17548,2010-11-08,2011-04-20,4,2,486.48,234,2,3,2,232,7,At Risk
13153,2011-12-04,2011-12-04,1,0,486.22,6,5,1,2,512,8,New / Promising
15216,2010-03-31,2011-09-13,2,0,486.09,88,3,2,2,322,7,Hibernating
17658,2011-05-12,2011-11-14,2,1,485.88,26,4,2,2,422,8,New / Promising
13116,2011-07-24,2011-07-24,1,1,485.19,139,3,1,2,312,6,Hibernating
13812,2011-08-26,2011-10-28,3,0,485.00,43,4,3,2,432,9,Hibernating
15447,2010-03-24,2011-01-13,5,1,484.93,331,2,4,2,242,8,At Risk
16999,2011-09-26,2011-11-16,2,0,484.82,24,4,2,2,422,8,New / Promising
13733,2009-12-04,2010-10-25,2,1,484.53,411,1,2,2,122,5,Lost
13816,2011-10-06,2011-11-16,2,2,483.04,24,4,2,2,422,8,New / Promising
18203,2009-12-08,2011-07-05,4,0,482.52,158,3,3,2,332,8,Needs Attention
16603,2011-09-09,2011-09-26,2,0,482.47,75,3,2,2,322,7,Hibernating
18216,2011-11-08,2011-11-08,1,0,481.75,32,4,1,2,412,7,New / Promising
17106,2010-11-15,2010-11-15,1,0,481.58,390,2,1,2,212,5,Hibernating
13176,2011-10-24,2011-10-24,1,0,481.49,47,4,1,2,412,7,New / Promising
15174,2010-10-25,2011-01-21,2,0,481.46,323,2,2,2,222,6,Hibernating
12979,2009-12-10,2009-12-10,1,1,479.54,730,1,1,2,112,4,Lost
16024,2010-10-24,2011-11-27,3,0,478.71,13,5,3,2,532,10,Hibernating
13428,2010-07-13,2011-11-29,3,0,478.54,11,5,3,2,532,10,Hibernating
14319,2009-12-11,2010-10-11,1,1,476.95,425,1,1,2,112,4,Lost
15344,2011-09-26,2011-12-09,3,2,476.58,1,5,3,2,532,10,Hibernating
15277,2010-10-10,2011-10-24,2,0,476.34,47,4,2,2,422,8,New / Promising
15507,2011-06-21,2011-06-21,1,0,475.86,172,3,1,2,312,6,Hibernating
17988,2009-12-07,2011-11-28,13,1,475.74,12,5,5,2,552,12,Loyal
15780,2010-12-17,2011-06-09,3,0,475.28,184,3,3,2,332,8,Needs Attention
17104,2010-10-12,2010-10-12,1,0,474.03,424,1,1,2,112,4,Lost
16635,2010-10-29,2010-10-29,1,0,473.00,407,2,1,2,212,5,Hibernating
16080,2010-09-15,2011-09-19,4,2,472.90,82,3,3,2,332,8,Needs Attention
13194,2010-10-14,2011-07-27,2,0,472.78,136,3,2,2,322,7,Hibernating
18280,2010-11-10,2011-03-07,2,1,472.45,278,2,2,2,222,6,Hibernating
14975,2010-10-14,2011-10-13,2,0,472.39,58,4,2,2,422,8,New / Promising
13161,2010-07-27,2011-01-30,2,0,472.13,314,2,2,2,222,6,Hibernating
13043,2011-03-11,2011-03-11,1,1,471.57,274,2,1,2,212,5,Hibernating
15721,2011-11-28,2011-11-28,1,0,471.40,12,5,1,2,512,8,New / Promising
15963,2011-10-25,2011-11-20,2,0,470.76,20,4,2,2,422,8,New / Promising
17996,2010-06-11,2010-11-25,3,0,469.73,380,2,3,2,232,7,At Risk
16473,2010-11-30,2011-06-28,4,1,469.58,165,3,3,2,332,8,Needs Attention
17254,2010-11-03,2011-12-05,3,0,469.48,5,5,3,2,532,10,Hibernating
14058,2010-06-27,2010-09-03,2,0,469.19,463,1,2,2,122,5,Lost
14369,2010-02-16,2010-03-07,2,0,469.13,643,1,2,2,122,5,Lost
15557,2011-11-11,2011-11-11,1,0,468.91,29,4,1,2,412,7,New / Promising
15387,2010-08-04,2010-08-04,1,0,468.65,493,1,1,2,112,4,Lost
17294,2010-02-08,2010-02-08,2,0,467.79,670,1,2,2,122,5,Lost
17187,2010-07-01,2011-04-27,2,0,467.71,227,2,2,2,222,6,Hibernating
14029,2011-07-18,2011-10-07,2,0,467.66,64,3,2,2,322,7,Hibernating
16390,2010-01-29,2010-06-21,3,0,467.50,537,1,3,2,132,6,At Risk
12958,2010-05-05,2010-11-04,2,0,467.34,401,2,2,2,222,6,Hibernating
14052,2010-11-14,2011-11-20,2,0,466.66,20,4,2,2,422,8,New / Promising
14148,2010-10-21,2011-04-20,2,0,466.29,234,2,2,2,222,6,Hibernating
14237,2010-04-28,2010-12-01,2,1,466.04,374,2,2,2,222,6,Hibernating
16504,2011-11-14,2011-11-14,1,0,465.88,26,4,1,2,412,7,New / Promising
13248,2011-06-03,2011-08-07,2,0,465.68,125,3,2,2,322,7,Hibernating
13928,2011-07-29,2011-11-29,4,0,464.57,11,5,3,2,532,10,Hibernating
15349,2011-06-05,2011-07-04,2,0,463.91,159,3,2,2,322,7,Hibernating
18083,2010-11-07,2010-11-07,1,0,463.53,398,2,1,2,212,5,Hibernating
17040,2010-06-07,2011-07-25,2,0,463.25,138,3,2,2,322,7,Hibernating
17964,2010-12-02,2011-11-08,2,0,463.21,32,4,2,2,422,8,New / Promising
14331,2011-07-27,2011-08-07,2,0,462.66,125,3,2,2,322,7,Hibernating
17680,2010-07-16,2011-11-16,3,1,462.50,24,4,3,2,432,9,Hibernating
15958,2010-06-07,2011-09-26,4,0,462.12,75,3,3,2,332,8,Needs Attention
14954,2010-01-05,2011-11-27,2,0,462.12,13,5,2,2,522,9,New / Promising
15540,2010-11-29,2011-11-28,2,0,460.68,12,5,2,2,522,9,New / Promising
13367,2010-10-04,2010-10-04,1,0,460.20,432,1,1,2,112,4,Lost
12667,2011-10-12,2011-10-12,1,0,460.13,59,3,1,2,312,6,Hibernating
16310,2010-03-07,2010-10-21,2,0,460.08,415,1,2,2,122,5,Lost
17111,2010-10-10,2011-10-23,2,0,459.58,48,4,2,2,422,8,New / Promising
13642,2010-10-03,2011-05-08,4,1,459.45,216,2,3,2,232,7,At Risk
16596,2009-12-10,2011-11-24,4,0,458.98,16,5,3,2,532,10,Hibernating
14118,2010-10-07,2010-10-07,1,0,458.45,429,1,1,2,112,4,Lost
13957,2010-02-19,2010-10-18,3,0,458.25,418,1,3,2,132,6,At Risk
14599,2010-07-18,2010-11-14,2,0,457.89,391,2,2,2,222,6,Hibernating
15121,2011-02-24,2011-10-20,2,0,457.72,51,4,2,2,422,8,New / Promising
16069,2010-10-18,2010-10-18,1,0,457.70,418,1,1,2,112,4,Lost
15973,2010-10-07,2010-12-08,2,2,457.57,367,2,2,2,222,6,Hibernating
15589,2011-02-02,2011-03-29,3,1,456.58,256,2,3,2,232,7,At Risk
14819,2009-12-21,2011-10-06,4,0,456.41,65,3,3,2,332,8,Needs Attention
15018,2010-12-07,2011-11-01,3,1,456.26,39,4,3,2,432,9,Hibernating
12999,2011-04-08,2011-05-27,3,0,455.88,197,2,3,2,232,7,At Risk
15585,2011-06-16,2011-06-16,1,0,455.30,177,3,1,2,312,6,Hibernating
14335,2011-09-04,2011-11-23,2,0,454.86,17,5,2,2,522,9,New / Promising
16765,2010-11-22,2011-02-18,2,0,454.75,295,2,2,2,222,6,Hibernating
17067,2009-12-08,2009-12-15,3,0,454.54,725,1,3,2,132,6,At Risk
16038,2011-05-22,2011-12-02,3,1,454.33,8,5,3,2,532,10,Hibernating
17140,2011-04-06,2011-04-06,1,0,454.12,248,2,1,2,212,5,Hibernating
15475,2011-09-23,2011-09-23,1,0,454.11,78,3,1,2,312,6,Hibernating
17564,2011-09-20,2011-11-15,3,0,454.01,25,4,3,2,432,9,Hibernating
17376,2010-07-05,2011-09-30,4,0,453.64,71,3,3,2,332,8,Needs Attention
14184,2011-10-04,2011-10-04,1,0,452.89,67,3,1,2,312,6,Hibernating
12816,2011-06-16,2011-09-05,2,0,452.20,96,3,2,2,322,7,Hibernating
14011,2010-04-11,2010-08-16,2,1,451.92,481,1,2,2,122,5,Lost
18158,2011-09-12,2011-11-30,2,1,451.75,10,5,2,2,522,9,New / Promising
13698,2010-01-27,2010-04-22,2,0,451.73,597,1,2,2,122,5,Lost
18100,2010-06-07,2010-06-07,1,0,451.56,551,1,1,2,112,4,Lost
18031,2010-11-26,2010-11-26,1,0,451.30,379,2,1,2,212,5,Hibernating
15961,2010-11-25,2010-11-25,1,0,451.29,380,2,1,2,212,5,Hibernating
12361,2010-01-26,2011-02-25,4,0,451.25,288,2,3,2,232,7,At Risk
12831,2010-09-02,2011-03-22,3,0,451.11,263,2,3,2,232,7,At Risk
15124,2010-02-26,2011-11-17,4,0,450.82,23,4,3,2,432,9,Hibernating
12596,2011-04-11,2011-10-19,2,0,450.27,52,4,2,2,422,8,New / Promising
16870,2010-08-27,2010-08-27,1,0,450.16,470,1,1,2,112,4,Lost
14784,2010-11-15,2011-11-13,3,0,449.93,27,4,3,2,432,9,Hibernating
16039,2010-03-21,2010-10-12,2,1,449.65,424,1,2,2,122,5,Lost
13489,2011-02-18,2011-08-26,4,0,449.52,106,3,3,2,332,8,Needs Attention
15126,2010-01-21,2010-06-21,2,0,449.49,537,1,2,2,122,5,Lost
15418,2010-05-02,2010-10-10,2,0,449.42,426,1,2,2,122,5,Lost
17823,2010-10-14,2010-10-14,2,0,449.25,422,1,2,2,122,5,Lost
15739,2011-10-04,2011-10-04,1,0,449.12,67,3,1,2,312,6,Hibernating
18176,2010-12-16,2010-12-16,1,1,448.65,359,2,1,2,212,5,Hibernating
14296,2010-05-14,2010-10-14,2,1,448.45,422,1,2,2,122,5,Lost
14761,2010-09-21,2011-10-12,3,0,447.92,59,3,3,2,332,8,Needs Attention
16799,2010-09-12,2010-10-03,2,1,447.83,433,1,2,2,122,5,Lost
14780,2011-09-21,2011-10-16,2,0,447.68,55,4,2,2,422,8,New / Promising
18201,2009-12-17,2009-12-17,1,0,447.53,723,1,1,2,112,4,Lost
16095,2010-09-09,2010-09-09,1,0,447.05,457,1,1,2,112,4,Lost
13754,2010-09-28,2011-07-11,3,0,447.05,152,3,3,2,332,8,Needs Attention
17476,2009-12-02,2010-11-09,2,2,446.51,396,2,2,2,222,6,Hibernating
13877,2010-01-19,2011-09-14,3,2,446.33,87,3,3,2,332,8,Needs Attention
17370,2011-06-23,2011-09-28,4,0,446.18,73,3,3,2,332,8,Needs Attention
18134,2010-01-14,2010-04-20,2,0,445.00,599,1,2,2,122,5,Lost
17276,2010-11-02,2010-11-02,1,1,444.19,403,2,1,2,212,5,Hibernating
17344,2009-12-11,2011-10-24,2,1,443.86,47,4,2,2,422,8,New / Promising
14638,2011-10-20,2011-10-20,1,0,443.60,51,4,1,2,412,7,New / Promising
18222,2011-09-08,2011-09-08,1,0,443.00,93,3,1,2,312,6,Hibernating
12414,2010-09-02,2011-05-06,4,1,442.41,218,2,3,2,232,7,At Risk
14996,2010-08-15,2010-08-15,2,0,442.29,482,1,2,2,122,5,Lost
17699,2010-05-27,2010-08-20,2,0,442.00,477,1,2,2,122,5,Lost
12907,2010-02-24,2010-11-09,2,1,440.36,396,2,2,2,222,6,Hibernating
18233,2011-01-18,2011-01-18,1,0,440.00,326,2,1,2,212,5,Hibernating
17643,2010-07-22,2010-12-01,2,0,439.70,374,2,2,2,222,6,Hibernating
16025,2011-11-10,2011-11-10,1,0,439.66,30,4,1,2,412,7,New / Promising
16968,2011-08-24,2011-12-05,2,0,439.43,5,5,2,2,522,9,New / Promising
13086,2010-11-22,2010-11-22,1,0,439.33,383,2,1,2,212,5,Hibernating
17729,2010-04-22,2010-04-22,1,0,438.65,597,1,1,2,112,4,Lost
15859,2010-10-03,2010-10-03,1,0,438.46,433,1,1,2,112,4,Lost
15881,2010-12-10,2011-01-31,5,3,438.24,313,2,4,2,242,8,At Risk
17807,2010-01-04,2010-11-09,3,0,437.87,396,2,3,2,232,7,At Risk
15877,2011-11-22,2011-12-08,2,1,437.83,2,5,2,2,522,9,New / Promising
15158,2010-11-03,2011-10-25,2,1,437.66,46,4,2,2,422,8,New / Promising
17070,2010-10-25,2011-08-17,2,0,437.42,115,3,2,2,322,7,Hibernating
16519,2010-03-01,2011-11-14,4,0,436.96,26,4,3,2,432,9,Hibernating
13432,2010-04-06,2010-05-17,2,0,436.55,572,1,2,2,122,5,Lost
14123,2009-12-06,2009-12-06,1,0,436.18,734,1,1,2,112,4,Lost
16084,2011-02-13,2011-02-13,1,0,436.18,300,2,1,2,212,5,Hibernating
14311,2010-05-21,2011-04-11,2,1,435.90,243,2,2,2,222,6,Hibernating
13150,2010-03-19,2010-08-12,3,1,435.02,485,1,3,2,132,6,At Risk
13738,2010-11-08,2010-11-08,1,0,434.78,397,2,1,2,212,5,Hibernating
14238,2009-12-05,2011-01-17,3,0,434.23,327,2,3,2,232,7,At Risk
16888,2010-01-07,2010-11-04,3,0,434.20,401,2,3,2,232,7,At Risk
14093,2011-11-27,2011-11-27,1,0,433.86,13,5,1,2,512,8,New / Promising
16939,2010-02-28,2010-08-08,3,0,433.85,489,1,3,2,132,6,At Risk
18029,2010-03-07,2010-03-07,1,0,433.77,643,1,1,2,112,4,Lost
15613,2010-04-08,2010-04-08,1,0,433.72,611,1,1,2,112,4,Lost
16522,2010-09-15,2010-09-30,2,0,433.36,436,1,2,2,122,5,Lost
17178,2009-12-08,2009-12-08,1,0,432.96,732,1,1,2,112,4,Lost
17687,2010-10-15,2010-10-15,1,0,432.68,421,1,1,2,112,4,Lost
16236,2011-09-22,2011-09-22,1,0,432.20,79,3,1,2,312,6,Hibernating
16881,2011-10-04,2011-10-04,1,0,432.00,67,3,1,2,312,6,Hibernating
14042,2009-12-14,2009-12-14,1,0,431.98,726,1,1,2,112,4,Lost
15488,2010-05-05,2011-09-08,5,0,431.92,93,3,4,2,342,9,Loyal
12447,2011-04-10,2011-04-10,1,0,431.49,244,2,1,2,212,5,Hibernating
16481,2010-01-26,2010-01-26,1,2,430.93,683,1,1,2,112,4,Lost
13066,2011-11-07,2011-11-15,2,1,430.90,25,4,2,2,422,8,New / Promising
17842,2010-04-16,2010-04-16,1,0,430.69,603,1,1,2,112,4,Lost
16404,2009-12-07,2011-09-30,1,1,430.30,71,3,1,2,312,6,Hibernating
12827,2011-10-26,2011-12-04,3,0,430.15,6,5,3,2,532,10,Hibernating
15450,2011-11-09,2011-11-09,1,0,429.84,31,4,1,2,412,7,New / Promising
14979,2009-12-04,2009-12-04,1,0,429.66,736,1,1,2,112,4,Lost
15230,2011-04-13,2011-04-14,2,0,429.60,240,2,2,2,222,6,Hibernating
15036,2011-06-13,2011-09-28,3,0,429.56,73,3,3,2,332,8,Needs Attention
12436,2011-09-01,2011-09-01,1,0,429.01,100,3,1,2,312,6,Hibernating
15553,2011-10-10,2011-10-10,1,0,428.93,61,3,1,2,312,6,Hibernating
18089,2010-09-19,2010-09-19,1,0,428.45,447,1,1,2,112,4,Lost
15360,2011-10-31,2011-10-31,1,0,427.93,40,4,1,2,412,7,New / Promising
12740,2011-10-07,2011-10-07,1,0,427.60,64,3,1,2,312,6,Hibernating
13624,2010-11-16,2010-11-16,1,1,427.18,389,2,1,2,212,5,Hibernating
17740,2010-01-11,2010-11-15,6,0,426.90,390,2,4,2,242,8,At Risk
13171,2011-02-13,2011-11-18,3,2,426.81,22,4,3,2,432,9,Hibernating
18152,2010-03-03,2010-03-03,1,0,426.69,647,1,1,2,112,4,Lost
15930,2011-10-03,2011-10-03,1,0,426.63,68,3,1,2,312,6,Hibernating
15217,2010-05-25,2010-05-25,1,0,426.24,564,1,1,2,112,4,Lost
14877,2010-03-07,2010-10-17,2,0,425.85,419,1,2,2,122,5,Lost
12491,2011-11-01,2011-11-01,1,0,424.40,39,4,1,2,412,7,New / Promising
17103,2009-12-17,2009-12-17,1,0,424.30,723,1,1,2,112,4,Lost
16913,2010-02-26,2011-02-22,3,0,423.91,291,2,3,2,232,7,At Risk
17330,2010-03-02,2011-11-17,4,0,423.80,23,4,3,2,432,9,Hibernating
12542,2010-03-09,2010-08-12,2,2,423.38,485,1,2,2,122,5,Lost
12479,2011-11-28,2011-11-28,1,2,423.30,12,5,1,2,512,8,New / Promising
14097,2010-03-04,2010-08-15,2,0,422.86,482,1,2,2,122,5,Lost
16137,2010-01-28,2010-01-28,1,0,422.70,681,1,1,2,112,4,Lost
18240,2011-10-24,2011-10-24,1,0,422.58,47,4,1,2,412,7,New / Promising
16149,2010-10-06,2011-12-05,3,0,422.22,5,5,3,2,532,10,Hibernating
13964,2010-10-05,2010-11-17,2,1,421.90,388,2,2,2,222,6,Hibernating
14413,2010-01-19,2010-12-12,3,0,421.72,363,2,3,2,232,7,At Risk
16773,2009-12-06,2011-10-13,3,0,421.24,58,4,3,2,432,9,Hibernating
14757,2011-09-25,2011-09-25,1,0,420.50,76,3,1,2,312,6,Hibernating
15206,2011-03-09,2011-11-29,4,0,420.30,11,5,3,2,532,10,Hibernating
15711,2010-01-24,2010-06-01,2,0,420.25,557,1,2,2,122,5,Lost
14575,2010-08-08,2010-08-08,1,0,420.22,489,1,1,2,112,4,Lost
13442,2009-12-01,2010-02-10,3,0,419.87,668,1,3,2,132,6,At Risk
16541,2009-12-04,2009-12-04,1,1,419.78,736,1,1,2,112,4,Lost
13096,2010-11-10,2010-11-10,1,0,419.70,395,2,1,2,212,5,Hibernating
14124,2011-09-16,2011-09-16,1,0,419.58,85,3,1,2,312,6,Hibernating
13079,2010-10-18,2011-12-05,6,0,419.18,5,5,4,2,542,11,Loyal
15262,2010-08-08,2011-01-20,3,0,418.82,324,2,3,2,232,7,At Risk
13073,2010-09-28,2010-10-24,2,0,418.08,412,1,2,2,122,5,Lost
17701,2011-04-01,2011-04-01,1,0,417.95,253,2,1,2,212,5,Hibernating
15433,2011-03-17,2011-05-10,2,1,417.87,214,2,2,2,222,6,Hibernating
17232,2011-11-25,2011-12-07,2,0,417.77,3,5,2,2,522,9,New / Promising
16832,2010-09-07,2011-06-08,5,0,417.61,185,3,4,2,342,9,Loyal
14762,2010-03-23,2011-03-21,2,0,417.57,264,2,2,2,222,6,Hibernating
12833,2011-07-17,2011-07-17,1,0,417.38,146,3,1,2,312,6,Hibernating
17258,2010-02-12,2010-11-08,2,0,417.30,397,2,2,2,222,6,Hibernating
16816,2010-12-16,2011-08-28,4,0,417.06,104,3,3,2,332,8,Needs Attention
12729,2011-08-18,2011-08-18,1,0,417.01,114,3,1,2,312,6,Hibernating
16957,2011-03-03,2011-04-14,2,0,416.64,240,2,2,2,222,6,Hibernating
15011,2010-10-19,2010-11-09,2,0,416.60,396,2,2,2,222,6,Hibernating
12608,2010-10-31,2010-10-31,1,0,415.79,405,2,1,2,212,5,Hibernating
15725,2011-11-24,2011-11-24,1,0,415.25,16,5,1,2,512,8,New / Promising
13565,2010-10-24,2011-11-20,3,0,414.80,20,4,3,2,432,9,Hibernating
16356,2010-06-06,2011-05-26,6,1,414.42,198,2,4,2,242,8,At Risk
18278,2010-10-31,2011-09-27,2,0,414.20,74,3,2,2,322,7,Hibernating
13002,2010-10-01,2011-01-25,3,0,414.13,319,2,3,2,232,7,At Risk
14288,2011-05-10,2011-05-10,1,1,413.85,214,2,1,2,212,5,Hibernating
13669,2010-10-28,2011-10-20,3,0,413.55,51,4,3,2,432,9,Hibernating
14082,2010-11-12,2010-12-10,2,0,413.36,365,2,2,2,222,6,Hibernating
17767,2010-10-25,2011-11-24,2,0,413.05,16,5,2,2,522,9,New / Promising
17662,2009-12-17,2010-02-16,2,0,412.92,662,1,2,2,122,5,Lost
17601,2010-11-24,2011-04-14,2,0,412.66,240,2,2,2,222,6,Hibernating
16932,2010-05-17,2011-10-17,3,0,412.55,54,4,3,2,432,9,Hibernating
18050,2010-11-11,2010-12-15,2,0,412.06,360,2,2,2,222,6,Hibernating
16272,2011-08-15,2011-08-15,1,0,411.70,117,3,1,2,312,6,Hibernating
18284,2010-10-04,2010-10-04,1,0,411.68,432,1,1,2,112,4,Lost
18011,2010-05-21,2010-12-01,2,0,410.79,374,2,2,2,222,6,Hibernating
15099,2011-09-16,2011-09-16,1,0,410.48,85,3,1,2,312,6,Hibernating
17598,2010-11-23,2010-11-23,1,0,409.98,382,2,1,2,212,5,Hibernating
12930,2011-06-21,2011-09-22,2,2,409.90,79,3,2,2,322,7,Hibernating
15728,2010-09-21,2010-11-25,2,1,409.80,380,2,2,2,222,6,Hibernating
13827,2011-07-19,2011-10-13,3,0,409.80,58,4,3,2,432,9,Hibernating
14581,2010-06-13,2011-11-23,2,0,409.65,17,5,2,2,522,9,New / Promising
14348,2011-03-24,2011-03-24,1,0,409.57,261,2,1,2,212,5,Hibernating
15225,2011-04-19,2011-04-19,1,0,409.40,235,2,1,2,212,5,Hibernating
16864,2010-04-20,2010-10-01,2,0,409.25,435,1,2,2,122,5,Lost
16921,2010-04-18,2011-10-09,3,0,409.21,62,3,3,2,332,8,Needs Attention
16243,2011-10-16,2011-11-06,2,0,409.10,34,4,2,2,422,8,New / Promising
13686,2010-11-03,2011-06-10,3,0,409.04,183,3,3,2,332,8,Needs Attention
12974,2010-05-23,2011-05-26,2,0,408.95,198,2,2,2,222,6,Hibernating
16629,2011-09-04,2011-09-27,2,0,408.63,74,3,2,2,322,7,Hibernating
16324,2011-06-15,2011-08-03,3,0,408.59,129,3,3,2,332,8,Needs Attention
14846,2010-10-08,2010-10-08,1,1,406.80,428,1,1,2,112,4,Lost
12353,2010-10-27,2011-05-19,2,0,406.76,205,2,2,2,222,6,Hibernating
16632,2010-05-07,2010-08-11,2,0,406.40,486,1,2,2,122,5,Lost
14627,2009-12-11,2010-11-25,1,2,406.40,380,2,1,2,212,5,Hibernating
17000,2010-10-27,2010-11-08,2,0,406.30,397,2,2,2,222,6,Hibernating
18270,2010-10-03,2011-11-01,3,1,406.30,39,4,3,2,432,9,Hibernating
12384,2011-08-10,2011-11-11,2,1,406.16,29,4,2,2,422,8,New / Promising
16815,2010-06-21,2010-09-12,2,0,406.02,454,1,2,2,122,5,Lost
12922,2011-07-01,2011-07-01,1,0,405.38,162,3,1,2,312,6,Hibernating
13640,2010-04-07,2010-04-07,1,0,405.00,612,1,1,2,112,4,Lost
13574,2010-10-24,2010-10-24,1,0,404.45,412,1,1,2,112,4,Lost
16319,2011-05-06,2011-05-06,1,0,404.40,218,2,1,2,212,5,Hibernating
17785,2010-05-23,2011-10-17,3,0,403.38,54,4,3,2,432,9,Hibernating
17431,2011-01-30,2011-01-30,1,0,403.30,314,2,1,2,212,5,Hibernating
13530,2010-03-15,2010-03-15,1,0,402.98,635,1,1,2,112,4,Lost
12564,2011-03-23,2011-03-23,1,0,402.90,262,2,1,2,212,5,Hibernating
16315,2010-06-21,2011-01-13,2,0,402.71,331,2,2,2,222,6,Hibernating
12386,2010-12-08,2011-01-06,2,0,401.90,338,2,2,2,222,6,Hibernating
15968,2010-11-16,2010-11-16,1,0,401.80,389,2,1,2,212,5,Hibernating
14494,2009-12-08,2011-11-14,3,0,401.46,26,4,3,2,432,9,Hibernating
14471,2009-12-07,2010-04-27,2,0,400.95,592,1,2,2,122,5,Lost
17285,2010-02-14,2010-03-21,2,0,400.44,629,1,2,2,122,5,Lost
17168,2010-07-29,2010-07-29,1,0,400.20,499,1,1,2,112,4,Lost
14358,2010-10-07,2010-11-15,2,0,400.06,390,2,2,2,222,6,Hibernating
15501,2010-10-20,2010-10-31,2,0,399.95,405,2,2,2,222,6,Hibernating
15966,2010-09-15,2010-09-15,1,1,399.58,451,1,1,2,112,4,Lost
18128,2010-06-20,2010-06-20,1,0,399.29,538,1,1,2,112,4,Lost
13143,2010-05-04,2010-05-04,1,1,399.20,585,1,1,2,112,4,Lost
17052,2011-11-11,2011-11-11,1,0,399.09,29,4,1,2,412,7,New / Promising
18111,2010-04-29,2010-04-29,1,1,398.90,590,1,1,2,112,4,Lost
17830,2011-02-24,2011-12-08,3,0,398.70,2,5,3,2,532,10,Hibernating
12459,2010-04-13,2010-04-13,1,0,398.36,606,1,1,2,112,4,Lost
15522,2011-09-13,2011-11-07,2,0,397.99,33,4,2,2,422,8,New / Promising
12508,2011-11-10,2011-11-13,2,0,397.88,27,4,2,2,422,8,New / Promising
15037,2010-11-28,2010-11-28,2,0,397.76,377,2,2,2,222,6,Hibernating
15280,2010-05-17,2011-06-20,3,0,397.52,173,3,3,2,332,8,Needs Attention
13807,2009-12-04,2010-12-07,3,1,397.30,368,2,3,2,232,7,At Risk
17789,2010-02-16,2011-03-03,2,0,397.15,282,2,2,2,222,6,Hibernating
12824,2011-10-11,2011-10-11,1,0,397.12,60,3,1,2,312,6,Hibernating
17486,2011-03-23,2011-03-23,1,0,396.87,262,2,1,2,212,5,Hibernating
15883,2011-11-06,2011-12-07,2,0,396.48,3,5,2,2,522,9,New / Promising
15888,2010-07-01,2011-09-20,3,1,396.45,81,3,3,2,332,8,Needs Attention
18067,2011-10-30,2011-10-30,1,0,396.33,41,4,1,2,412,7,New / Promising
15577,2009-12-13,2011-07-11,5,0,396.03,152,3,4,2,342,9,Loyal
13879,2010-03-04,2010-03-04,1,0,395.50,646,1,1,2,112,4,Lost
13083,2010-10-10,2011-12-05,3,0,395.43,5,5,3,2,532,10,Hibernating
16538,2010-04-23,2010-06-16,3,0,395.07,542,1,3,2,132,6,At Risk
18048,2010-08-03,2011-05-20,3,0,394.93,204,2,3,2,232,7,At Risk
18164,2011-11-02,2011-11-02,1,1,394.70,38,4,1,2,412,7,New / Promising
16998,2010-09-21,2011-07-13,5,1,394.50,150,3,4,2,342,9,Loyal
16207,2011-11-14,2011-11-14,1,0,394.38,26,4,1,2,412,7,New / Promising
15386,2011-06-06,2011-06-06,1,0,394.14,187,2,1,2,212,5,Hibernating
15960,2010-09-30,2010-11-30,4,1,394.00,375,2,3,2,232,7,At Risk
17300,2010-08-15,2010-11-14,2,0,393.64,391,2,2,2,222,6,Hibernating
15437,2010-03-09,2011-03-22,2,0,393.45,263,2,2,2,222,6,Hibernating
14620,2011-03-01,2011-05-18,2,1,393.28,206,2,2,2,222,6,Hibernating
16424,2010-11-22,2011-06-01,2,1,392.06,192,2,2,2,222,6,Hibernating
16783,2010-09-29,2010-09-29,1,0,391.95,437,1,1,2,112,4,Lost
15342,2011-08-02,2011-08-02,1,1,391.76,130,3,1,2,312,6,Hibernating
15461,2009-12-01,2010-09-05,2,1,391.30,461,1,2,2,122,5,Lost
12419,2010-10-22,2010-11-19,2,0,391.01,386,2,2,2,222,6,Hibernating
14072,2010-02-11,2010-02-11,1,0,390.85,667,1,1,2,112,4,Lost
14197,2010-10-25,2010-10-25,1,0,390.05,411,1,1,2,112,4,Lost
15446,2009-12-13,2010-11-28,3,1,390.00,377,2,3,2,232,7,At Risk
14910,2011-10-16,2011-12-07,4,3,389.86,3,5,3,2,532,10,Hibernating
17116,2010-03-01,2010-03-01,1,0,389.78,649,1,1,2,112,4,Lost
17379,2011-11-28,2011-11-28,1,0,389.72,12,5,1,2,512,8,New / Promising
14752,2011-10-27,2011-10-27,1,0,389.64,44,4,1,2,412,7,New / Promising
17479,2010-03-17,2010-03-17,1,0,389.26,633,1,1,2,112,4,Lost
17286,2010-11-04,2011-11-18,3,0,389.18,22,4,3,2,432,9,Hibernating
13358,2011-03-16,2011-03-16,1,0,389.03,269,2,1,2,212,5,Hibernating
15592,2011-10-24,2011-10-24,1,0,388.58,47,4,1,2,412,7,New / Promising
13896,2010-03-24,2010-03-24,1,0,388.55,626,1,1,2,112,4,Lost
13899,2011-03-10,2011-11-23,2,0,388.52,17,5,2,2,522,9,New / Promising
17918,2010-07-22,2010-07-27,3,0,388.44,501,1,3,2,132,6,At Risk
13673,2011-11-07,2011-11-21,2,0,387.44,19,5,2,2,522,9,New / Promising
12797,2010-10-11,2010-12-09,2,4,387.43,366,2,2,2,222,6,Hibernating
16827,2010-04-29,2010-11-11,5,0,387.18,394,2,4,2,242,8,At Risk
17718,2010-03-05,2011-04-21,2,1,386.98,233,2,2,2,222,6,Hibernating
17771,2010-04-29,2011-10-14,4,0,386.93,57,4,3,2,432,9,Hibernating
17595,2011-11-02,2011-11-27,2,0,386.69,13,5,2,2,522,9,New / Promising
14678,2010-05-09,2010-05-09,1,1,386.44,580,1,1,2,112,4,Lost
17614,2011-10-13,2011-10-13,1,0,386.32,58,4,1,2,412,7,New / Promising
14779,2011-01-20,2011-03-04,3,0,386.15,281,2,3,2,232,7,At Risk
16492,2010-06-17,2010-06-17,1,0,385.56,541,1,1,2,112,4,Lost
12973,2010-10-22,2010-10-22,1,0,385.55,414,1,1,2,112,4,Lost
14826,2010-01-13,2010-05-07,2,0,385.20,582,1,2,2,122,5,Lost
17711,2011-02-23,2011-11-29,2,0,385.10,11,5,2,2,522,9,New / Promising
12788,2010-06-29,2010-09-02,4,0,384.90,464,1,3,2,132,6,At Risk
17171,2010-02-16,2011-02-23,2,0,384.59,290,2,2,2,222,6,Hibernating
16868,2010-04-25,2010-11-10,3,0,384.56,395,2,3,2,232,7,At Risk
16433,2010-10-27,2011-11-11,2,0,384.52,29,4,2,2,422,8,New / Promising
12554,2010-09-17,2010-09-17,1,0,384.50,449,1,1,2,112,4,Lost
17357,2011-11-15,2011-11-15,2,0,384.39,25,4,2,2,422,8,New / Promising
14322,2010-02-18,2010-10-06,4,2,384.30,430,1,3,2,132,6,At Risk
13966,2010-09-30,2010-09-30,1,0,384.26,436,1,1,2,112,4,Lost
16982,2011-10-10,2011-10-10,1,0,384.06,61,3,1,2,312,6,Hibernating
15155,2010-11-21,2010-11-21,1,0,383.97,384,2,1,2,212,5,Hibernating
13792,2010-10-13,2011-10-04,3,0,383.95,67,3,3,2,332,8,Needs Attention
17804,2009-12-01,2010-11-28,3,0,383.78,377,2,3,2,232,7,At Risk
15440,2011-05-15,2011-10-16,3,0,383.68,55,4,3,2,432,9,Hibernating
12376,2010-10-18,2010-11-15,2,0,383.15,390,2,2,2,222,6,Hibernating
12832,2011-09-02,2011-11-07,2,0,383.03,33,4,2,2,422,8,New / Promising
17403,2010-09-15,2011-11-03,2,0,382.87,37,4,2,2,422,8,New / Promising
14767,2010-08-22,2010-08-22,1,0,382.81,475,1,1,2,112,4,Lost
16988,2010-11-25,2011-12-04,2,0,382.67,6,5,2,2,522,9,New / Promising
13657,2011-05-22,2011-11-29,2,0,382.14,11,5,2,2,522,9,New / Promising
12593,2011-05-05,2011-08-23,3,0,382.10,109,3,3,2,332,8,Needs Attention
17250,2011-03-23,2011-12-06,2,0,381.97,4,5,2,2,522,9,New / Promising
14908,2010-09-02,2011-09-26,2,0,381.90,75,3,2,2,322,7,Hibernating
16304,2010-01-14,2010-01-14,1,0,381.66,695,1,1,2,112,4,Lost
15504,2010-02-12,2011-09-19,4,1,381.50,82,3,3,2,332,8,Needs Attention
15090,2011-02-04,2011-02-04,1,0,381.32,309,2,1,2,212,5,Hibernating
17393,2010-08-08,2010-10-25,2,0,381.15,411,1,2,2,122,5,Lost
17903,2010-11-10,2010-11-10,1,0,381.09,395,2,1,2,212,5,Hibernating
12672,2010-04-23,2011-01-14,2,1,380.50,330,2,2,2,222,6,Hibernating
17936,2011-12-04,2011-12-04,1,0,380.13,6,5,1,2,512,8,New / Promising
14731,2011-05-11,2011-10-23,3,0,380.02,48,4,3,2,432,9,Hibernating
16577,2010-02-11,2010-02-11,1,0,380.00,667,1,1,2,112,4,Lost
16552,2010-12-01,2011-04-11,2,0,379.73,243,2,2,2,222,6,Hibernating
17753,2010-01-06,2010-09-01,4,1,379.56,465,1,3,2,132,6,At Risk
16484,2011-06-02,2011-06-19,2,1,379.40,174,3,2,2,322,7,Hibernating
14200,2010-04-01,2010-04-01,1,0,379.20,618,1,1,2,112,4,Lost
16930,2011-10-02,2011-11-13,3,0,378.89,27,4,3,2,432,9,Hibernating
13954,2011-09-30,2011-12-08,2,1,378.59,2,5,2,2,522,9,New / Promising
15048,2010-12-06,2011-10-05,4,1,377.52,66,3,3,2,332,8,Needs Attention
12941,2009-12-15,2009-12-15,1,0,377.49,725,1,1,2,112,4,Lost
13597,2010-11-02,2010-11-04,2,1,377.21,401,2,2,2,222,6,Hibernating
18285,2010-02-17,2010-02-17,1,0,377.00,661,1,1,2,112,4,Lost
17783,2010-07-15,2011-09-28,3,0,376.96,73,3,3,2,332,8,Needs Attention
17717,2010-10-14,2010-10-14,1,0,376.92,422,1,1,2,112,4,Lost
17489,2011-05-11,2011-10-12,2,0,376.64,59,3,2,2,322,7,Hibernating
14353,2010-10-04,2011-05-08,3,0,376.50,216,2,3,2,232,7,At Risk
13997,2010-06-07,2010-07-08,3,0,376.46,520,1,3,2,132,6,At Risk
14531,2010-08-17,2010-08-17,1,0,376.34,480,1,1,2,112,4,Lost
17078,2011-11-03,2011-11-03,2,0,375.86,37,4,2,2,422,8,New / Promising
13688,2010-03-14,2010-03-14,1,0,375.50,636,1,1,2,112,4,Lost
12375,2011-09-02,2011-11-29,2,1,375.42,11,5,2,2,522,9,New / Promising
14448,2010-12-10,2011-11-30,2,0,375.35,10,5,2,2,522,9,New / Promising
14294,2010-10-28,2010-10-28,1,0,375.34,408,2,1,2,212,5,Hibernating
14079,2011-08-07,2011-08-07,1,0,375.10,125,3,1,2,312,6,Hibernating
12579,2011-09-22,2011-09-22,1,1,374.72,79,3,1,2,312,6,Hibernating
14067,2011-09-04,2011-10-07,2,0,374.70,64,3,2,2,322,7,Hibernating
17568,2010-03-16,2010-03-16,1,0,374.45,634,1,1,2,112,4,Lost
14736,2010-08-11,2010-08-11,2,0,374.05,486,1,2,2,122,5,Lost
13283,2010-03-09,2011-10-11,4,0,373.36,60,3,3,2,332,8,Needs Attention
13197,2010-04-09,2010-04-09,1,0,373.01,610,1,1,2,112,4,Lost
13374,2010-09-16,2010-10-21,2,0,372.80,415,1,2,2,122,5,Lost
12981,2011-07-29,2011-11-10,2,0,372.22,30,4,2,2,422,8,New / Promising
17245,2010-01-19,2011-05-19,2,0,371.63,205,2,2,2,222,6,Hibernating
15472,2011-08-18,2011-08-18,1,0,371.56,114,3,1,2,312,6,Hibernating
18162,2009-12-07,2009-12-07,1,0,371.51,733,1,1,2,112,4,Lost
15975,2011-09-16,2011-09-16,1,0,371.01,85,3,1,2,312,6,Hibernating
15063,2011-05-10,2011-05-10,1,0,370.80,214,2,1,2,212,5,Hibernating
15765,2010-02-11,2010-02-11,1,0,370.63,667,1,1,2,112,4,Lost
12445,2010-10-15,2011-11-17,2,1,370.48,23,4,2,2,422,8,New / Promising
15458,2010-11-02,2011-11-14,2,0,370.44,26,4,2,2,422,8,New / Promising
17094,2010-10-12,2011-01-21,2,1,370.40,323,2,2,2,222,6,Hibernating
16148,2009-12-17,2011-02-16,2,2,370.37,297,2,2,2,222,6,Hibernating
17437,2010-06-28,2010-06-28,1,0,369.68,530,1,1,2,112,4,Lost
16758,2011-10-05,2011-10-05,1,0,369.34,66,3,1,2,312,6,Hibernating
14888,2011-05-16,2011-05-16,1,0,369.20,208,2,1,2,212,5,Hibernating
15477,2010-02-28,2010-02-28,1,0,368.40,650,1,1,2,112,4,Lost
17792,2010-08-18,2010-08-29,2,0,368.35,468,1,2,2,122,5,Lost
15989,2009-12-02,2010-11-29,2,0,368.31,376,2,2,2,222,6,Hibernating
15345,2011-10-25,2011-10-25,1,1,367.69,46,4,1,2,412,7,New / Promising
14706,2010-03-31,2010-03-31,1,0,367.54,619,1,1,2,112,4,Lost
14018,2010-03-04,2010-03-04,1,0,367.15,646,1,1,2,112,4,Lost
14962,2010-05-04,2011-03-14,4,0,366.91,271,2,3,2,232,7,At Risk
12899,2010-10-22,2010-10-22,1,0,366.40,414,1,1,2,112,4,Lost
17911,2011-11-30,2011-11-30,1,0,366.23,10,5,1,2,512,8,New / Promising
12889,2010-07-25,2010-11-23,4,2,365.66,382,2,3,2,232,7,At Risk
16974,2010-05-24,2010-07-05,2,0,365.50,523,1,2,2,122,5,Lost
12448,2011-10-26,2011-10-26,1,0,365.45,45,4,1,2,412,7,New / Promising
12443,2009-12-07,2009-12-07,1,0,365.31,733,1,1,2,112,4,Lost
12651,2010-08-31,2011-01-09,4,1,365.30,335,2,3,2,232,7,At Risk
15429,2011-09-25,2011-11-13,2,1,364.90,27,4,2,2,422,8,New / Promising
17536,2010-01-26,2011-06-15,3,0,364.83,178,3,3,2,332,8,Needs Attention
14886,2011-04-01,2011-04-01,1,0,364.80,253,2,1,2,212,5,Hibernating
15949,2011-09-29,2011-11-23,2,0,364.72,17,5,2,2,522,9,New / Promising
15343,2011-09-13,2011-09-13,1,0,364.50,88,3,1,2,312,6,Hibernating
15915,2010-11-03,2010-11-03,1,0,364.24,402,2,1,2,212,5,Hibernating
14528,2011-11-02,2011-11-02,1,0,364.22,38,4,1,2,412,7,New / Promising
16909,2011-09-28,2011-09-28,1,1,364.14,73,3,1,2,312,6,Hibernating
16509,2011-02-16,2011-02-16,1,0,363.70,297,2,1,2,212,5,Hibernating
15922,2010-12-01,2010-12-01,1,1,363.60,374,2,1,2,212,5,Hibernating
14253,2010-03-26,2010-08-03,2,0,363.40,494,1,2,2,122,5,Lost
14594,2010-12-01,2011-12-02,2,0,363.33,8,5,2,2,522,9,New / Promising
16078,2010-02-08,2011-03-01,2,0,362.99,284,2,2,2,222,6,Hibernating
16378,2011-02-02,2011-04-06,3,0,362.95,248,2,3,2,232,7,At Risk
17573,2011-09-07,2011-11-10,3,1,362.90,30,4,3,2,432,9,Hibernating
13962,2010-09-30,2011-11-18,3,0,362.80,22,4,3,2,432,9,Hibernating
12493,2011-05-26,2011-06-27,2,1,362.79,166,3,2,2,322,7,Hibernating
15029,2010-03-30,2010-03-30,1,1,362.15,620,1,1,2,112,4,Lost
16052,2011-10-16,2011-10-16,1,0,362.06,55,4,1,2,412,7,New / Promising
18110,2010-10-24,2011-11-20,2,1,362.03,20,4,2,2,422,8,New / Promising
13844,2011-11-28,2011-11-28,1,0,361.62,12,5,1,2,512,8,New / Promising
14950,2011-11-20,2011-11-20,1,1,361.25,20,4,1,2,412,7,New / Promising
16305,2011-07-24,2011-07-24,1,0,361.22,139,3,1,2,312,6,Hibernating
16448,2010-08-25,2011-05-25,2,0,361.12,199,2,2,2,222,6,Hibernating
18091,2010-04-25,2010-04-25,1,0,360.85,594,1,1,2,112,4,Lost
13274,2010-10-26,2010-10-26,1,0,360.85,410,1,1,2,112,4,Lost
17772,2010-11-12,2011-11-29,3,0,360.75,11,5,3,2,532,10,Hibernating
17012,2009-12-14,2009-12-14,1,0,360.61,726,1,1,2,112,4,Lost
18208,2010-05-23,2010-05-23,1,0,360.08,566,1,1,2,112,4,Lost
13298,2011-12-08,2011-12-08,1,0,360.00,2,5,1,2,512,8,New / Promising
12634,2010-06-09,2010-06-09,1,0,360.00,549,1,1,2,112,4,Lost
15008,2010-03-12,2010-08-16,2,0,360.00,481,1,2,2,122,5,Lost
13181,2010-11-23,2010-11-23,1,0,359.69,382,2,1,2,212,5,Hibernating
17945,2010-01-12,2010-01-12,3,0,359.50,697,1,3,2,132,6,At Risk
14919,2010-06-18,2010-06-18,1,0,359.35,540,1,1,2,112,4,Lost
17948,2011-07-15,2011-07-15,1,0,358.56,148,3,1,2,312,6,Hibernating
16856,2010-09-23,2011-11-25,3,0,358.49,15,5,3,2,532,10,Hibernating
17748,2010-06-30,2010-06-30,1,0,358.15,528,1,1,2,112,4,Lost
13228,2011-09-19,2011-09-19,1,0,358.00,82,3,1,2,312,6,Hibernating
12499,2010-05-28,2010-05-28,1,0,357.72,561,1,1,2,112,4,Lost
16606,2010-10-01,2010-10-31,2,0,357.66,405,2,2,2,222,6,Hibernating
15595,2010-08-09,2010-08-09,1,0,357.60,488,1,1,2,112,4,Lost
16971,2011-11-01,2011-11-01,1,0,357.21,39,4,1,2,412,7,New / Promising
18040,2011-04-08,2011-11-20,2,0,357.20,20,4,2,2,422,8,New / Promising
18273,2010-04-28,2011-12-07,4,0,357.00,3,5,3,2,532,10,Hibernating
14500,2011-06-03,2011-09-12,3,0,356.85,89,3,3,2,332,8,Needs Attention
17200,2010-02-25,2010-11-17,4,0,356.71,388,2,3,2,232,7,At Risk
14172,2010-03-07,2010-04-13,3,1,356.27,606,1,3,2,132,6,At Risk
17912,2010-11-29,2011-02-02,6,1,356.20,311,2,4,2,242,8,At Risk
12996,2010-11-29,2010-11-29,1,0,355.50,376,2,1,2,212,5,Hibernating
16920,2010-10-24,2010-10-24,1,0,355.45,412,1,1,2,112,4,Lost
15863,2009-12-17,2011-11-14,5,0,355.10,26,4,4,2,442,10,Loyal
16689,2011-09-18,2011-09-25,2,1,355.10,76,3,2,2,322,7,Hibernating
14268,2010-08-26,2010-08-26,1,0,354.85,471,1,1,2,112,4,Lost
14244,2010-02-17,2010-02-17,1,1,354.82,661,1,1,2,112,4,Lost
15986,2010-11-23,2011-11-09,2,0,354.42,31,4,2,2,422,8,New / Promising
12845,2011-02-22,2011-03-17,4,0,354.09,268,2,3,2,232,7,At Risk
16323,2010-05-11,2011-05-27,2,0,353.66,197,2,2,2,222,6,Hibernating
18003,2010-11-28,2010-11-28,1,0,353.51,377,2,1,2,212,5,Hibernating
13210,2011-09-07,2011-09-07,1,0,353.48,94,3,1,2,312,6,Hibernating
12677,2009-12-07,2010-06-02,2,1,353.30,556,1,2,2,122,5,Lost
14804,2011-12-01,2011-12-01,1,0,353.27,9,5,1,2,512,8,New / Promising
13413,2010-01-21,2010-03-10,6,1,353.12,640,1,4,2,142,7,At Risk
16382,2010-06-07,2010-10-27,2,0,353.10,409,1,2,2,122,5,Lost
12617,2011-11-10,2011-11-10,1,0,352.98,30,4,1,2,412,7,New / Promising
13765,2010-02-24,2010-02-24,1,0,352.82,654,1,1,2,112,4,Lost
16857,2010-09-23,2010-09-23,1,0,352.80,443,1,1,2,112,4,Lost
14333,2011-10-03,2011-10-03,1,1,351.45,68,3,1,2,312,6,Hibernating
16192,2009-12-04,2009-12-04,1,0,351.30,736,1,1,2,112,4,Lost
13923,2011-10-17,2011-10-17,1,0,351.13,54,4,1,2,412,7,New / Promising
12796,2010-03-21,2010-03-21,1,0,351.00,629,1,1,2,112,4,Lost
14252,2010-11-23,2010-11-23,1,0,350.99,382,2,1,2,212,5,Hibernating
13332,2011-11-25,2011-11-25,1,0,350.90,15,5,1,2,512,8,New / Promising
13670,2011-09-25,2011-09-25,1,0,349.70,76,3,1,2,312,6,Hibernating
12498,2011-10-13,2011-11-18,3,0,349.70,22,4,3,2,432,9,Hibernating
13887,2011-05-19,2011-05-19,1,0,349.55,205,2,1,2,212,5,Hibernating
14545,2010-02-03,2010-02-03,1,0,349.25,675,1,1,2,112,4,Lost
16355,2010-11-29,2010-11-29,1,1,349.20,376,2,1,2,212,5,Hibernating
17252,2011-06-06,2011-08-15,2,0,348.91,117,3,2,2,322,7,Hibernating
13790,2011-12-05,2011-12-05,1,0,348.80,5,5,1,2,512,8,New / Promising
17577,2010-02-09,2010-03-04,2,0,348.75,646,1,2,2,122,5,Lost
15282,2010-05-18,2010-05-18,1,0,348.59,571,1,1,2,112,4,Lost
12452,2011-11-23,2011-11-23,1,0,348.57,17,5,1,2,512,8,New / Promising
16263,2010-10-12,2010-10-12,1,0,348.16,424,1,1,2,112,4,Lost
15334,2011-06-19,2011-07-06,3,0,347.87,157,3,3,2,332,8,Needs Attention
18155,2011-02-21,2011-09-25,3,1,347.82,76,3,3,2,332,8,Needs Attention
17668,2011-11-01,2011-12-08,2,0,347.75,2,5,2,2,522,9,New / Promising
15085,2009-12-10,2009-12-10,1,0,347.54,730,1,1,2,112,4,Lost
12895,2011-09-14,2011-10-28,2,1,347.30,43,4,2,2,422,8,New / Promising
13062,2011-06-01,2011-06-01,1,0,346.98,192,2,1,2,212,5,Hibernating
12411,2010-10-26,2010-10-26,1,0,346.90,410,1,1,2,112,4,Lost
17780,2010-01-24,2010-02-10,3,0,346.56,668,1,3,2,132,6,At Risk
13234,2009-12-07,2010-02-05,2,0,346.50,673,1,2,2,122,5,Lost
16423,2011-11-15,2011-11-15,1,0,346.12,25,4,1,2,412,7,New / Promising
15840,2011-06-20,2011-10-12,2,1,345.66,59,3,2,2,322,7,Hibernating
12829,2010-06-07,2011-01-07,3,1,345.35,337,2,3,2,232,7,At Risk
13774,2011-09-19,2011-09-19,1,0,345.00,82,3,1,2,312,6,Hibernating
14633,2011-03-18,2011-03-18,1,0,344.90,267,2,1,2,212,5,Hibernating
15337,2010-10-24,2010-10-24,1,1,344.72,412,1,1,2,112,4,Lost
15519,2010-09-19,2010-11-21,2,0,344.61,384,2,2,2,222,6,Hibernating
17569,2011-01-11,2011-01-11,1,0,344.14,333,2,1,2,212,5,Hibernating
13068,2011-01-24,2011-11-29,2,0,344.00,11,5,2,2,522,9,New / Promising
16990,2010-10-13,2011-05-05,2,0,344.00,219,2,2,2,222,6,Hibernating
15120,2011-07-29,2011-07-29,1,1,343.82,134,3,1,2,312,6,Hibernating
15047,2011-03-15,2011-03-15,1,0,343.62,270,2,1,2,212,5,Hibernating
15520,2011-12-08,2011-12-08,1,0,343.50,2,5,1,2,512,8,New / Promising
18081,2011-07-29,2011-11-03,3,0,343.45,37,4,3,2,432,9,Hibernating
17810,2010-01-25,2010-02-09,2,0,343.21,669,1,2,2,122,5,Lost
18250,2011-02-02,2011-02-02,1,1,342.92,311,2,1,2,212,5,Hibernating
17795,2011-03-20,2011-06-13,2,0,342.83,180,3,2,2,322,7,Hibernating
13550,2010-11-21,2010-11-21,1,0,342.55,384,2,1,2,212,5,Hibernating
16851,2011-10-19,2011-12-05,3,0,342.45,5,5,3,2,532,10,Hibernating
14989,2010-02-16,2010-02-16,1,0,342.40,662,1,1,2,112,4,Lost
17835,2011-11-16,2011-12-07,3,0,342.24,3,5,3,2,532,10,Hibernating
17660,2009-12-02,2011-07-21,2,0,342.22,142,3,2,2,322,7,Hibernating
18199,2010-01-25,2010-01-25,1,1,342.20,684,1,1,2,112,4,Lost
14724,2010-04-28,2010-04-28,1,0,341.90,591,1,1,2,112,4,Lost
16826,2011-10-19,2011-10-19,1,0,341.70,52,4,1,2,412,7,New / Promising
16585,2010-01-13,2010-04-25,2,0,341.59,594,1,2,2,122,5,Lost
13252,2010-03-24,2010-11-10,2,1,341.30,395,2,2,2,222,6,Hibernating
16259,2010-04-13,2010-10-25,3,0,340.94,411,1,3,2,132,6,At Risk
14491,2010-12-02,2011-06-17,2,0,340.93,176,3,2,2,322,7,Hibernating
17542,2010-03-08,2011-03-15,3,0,340.85,270,2,3,2,232,7,At Risk
16044,2010-09-30,2010-09-30,1,0,340.84,436,1,1,2,112,4,Lost
15818,2010-04-30,2010-04-30,1,0,340.50,589,1,1,2,112,4,Lost
13584,2010-02-02,2011-02-06,3,2,340.40,307,2,3,2,232,7,At Risk
12900,2010-10-13,2010-10-13,1,0,340.33,423,1,1,2,112,4,Lost
14840,2010-06-18,2011-03-17,2,1,340.21,268,2,2,2,222,6,Hibernating
13737,2011-05-23,2011-05-23,1,0,339.60,201,2,1,2,212,5,Hibernating
14203,2010-11-07,2010-11-07,1,0,339.34,398,2,1,2,212,5,Hibernating
13352,2011-10-10,2011-10-10,1,1,339.28,61,3,1,2,312,6,Hibernating
17697,2011-04-17,2011-04-17,1,0,338.95,237,2,1,2,212,5,Hibernating
14630,2010-08-12,2010-08-12,1,0,338.65,485,1,1,2,112,4,Lost
17833,2009-12-16,2009-12-16,1,0,338.46,724,1,1,2,112,4,Lost
14799,2009-12-02,2011-10-19,2,0,338.15,52,4,2,2,422,8,New / Promising
17296,2009-12-09,2009-12-09,1,0,338.13,731,1,1,2,112,4,Lost
12869,2010-01-27,2010-01-27,1,0,337.67,682,1,1,2,112,4,Lost
14926,2010-04-20,2010-11-23,2,1,337.65,382,2,2,2,222,6,Hibernating
13545,2009-12-01,2010-11-14,2,1,337.64,391,2,2,2,222,6,Hibernating
17736,2011-08-18,2011-11-30,3,1,337.49,10,5,3,2,532,10,Hibernating
15942,2011-07-29,2011-07-29,1,0,337.44,134,3,1,2,312,6,Hibernating
13930,2011-07-26,2011-10-13,2,0,337.34,58,4,2,2,422,8,New / Promising
17973,2011-10-19,2011-10-19,1,0,337.04,52,4,1,2,412,7,New / Promising
16476,2010-10-04,2010-10-04,1,2,337.00,432,1,1,2,112,4,Lost
17488,2010-03-08,2010-03-08,1,0,336.50,642,1,1,2,112,4,Lost
15619,2011-11-29,2011-11-29,1,0,336.40,11,5,1,2,512,8,New / Promising
13482,2010-03-22,2011-04-21,2,0,336.09,233,2,2,2,222,6,Hibernating
16690,2010-09-14,2011-09-28,4,1,336.08,73,3,3,2,332,8,Needs Attention
14196,2011-08-25,2011-08-25,1,0,335.52,107,3,1,2,312,6,Hibernating
16063,2011-03-24,2011-03-24,1,0,335.32,261,2,1,2,212,5,Hibernating
17917,2010-12-12,2011-10-25,3,0,335.03,46,4,3,2,432,9,Hibernating
12690,2011-05-18,2011-05-18,1,0,335.01,206,2,1,2,212,5,Hibernating
17821,2010-10-29,2010-10-29,1,0,334.62,407,2,1,2,212,5,Hibernating
17607,2010-11-28,2010-11-28,1,0,333.81,377,2,1,2,212,5,Hibernating
13216,2011-03-17,2011-03-17,1,0,333.74,268,2,1,2,212,5,Hibernating
14241,2010-01-12,2011-06-09,2,0,333.70,184,3,2,2,322,7,Hibernating
15781,2011-02-07,2011-11-14,3,1,333.56,26,4,3,2,432,9,Hibernating
16006,2010-11-17,2011-05-12,2,0,332.82,212,2,2,2,222,6,Hibernating
13904,2011-02-18,2011-11-02,2,0,332.64,38,4,2,2,422,8,New / Promising
16850,2011-01-10,2011-01-10,1,0,332.41,334,2,1,2,212,5,Hibernating
16803,2011-10-05,2011-10-05,1,0,332.30,66,3,1,2,312,6,Hibernating
16452,2010-01-15,2010-03-19,2,0,332.17,631,1,2,2,122,5,Lost
17647,2010-02-08,2011-10-05,3,0,331.66,66,3,3,2,332,8,Needs Attention
15512,2010-02-01,2011-07-07,4,0,331.58,156,3,3,2,332,8,Needs Attention
16274,2010-12-01,2010-12-01,1,0,331.55,374,2,1,2,212,5,Hibernating
17435,2010-10-24,2010-10-24,1,0,331.35,412,1,1,2,112,4,Lost
13519,2010-09-23,2011-09-22,2,1,331.26,79,3,2,2,322,7,Hibernating
16030,2011-02-03,2011-02-03,1,0,331.24,310,2,1,2,212,5,Hibernating
16478,2011-10-05,2011-11-14,3,0,331.00,26,4,3,2,432,9,Hibernating
15878,2009-12-06,2010-05-27,2,0,330.77,562,1,2,2,122,5,Lost
14517,2011-07-21,2011-11-06,2,0,330.45,34,4,2,2,422,8,New / Promising
13010,2010-03-01,2010-11-30,2,0,330.12,375,2,2,2,222,6,Hibernating
15130,2011-06-23,2011-06-23,1,0,330.11,170,3,1,2,312,6,Hibernating
12850,2010-09-20,2010-09-20,1,0,330.00,446,1,1,2,112,4,Lost
18186,2009-12-17,2009-12-17,1,0,329.58,723,1,1,2,112,4,Lost
17518,2010-03-28,2010-10-10,2,0,329.42,426,1,2,2,122,5,Lost
17914,2011-12-06,2011-12-06,1,0,329.36,4,5,1,2,512,8,New / Promising
17154,2011-09-25,2011-09-25,1,0,329.34,76,3,1,2,312,6,Hibernating
15153,2011-11-08,2011-11-08,1,0,329.25,32,4,1,2,412,7,New / Promising
15979,2010-04-16,2010-04-16,1,0,329.22,603,1,1,2,112,4,Lost
13817,2010-12-23,2011-11-10,2,0,328.98,30,4,2,2,422,8,New / Promising
14012,2011-03-07,2011-03-07,1,0,328.80,278,2,1,2,212,5,Hibernating
13372,2011-09-11,2011-09-11,1,0,328.64,90,3,1,2,312,6,Hibernating
16855,2011-10-27,2011-11-16,2,0,328.40,24,4,2,2,422,8,New / Promising
16318,2011-11-04,2011-11-04,1,0,328.15,36,4,1,2,412,7,New / Promising
15709,2010-04-29,2011-03-01,2,0,327.85,284,2,2,2,222,6,Hibernating
17196,2010-10-08,2010-10-08,1,0,327.75,428,1,1,2,112,4,Lost
15735,2010-10-14,2010-10-14,1,0,327.68,422,1,1,2,112,4,Lost
13345,2011-02-25,2011-02-25,1,1,327.60,288,2,1,2,212,5,Hibernating
16166,2010-01-17,2010-10-07,2,2,327.48,429,1,2,2,122,5,Lost
13981,2010-10-20,2010-10-20,1,1,327.39,416,1,1,2,112,4,Lost
13498,2009-12-09,2009-12-09,1,0,327.38,731,1,1,2,112,4,Lost
16322,2011-11-03,2011-12-08,2,0,326.75,2,5,2,2,522,9,New / Promising
16604,2010-05-20,2010-05-26,2,1,326.25,563,1,2,2,122,5,Lost
18047,2010-11-23,2010-11-23,2,0,326.09,382,2,2,2,222,6,Hibernating
17439,2010-02-22,2010-02-22,1,0,325.74,656,1,1,2,112,4,Lost
12804,2010-07-27,2010-08-31,2,0,325.37,466,1,2,2,122,5,Lost
13661,2010-04-15,2010-04-15,1,0,325.24,604,1,1,2,112,4,Lost
15213,2011-01-14,2011-01-25,2,1,325.05,319,2,2,2,222,6,Hibernating
13801,2011-10-04,2011-10-04,1,0,324.80,67,3,1,2,312,6,Hibernating
15982,2010-04-13,2010-04-13,1,0,324.51,606,1,1,2,112,4,Lost
12946,2010-09-29,2010-09-29,1,0,324.45,437,1,1,2,112,4,Lost
18261,2011-09-05,2011-10-27,2,0,324.24,44,4,2,2,422,8,New / Promising
16685,2011-10-09,2011-10-09,2,0,324.24,62,3,2,2,322,7,Hibernating
13351,2011-10-04,2011-10-04,1,0,323.94,67,3,1,2,312,6,Hibernating
13025,2009-12-08,2009-12-08,1,0,323.39,732,1,1,2,112,4,Lost
13646,2010-11-05,2010-11-05,2,1,323.30,400,2,2,2,222,6,Hibernating
16195,2009-12-16,2009-12-16,1,0,323.25,724,1,1,2,112,4,Lost
14263,2010-10-12,2010-10-12,1,0,322.93,424,1,1,2,112,4,Lost
16627,2011-09-21,2011-09-21,1,0,322.80,80,3,1,2,312,6,Hibernating
17776,2009-12-16,2010-11-18,2,1,322.55,387,2,2,2,222,6,Hibernating
16342,2011-06-13,2011-09-25,4,0,322.41,76,3,3,2,332,8,Needs Attention
12780,2010-04-20,2010-04-20,1,0,322.40,599,1,1,2,112,4,Lost
14424,2011-11-22,2011-11-22,1,0,322.08,18,5,1,2,512,8,New / Promising
15726,2010-11-14,2010-11-14,1,0,321.91,391,2,1,2,212,5,Hibernating
18090,2010-10-14,2010-10-14,1,0,321.90,422,1,1,2,112,4,Lost
13111,2009-12-21,2009-12-21,1,0,321.88,719,1,1,2,112,4,Lost
17976,2010-12-02,2010-12-02,1,0,321.79,373,2,1,2,212,5,Hibernating
17471,2010-08-22,2010-08-22,1,0,321.65,475,1,1,2,112,4,Lost
14070,2010-01-24,2010-01-24,1,0,321.60,685,1,1,2,112,4,Lost
15770,2010-04-06,2010-04-06,1,0,321.45,613,1,1,2,112,4,Lost
14823,2011-05-29,2011-06-12,3,0,321.43,181,3,3,2,332,8,Needs Attention
17182,2009-12-21,2010-10-13,2,0,321.30,423,1,2,2,122,5,Lost
15869,2010-03-23,2011-03-07,3,0,321.11,278,2,3,2,232,7,At Risk
15236,2011-02-14,2011-02-14,1,0,321.05,299,2,1,2,212,5,Hibernating
12504,2010-04-22,2011-11-21,4,2,321.00,19,5,3,2,532,10,Hibernating
15323,2010-02-16,2010-05-26,3,1,320.90,563,1,3,2,132,6,At Risk
12365,2011-02-21,2011-02-21,1,0,320.69,292,2,1,2,212,5,Hibernating
14622,2011-06-08,2011-06-08,1,0,320.58,185,3,1,2,312,6,Hibernating
13986,2011-11-22,2011-11-22,1,0,320.46,18,5,1,2,512,8,New / Promising
17309,2010-02-04,2011-09-05,3,0,320.39,96,3,3,2,332,8,Needs Attention
13942,2010-06-23,2010-06-23,1,0,320.00,535,1,1,2,112,4,Lost
13843,2010-11-23,2010-11-23,1,0,319.75,382,2,1,2,212,5,Hibernating
16967,2011-06-03,2011-06-03,1,0,319.02,190,2,1,2,212,5,Hibernating
17229,2011-07-20,2011-09-04,2,0,318.76,97,3,2,2,322,7,Hibernating
12795,2011-11-21,2011-11-21,1,0,318.48,19,5,1,2,512,8,New / Promising
16273,2010-02-21,2010-03-01,2,0,318.34,649,1,2,2,122,5,Lost
14703,2011-11-25,2011-11-25,1,0,318.17,15,5,1,2,512,8,New / Promising
17839,2011-10-28,2011-10-28,1,0,318.15,43,4,1,2,412,7,New / Promising
18253,2010-03-07,2010-03-07,1,0,317.88,643,1,1,2,112,4,Lost
12552,2011-10-31,2011-10-31,1,0,317.82,40,4,1,2,412,7,New / Promising
12760,2010-09-10,2010-09-10,1,0,317.80,456,1,1,2,112,4,Lost
17267,2011-08-04,2011-08-04,2,0,317.20,128,3,2,2,322,7,Hibernating
15616,2010-09-27,2010-09-27,1,0,317.11,439,1,1,2,112,4,Lost
17689,2010-08-22,2010-11-16,2,0,317.08,389,2,2,2,222,6,Hibernating
15682,2010-01-21,2010-04-19,2,1,316.99,600,1,2,2,122,5,Lost
16761,2011-09-04,2011-09-04,1,0,316.62,97,3,1,2,312,6,Hibernating
15204,2010-12-17,2010-12-17,1,0,316.58,358,2,1,2,212,5,Hibernating
13494,2011-02-01,2011-02-01,1,0,316.26,312,2,1,2,212,5,Hibernating
12614,2011-03-07,2011-03-07,1,0,315.60,278,2,1,2,212,5,Hibernating
15042,2010-04-23,2011-05-24,2,0,315.45,200,2,2,2,222,6,Hibernating
15670,2010-06-01,2011-02-16,2,1,315.20,297,2,2,2,222,6,Hibernating
16091,2011-05-25,2011-07-08,2,0,315.06,155,3,2,2,322,7,Hibernating
17121,2010-11-02,2010-11-02,1,0,314.74,403,2,1,2,212,5,Hibernating
14991,2010-10-05,2010-10-05,1,0,314.67,431,1,1,2,112,4,Lost
18206,2010-06-04,2010-06-04,1,0,314.66,554,1,1,2,112,4,Lost
18117,2011-11-14,2011-11-14,1,0,314.40,26,4,1,2,412,7,New / Promising
17440,2010-06-08,2011-07-06,4,2,314.26,157,3,3,2,332,8,Needs Attention
12532,2011-11-09,2011-11-09,1,0,313.83,31,4,1,2,412,7,New / Promising
17563,2010-04-07,2010-05-10,2,2,313.78,579,1,2,2,122,5,Lost
12888,2011-03-29,2011-05-09,2,2,313.77,215,2,2,2,222,6,Hibernating
15196,2009-12-13,2010-10-03,2,0,313.70,433,1,2,2,122,5,Lost
13087,2009-12-13,2009-12-13,1,0,313.64,727,1,1,2,112,4,Lost
16582,2011-08-18,2011-08-18,1,0,313.62,114,3,1,2,312,6,Hibernating
14981,2010-10-12,2011-04-07,2,1,313.52,247,2,2,2,222,6,Hibernating
17928,2010-05-17,2011-10-25,3,0,313.16,46,4,3,2,432,9,Hibernating
13845,2011-10-06,2011-10-06,1,0,312.98,65,3,1,2,312,6,Hibernating
16234,2010-05-27,2010-08-20,3,1,312.78,477,1,3,2,132,6,At Risk
17843,2010-10-24,2011-02-09,2,0,312.65,304,2,2,2,222,6,Hibernating
15318,2011-12-06,2011-12-06,1,0,312.62,4,5,1,2,512,8,New / Promising
13226,2010-11-11,2011-03-11,2,0,312.46,274,2,2,2,222,6,Hibernating
12834,2011-03-02,2011-03-02,1,0,312.38,283,2,1,2,212,5,Hibernating
17326,2010-06-28,2010-10-27,2,0,312.35,409,1,2,2,122,5,Lost
12529,2010-06-29,2010-06-29,1,1,311.78,529,1,1,2,112,4,Lost
14951,2011-09-21,2011-09-21,1,0,311.69,80,3,1,2,312,6,Hibernating
13990,2011-05-10,2011-05-10,1,0,311.30,214,2,1,2,212,5,Hibernating
16328,2010-05-25,2010-05-25,1,0,310.83,564,1,1,2,112,4,Lost
14094,2010-09-26,2010-09-26,1,1,310.82,440,1,1,2,112,4,Lost
13847,2009-12-20,2009-12-20,1,0,310.72,720,1,1,2,112,4,Lost
16439,2009-12-17,2009-12-17,1,0,310.70,723,1,1,2,112,4,Lost
15185,2011-09-30,2011-09-30,1,0,310.62,71,3,1,2,312,6,Hibernating
14848,2010-10-31,2010-10-31,1,0,310.56,405,2,1,2,212,5,Hibernating
15188,2009-12-14,2009-12-14,1,0,310.43,726,1,1,2,112,4,Lost
13315,2010-01-19,2010-01-19,1,0,310.26,690,1,1,2,112,4,Lost
14749,2010-08-17,2010-08-17,1,0,310.15,480,1,1,2,112,4,Lost
13628,2010-02-01,2010-02-01,1,0,310.14,677,1,1,2,112,4,Lost
17181,2010-04-23,2011-10-13,3,0,309.85,58,4,3,2,432,9,Hibernating
14122,2009-12-02,2010-10-29,3,2,309.77,407,2,3,2,232,7,At Risk
13187,2010-03-25,2011-01-06,4,1,309.66,338,2,3,2,232,7,At Risk
15699,2011-11-22,2011-11-22,1,0,309.65,18,5,1,2,512,8,New / Promising
16373,2010-10-24,2010-11-22,2,0,309.49,383,2,2,2,222,6,Hibernating
16683,2010-06-24,2010-06-24,1,1,309.35,534,1,1,2,112,4,Lost
12884,2011-09-12,2011-09-12,1,0,309.05,89,3,1,2,312,6,Hibernating
15010,2011-11-04,2011-11-04,1,0,308.94,36,4,1,2,412,7,New / Promising
16194,2010-11-29,2010-11-29,1,0,308.60,376,2,1,2,212,5,Hibernating
13164,2010-02-10,2010-05-19,2,1,308.45,570,1,2,2,122,5,Lost
14181,2010-05-26,2010-10-25,2,0,308.35,411,1,2,2,122,5,Lost
14927,2010-11-08,2010-11-08,1,0,308.20,397,2,1,2,212,5,Hibernating
15778,2010-10-04,2010-10-04,1,0,307.95,432,1,1,2,112,4,Lost
13289,2009-12-16,2009-12-16,1,0,307.95,724,1,1,2,112,4,Lost
16123,2011-10-19,2011-10-19,1,0,307.78,52,4,1,2,412,7,New / Promising
13529,2011-05-19,2011-09-22,2,0,307.76,79,3,2,2,322,7,Hibernating
18070,2009-12-08,2010-02-08,1,1,307.75,670,1,1,2,112,4,Lost
13060,2011-03-31,2011-03-31,1,0,307.53,254,2,1,2,212,5,Hibernating
17120,2011-04-20,2011-04-20,1,0,307.46,234,2,1,2,212,5,Hibernating
13932,2011-02-18,2011-02-18,1,0,307.40,295,2,1,2,212,5,Hibernating
15374,2010-03-25,2011-08-03,2,0,307.32,129,3,2,2,322,7,Hibernating
17721,2010-02-18,2010-02-18,1,0,307.21,660,1,1,2,112,4,Lost
13036,2010-01-24,2010-01-24,1,0,307.10,685,1,1,2,112,4,Lost
13142,2011-11-20,2011-11-20,1,0,307.09,20,4,1,2,412,7,New / Promising
15087,2011-03-03,2011-03-03,1,0,306.94,282,2,1,2,212,5,Hibernating
16649,2010-07-07,2010-07-07,1,0,306.58,521,1,1,2,112,4,Lost
13718,2011-02-17,2011-04-07,2,0,306.55,247,2,2,2,222,6,Hibernating
13281,2010-04-27,2010-09-26,1,2,306.45,440,1,1,2,112,4,Lost
16524,2010-01-17,2010-09-19,2,0,306.19,447,1,2,2,122,5,Lost
17077,2010-05-10,2010-05-10,1,0,306.00,579,1,1,2,112,4,Lost
14168,2010-05-24,2010-10-15,2,1,305.90,421,1,2,2,122,5,Lost
16796,2011-09-11,2011-09-11,1,0,305.62,90,3,1,2,312,6,Hibernating
16181,2011-09-27,2011-09-27,1,0,305.54,74,3,1,2,312,6,Hibernating
14783,2010-02-18,2010-02-18,1,1,305.35,660,1,1,2,112,4,Lost
13383,2010-06-14,2010-06-14,1,0,305.28,544,1,1,2,112,4,Lost
15893,2010-08-15,2010-08-15,1,0,305.28,482,1,1,2,112,4,Lost
15163,2011-05-31,2011-11-21,2,0,304.47,19,5,2,2,522,9,New / Promising
18185,2011-04-04,2011-04-04,1,0,304.25,250,2,1,2,212,5,Hibernating
16674,2011-09-02,2011-10-16,2,0,304.24,55,4,2,2,422,8,New / Promising
14990,2009-12-09,2010-04-06,2,0,304.17,613,1,2,2,122,5,Lost
17383,2010-09-12,2011-12-05,2,0,304.09,5,5,2,2,522,9,New / Promising
15454,2010-03-31,2010-12-12,2,0,303.89,363,2,2,2,222,6,Hibernating
16489,2010-09-29,2010-11-24,2,0,303.70,381,2,2,2,222,6,Hibernating
14791,2010-04-12,2010-04-12,1,0,303.63,607,1,1,2,112,4,Lost
14806,2010-09-26,2011-09-25,2,0,303.43,76,3,2,2,322,7,Hibernating
18255,2010-09-09,2011-09-11,2,0,303.15,90,3,2,2,322,7,Hibernating
16425,2011-02-10,2011-02-10,1,0,302.70,303,2,1,2,212,5,Hibernating
18165,2011-06-15,2011-06-15,1,0,302.46,178,3,1,2,312,6,Hibernating
15308,2011-03-10,2011-03-10,1,1,302.27,275,2,1,2,212,5,Hibernating
15054,2011-10-30,2011-11-27,2,0,302.10,13,5,2,2,522,9,New / Promising
15242,2010-10-13,2010-10-13,1,0,302.04,423,1,1,2,112,4,Lost
13773,2010-02-18,2010-11-08,2,0,301.54,397,2,2,2,222,6,Hibernating
15667,2011-10-31,2011-10-31,1,0,301.32,40,4,1,2,412,7,New / Promising
15148,2011-11-29,2011-11-29,1,0,301.29,11,5,1,2,512,8,New / Promising
13625,2010-04-22,2010-04-22,1,0,301.26,597,1,1,2,112,4,Lost
15432,2010-06-16,2011-11-16,2,2,301.26,24,4,2,2,422,8,New / Promising
16437,2010-10-06,2010-11-23,2,0,301.25,382,2,2,2,222,6,Hibernating
12351,2010-11-29,2010-11-29,1,0,300.93,376,2,1,2,212,5,Hibernating
13400,2010-05-06,2010-05-06,1,1,300.93,583,1,1,2,112,4,Lost
16479,2011-11-29,2011-11-29,2,0,300.83,11,5,2,2,522,9,New / Promising
16050,2010-11-03,2011-06-19,3,0,300.70,174,3,3,2,332,8,Needs Attention
17556,2010-11-25,2011-05-18,2,0,300.67,206,2,2,2,222,6,Hibernating
17793,2011-11-14,2011-11-14,1,0,300.34,26,4,1,2,412,7,New / Promising
14797,2010-07-20,2010-07-20,1,0,300.31,508,1,1,2,112,4,Lost
15724,2010-11-04,2011-05-22,3,2,299.80,202,2,3,2,232,7,At Risk
12852,2011-02-18,2011-02-18,1,1,299.75,295,2,1,2,212,5,Hibernating
12544,2011-11-03,2011-11-03,1,1,299.70,37,4,1,2,412,7,New / Promising
14043,2009-12-10,2010-08-05,2,1,299.65,492,1,2,2,122,5,Lost
17766,2010-11-23,2010-11-23,2,0,299.61,382,2,2,2,222,6,Hibernating
12547,2010-07-27,2011-05-26,3,0,299.58,198,2,3,2,232,7,At Risk
12864,2010-07-19,2011-07-24,2,0,299.57,139,3,2,2,322,7,Hibernating
13346,2010-04-22,2010-09-03,6,0,299.40,463,1,4,2,142,7,At Risk
17898,2010-05-21,2011-09-15,4,0,299.18,86,3,3,2,332,8,Needs Attention
13667,2011-07-13,2011-07-13,1,0,299.05,150,3,1,2,312,6,Hibernating
15880,2010-12-05,2010-12-05,1,1,299.03,370,2,1,2,212,5,Hibernating
12489,2011-01-07,2011-01-07,1,0,298.93,337,2,1,2,212,5,Hibernating
17991,2010-04-27,2011-04-28,3,0,298.65,226,2,3,2,232,7,At Risk
17824,2011-10-19,2011-10-19,1,0,298.40,52,4,1,2,412,7,New / Promising
12881,2011-03-09,2011-03-09,1,0,298.00,276,2,1,2,212,5,Hibernating
16583,2010-02-04,2010-12-01,2,0,297.95,374,2,2,2,222,6,Hibernating
18059,2011-10-03,2011-11-16,3,1,296.71,24,4,3,2,432,9,Hibernating
12460,2010-09-09,2010-09-09,1,0,296.65,457,1,1,2,112,4,Lost
13751,2011-02-24,2011-02-24,1,0,296.25,289,2,1,2,212,5,Hibernating
12898,2010-02-18,2010-09-02,2,0,296.21,464,1,2,2,122,5,Lost
13504,2011-10-06,2011-10-06,1,0,295.93,65,3,1,2,312,6,Hibernating
13660,2010-11-04,2010-11-04,1,1,295.74,401,2,1,2,212,5,Hibernating
14614,2010-11-18,2010-11-18,1,0,295.13,387,2,1,2,212,5,Hibernating
12350,2011-02-02,2011-02-02,1,0,294.40,311,2,1,2,212,5,Hibernating
17301,2010-03-25,2011-11-18,2,0,294.39,22,4,2,2,422,8,New / Promising
14747,2011-04-04,2011-04-04,1,1,294.30,250,2,1,2,212,5,Hibernating
17506,2011-09-25,2011-09-25,1,1,294.29,76,3,1,2,312,6,Hibernating
17124,2011-06-07,2011-06-07,1,0,294.24,186,3,1,2,312,6,Hibernating
14137,2010-01-13,2010-01-13,1,1,294.10,696,1,1,2,112,4,Lost
17927,2009-12-18,2009-12-18,1,0,294.00,722,1,1,2,112,4,Lost
15718,2010-06-17,2010-06-17,1,0,293.79,541,1,1,2,112,4,Lost
15135,2010-06-01,2011-04-14,2,1,293.78,240,2,2,2,222,6,Hibernating
14192,2010-11-16,2010-11-16,1,0,293.74,389,2,1,2,212,5,Hibernating
15928,2010-02-21,2010-02-21,1,0,293.53,657,1,1,2,112,4,Lost
17710,2010-10-12,2010-10-12,1,0,293.50,424,1,1,2,112,4,Lost
16402,2010-12-05,2011-03-20,2,0,293.45,265,2,2,2,222,6,Hibernating
17441,2009-12-07,2009-12-07,1,0,293.35,733,1,1,2,112,4,Lost
14835,2010-04-01,2010-06-29,2,1,293.10,529,1,2,2,122,5,Lost
15060,2011-11-30,2011-12-01,4,0,293.00,9,5,3,2,532,10,Hibernating
12566,2011-09-14,2011-09-14,1,1,292.70,87,3,1,2,312,6,Hibernating
16721,2011-03-22,2011-03-22,1,0,292.47,263,2,1,2,212,5,Hibernating
16956,2011-11-22,2011-11-22,1,1,292.34,18,5,1,2,512,8,New / Promising
13739,2010-06-30,2011-11-21,2,0,292.20,19,5,2,2,522,9,New / Promising
14985,2010-12-16,2011-05-25,2,0,292.01,199,2,2,2,222,6,Hibernating
13449,2011-11-16,2011-11-16,1,0,291.88,24,4,1,2,412,7,New / Promising
17207,2010-02-25,2010-02-25,1,0,291.77,653,1,1,2,112,4,Lost
17907,2010-03-09,2010-03-09,1,0,291.76,641,1,1,2,112,4,Lost
17882,2010-11-25,2010-11-25,2,0,291.56,380,2,2,2,222,6,Hibernating
13347,2011-09-30,2011-09-30,1,0,291.36,71,3,1,2,312,6,Hibernating
18182,2010-09-02,2010-09-02,1,0,291.13,464,1,1,2,112,4,Lost
14727,2010-06-11,2011-03-10,3,1,291.13,275,2,3,2,232,7,At Risk
15302,2009-12-09,2009-12-09,1,1,291.05,731,1,1,2,112,4,Lost
17551,2010-12-15,2010-12-15,1,0,290.34,360,2,1,2,212,5,Hibernating
13796,2010-07-28,2010-07-28,1,0,289.70,500,1,1,2,112,4,Lost
15962,2010-09-16,2010-09-16,1,0,289.48,450,1,1,2,112,4,Lost
14162,2011-02-20,2011-06-19,2,0,289.36,174,3,2,2,322,7,Hibernating
15041,2010-09-21,2011-06-22,2,0,288.98,171,3,2,2,322,7,Hibernating
15545,2010-12-03,2011-10-16,2,0,288.97,55,4,2,2,422,8,New / Promising
17057,2010-04-22,2010-04-22,1,0,288.79,597,1,1,2,112,4,Lost
17501,2011-05-03,2011-05-03,2,0,288.60,221,2,2,2,222,6,Hibernating
16808,2011-03-10,2011-09-01,2,0,288.42,100,3,2,2,322,7,Hibernating
14010,2010-05-23,2010-05-23,2,1,288.10,566,1,2,2,122,5,Lost
16432,2011-10-06,2011-10-06,1,0,287.40,65,3,1,2,312,6,Hibernating
17497,2010-04-08,2010-11-14,2,0,287.25,391,2,2,2,222,6,Hibernating
13508,2010-03-07,2011-04-10,2,0,287.05,244,2,2,2,222,6,Hibernating
17688,2010-11-11,2010-11-11,1,1,286.50,394,2,1,2,212,5,Hibernating
16555,2010-07-22,2011-11-04,6,4,285.89,36,4,4,2,442,10,Loyal
12698,2010-04-28,2010-04-28,1,0,285.75,591,1,1,2,112,4,Lost
14660,2011-08-31,2011-09-14,2,0,285.74,87,3,2,2,322,7,Hibernating
14402,2010-02-25,2010-02-25,1,0,285.60,653,1,1,2,112,4,Lost
17627,2009-12-10,2010-08-18,1,1,285.11,479,1,1,2,112,4,Lost
16429,2011-08-25,2011-08-25,1,0,284.55,107,3,1,2,312,6,Hibernating
15445,2010-04-28,2011-03-20,2,0,284.50,265,2,2,2,222,6,Hibernating
17359,2010-03-01,2011-11-28,2,0,284.46,12,5,2,2,522,9,New / Promising
13616,2010-01-17,2010-05-20,2,0,283.85,569,1,2,2,122,5,Lost
15662,2009-12-01,2010-02-16,2,0,283.73,662,1,2,2,122,5,Lost
13708,2011-03-13,2011-03-13,1,0,283.33,272,2,1,2,212,5,Hibernating
15391,2010-05-04,2010-05-04,1,1,282.92,585,1,1,2,112,4,Lost
13909,2010-07-06,2010-10-12,2,0,282.85,424,1,2,2,122,5,Lost
15936,2010-08-29,2010-11-25,2,0,282.79,380,2,2,2,222,6,Hibernating
16557,2011-07-25,2011-11-15,2,0,281.85,25,4,2,2,422,8,New / Promising
13326,2010-10-03,2010-10-03,1,0,281.76,433,1,1,2,112,4,Lost
13679,2009-12-04,2010-08-03,3,0,281.26,494,1,3,2,132,6,At Risk
18042,2010-06-16,2011-10-17,2,0,281.15,54,4,2,2,422,8,New / Promising
12595,2010-07-23,2010-07-23,1,0,281.02,505,1,1,2,112,4,Lost
15772,2010-10-17,2010-10-17,1,0,280.88,419,1,1,2,112,4,Lost
12851,2010-08-19,2011-09-04,2,0,280.76,97,3,2,2,322,7,Hibernating
14433,2010-08-31,2010-08-31,1,0,280.70,466,1,1,2,112,4,Lost
14242,2011-01-18,2011-04-19,2,0,280.55,235,2,2,2,222,6,Hibernating
13581,2010-10-21,2011-02-03,2,0,280.53,310,2,2,2,222,6,Hibernating
17247,2011-11-24,2011-11-24,1,0,280.09,16,5,1,2,512,8,New / Promising
15556,2011-11-15,2011-11-15,1,0,279.77,25,4,1,2,412,7,New / Promising
12515,2010-12-21,2010-12-21,1,0,278.70,354,2,1,2,212,5,Hibernating
16297,2011-03-16,2011-03-16,1,2,278.55,269,2,1,2,212,5,Hibernating
14183,2010-08-15,2010-10-24,2,0,278.34,412,1,2,2,122,5,Lost
14303,2010-10-01,2010-10-28,2,0,277.94,408,2,2,1,221,5,Hibernating
15338,2010-01-31,2010-01-31,1,0,277.93,678,1,1,1,111,3,Lost
16890,2010-05-06,2010-08-20,3,0,277.91,477,1,3,1,131,5,At Risk
16543,2010-04-27,2010-04-27,1,1,277.81,592,1,1,1,111,3,Lost
15355,2011-10-17,2011-11-10,2,0,277.05,30,4,2,1,421,7,New / Promising
13606,2011-02-01,2011-11-10,3,0,276.75,30,4,3,1,431,8,Hibernating
13272,2011-09-11,2011-11-08,2,0,276.56,32,4,2,1,421,7,New / Promising
12750,2011-08-03,2011-08-03,1,0,275.88,129,3,1,1,311,5,Hibernating
13399,2010-07-08,2010-09-01,3,0,275.40,465,1,3,1,131,5,At Risk
16313,2011-10-21,2011-12-06,2,0,274.15,4,5,2,1,521,8,New / Promising
17072,2010-03-24,2010-03-24,1,0,273.35,626,1,1,1,111,3,Lost
13307,2010-04-26,2011-08-11,3,0,273.34,121,3,3,1,331,7,Needs Attention
17355,2010-11-18,2010-11-18,1,0,273.31,387,2,1,1,211,4,Hibernating
17498,2011-09-25,2011-09-25,1,0,272.22,76,3,1,1,311,5,Hibernating
13917,2011-06-01,2011-10-21,2,0,272.04,50,4,2,1,421,7,New / Promising
14816,2011-05-26,2011-05-26,1,0,271.85,198,2,1,1,211,4,Hibernating
17292,2010-05-09,2010-08-24,2,0,271.75,473,1,2,1,121,4,Lost
14436,2010-06-04,2011-09-02,2,0,271.70,99,3,2,1,321,6,Hibernating
13058,2011-07-11,2011-11-15,3,0,271.40,25,4,3,1,431,8,Hibernating
15943,2010-01-31,2010-02-28,2,0,271.29,650,1,2,1,121,4,Lost
17278,2010-05-23,2011-04-12,2,0,271.24,242,2,2,1,221,5,Hibernating
18238,2010-07-12,2010-07-12,1,0,270.92,516,1,1,1,111,3,Lost
14520,2011-02-22,2011-12-08,2,0,270.60,2,5,2,1,521,8,New / Promising
16757,2010-10-26,2011-01-25,2,0,270.48,319,2,2,1,221,5,Hibernating
15609,2011-06-08,2011-06-08,1,1,270.03,185,3,1,1,311,5,Hibernating
13834,2009-12-17,2010-05-12,2,1,269.89,577,1,2,1,121,4,Lost
15964,2010-02-14,2010-02-14,1,0,269.21,664,1,1,1,111,3,Lost
13533,2011-03-17,2011-06-10,3,0,269.09,183,3,3,1,331,7,Needs Attention
17264,2010-10-11,2010-10-11,1,0,268.28,425,1,1,1,111,3,Lost
12751,2010-09-21,2010-09-21,1,0,268.27,445,1,1,1,111,3,Lost
18254,2010-05-07,2010-05-07,1,0,267.90,582,1,1,1,111,3,Lost
14039,2010-05-13,2011-11-06,2,0,267.28,34,4,2,1,421,7,New / Promising
15408,2011-03-20,2011-03-20,1,0,267.18,265,2,1,1,211,4,Hibernating
15320,2011-10-26,2011-10-26,1,0,267.13,45,4,1,1,411,6,New / Promising
15517,2011-04-20,2011-04-20,1,0,267.03,234,2,1,1,211,4,Hibernating
17786,2011-01-26,2011-09-15,2,0,266.85,86,3,2,1,321,6,Hibernating
14863,2011-11-10,2011-11-10,1,0,266.76,30,4,1,1,411,6,New / Promising
13837,2011-01-26,2011-05-12,2,0,266.59,212,2,2,1,221,5,Hibernating
16217,2011-03-02,2011-04-18,2,1,266.45,236,2,2,1,221,5,Hibernating
15119,2011-04-08,2011-04-08,1,0,266.40,246,2,1,1,211,4,Hibernating
14392,2010-10-03,2010-10-03,1,0,266.40,433,1,1,1,111,3,Lost
12962,2011-08-18,2011-12-02,2,0,266.39,8,5,2,1,521,8,New / Promising
13217,2010-02-22,2011-08-09,4,2,266.12,123,3,3,1,331,7,Needs Attention
17636,2011-11-20,2011-11-20,1,1,265.93,20,4,1,1,411,6,New / Promising
16321,2009-12-01,2011-09-28,7,3,265.50,73,3,4,1,341,8,Loyal
13973,2011-02-25,2011-02-25,1,0,264.70,288,2,1,1,211,4,Hibernating
16615,2010-03-23,2010-03-23,1,1,264.50,627,1,1,1,111,3,Lost
16579,2010-10-10,2010-10-10,1,1,264.45,426,1,1,1,111,3,Lost
16334,2010-08-04,2010-08-04,1,0,263.73,493,1,1,1,111,3,Lost
16286,2010-03-26,2010-08-19,2,2,263.65,478,1,2,1,121,4,Lost
13128,2010-03-18,2010-03-18,1,0,263.50,632,1,1,1,111,3,Lost
16089,2010-07-18,2010-11-18,2,0,263.49,387,2,2,1,221,5,Hibernating
12892,2010-11-08,2010-11-08,1,0,263.38,397,2,1,1,211,4,Hibernating
12715,2011-08-25,2011-08-25,1,0,263.36,107,3,1,1,311,5,Hibernating
17808,2010-05-07,2010-06-09,4,0,262.64,549,1,3,1,131,5,At Risk
13331,2010-11-03,2010-11-03,1,0,262.40,402,2,1,1,211,4,Hibernating
17910,2009-12-13,2009-12-13,1,0,261.70,727,1,1,1,111,3,Lost
14957,2010-03-05,2011-03-31,2,0,261.69,254,2,2,1,221,5,Hibernating
14269,2010-09-26,2010-09-26,1,1,261.68,440,1,1,1,111,3,Lost
13080,2010-04-09,2011-06-13,4,1,260.83,180,3,3,1,331,7,Needs Attention
13189,2011-08-16,2011-11-21,2,0,260.68,19,5,2,1,521,8,New / Promising
17901,2010-07-06,2011-11-10,3,0,260.08,30,4,3,1,431,8,Hibernating
17022,2010-10-03,2011-11-08,2,0,260.00,32,4,2,1,421,7,New / Promising
12487,2009-12-09,2009-12-09,1,1,259.80,731,1,1,1,111,3,Lost
16733,2010-06-28,2010-06-28,1,0,259.68,530,1,1,1,111,3,Lost
14149,2011-05-03,2011-05-03,1,2,259.43,221,2,1,1,211,4,Hibernating
17558,2010-11-11,2010-11-11,1,0,259.17,394,2,1,1,211,4,Hibernating
13127,2011-09-23,2011-09-23,1,0,259.17,78,3,1,1,311,5,Hibernating
17219,2010-10-19,2011-11-08,2,0,259.13,32,4,2,1,421,7,New / Promising
15536,2010-10-26,2010-10-26,1,0,259.09,410,1,1,1,111,3,Lost
14526,2010-11-15,2010-11-15,1,0,258.65,390,2,1,1,211,4,Hibernating
13683,2010-09-08,2010-09-08,1,0,258.60,458,1,1,1,111,3,Lost
16502,2010-03-29,2010-03-29,2,0,258.55,621,1,2,1,121,4,Lost
13227,2011-05-22,2011-05-22,1,0,257.70,202,2,1,1,211,4,Hibernating
15014,2011-06-16,2011-10-27,2,0,257.67,44,4,2,1,421,7,New / Promising
15894,2010-12-05,2011-03-31,2,0,257.60,254,2,2,1,221,5,Hibernating
16542,2010-11-03,2011-10-17,2,0,257.32,54,4,2,1,421,7,New / Promising
15503,2009-12-13,2010-12-12,2,0,257.30,363,2,2,1,221,5,Hibernating
15852,2010-07-01,2011-06-06,3,0,257.26,187,2,3,1,231,6,At Risk
15404,2010-11-29,2010-11-29,1,0,257.06,376,2,1,1,211,4,Hibernating
14876,2010-05-27,2010-07-06,2,0,256.70,522,1,2,1,121,4,Lost
14274,2010-01-22,2010-01-22,1,0,256.60,687,1,1,1,111,3,Lost
13806,2011-10-07,2011-10-07,1,0,256.38,64,3,1,1,311,5,Hibernating
17896,2011-11-16,2011-11-16,1,0,256.32,24,4,1,1,411,6,New / Promising
17385,2011-11-25,2011-11-25,1,0,256.11,15,5,1,1,511,7,New / Promising
13825,2009-12-09,2010-03-28,2,0,255.59,622,1,2,1,121,4,Lost
14881,2011-11-20,2011-11-20,1,0,255.40,20,4,1,1,411,6,New / Promising
13121,2011-03-15,2011-03-15,1,1,254.73,270,2,1,1,211,4,Hibernating
14765,2011-06-16,2011-11-10,3,0,254.11,30,4,3,1,431,8,Hibernating
17626,2010-04-16,2010-04-16,1,0,254.00,603,1,1,1,111,3,Lost
13343,2011-06-15,2011-06-15,1,1,253.93,178,3,1,1,311,5,Hibernating
16845,2010-03-31,2010-03-31,1,0,253.88,619,1,1,1,111,3,Lost
17992,2010-11-15,2010-11-15,1,0,252.88,390,2,1,1,211,4,Hibernating
18267,2010-02-05,2010-02-05,1,1,252.87,673,1,1,1,111,3,Lost
15019,2011-03-18,2011-03-18,1,0,252.81,267,2,1,1,211,4,Hibernating
15035,2011-09-11,2011-09-11,1,0,252.73,90,3,1,1,311,5,Hibernating
13251,2010-11-02,2010-11-02,1,0,252.68,403,2,1,1,211,4,Hibernating
15552,2010-03-26,2011-05-06,2,0,252.52,218,2,2,1,221,5,Hibernating
16074,2010-11-14,2010-11-14,1,0,252.50,391,2,1,1,211,4,Hibernating
13404,2011-05-11,2011-12-08,2,0,252.49,2,5,2,1,521,8,New / Promising
13645,2011-08-11,2011-08-11,1,0,252.10,121,3,1,1,311,5,Hibernating
17210,2010-11-12,2010-11-12,1,0,251.72,393,2,1,1,211,4,Hibernating
16453,2010-06-09,2010-06-27,2,0,251.71,531,1,2,1,121,4,Lost
16976,2011-03-17,2011-03-17,1,0,251.52,268,2,1,1,211,4,Hibernating
16911,2010-02-16,2010-03-14,2,1,251.35,636,1,2,1,121,4,Lost
13861,2010-06-27,2010-10-06,2,1,251.31,430,1,2,1,121,4,Lost
14166,2010-03-23,2010-07-22,2,0,251.15,506,1,2,1,121,4,Lost
18266,2010-10-01,2010-10-01,1,0,251.10,435,1,1,1,111,3,Lost
16962,2010-10-26,2010-10-26,1,0,251.04,410,1,1,1,111,3,Lost
14764,2011-10-24,2011-10-24,1,1,250.55,47,4,1,1,411,6,New / Promising
17303,2010-12-13,2010-12-13,1,0,250.04,362,2,1,1,211,4,Hibernating
15510,2011-01-13,2011-01-13,1,0,250.00,331,2,1,1,211,4,Hibernating
16893,2010-11-28,2010-12-08,2,0,249.47,367,2,2,1,221,5,Hibernating
14483,2009-12-03,2011-03-03,2,1,249.20,282,2,2,1,221,5,Hibernating
13061,2011-09-28,2011-09-28,1,0,248.61,73,3,1,1,311,5,Hibernating
13592,2011-03-20,2011-11-04,4,0,247.96,36,4,3,1,431,8,Hibernating
16381,2010-10-17,2010-11-09,2,0,247.85,396,2,2,1,221,5,Hibernating
15293,2010-02-12,2010-02-12,1,0,247.50,666,1,1,1,111,3,Lost
12665,2010-02-08,2011-01-19,3,2,247.45,325,2,3,1,231,6,At Risk
14658,2011-08-14,2011-12-04,2,0,247.15,6,5,2,1,521,8,New / Promising
14654,2009-12-01,2009-12-01,1,0,246.86,739,1,1,1,111,3,Lost
15697,2010-01-19,2010-01-19,1,0,246.75,690,1,1,1,111,3,Lost
13943,2010-05-11,2010-05-11,1,0,246.54,578,1,1,1,111,3,Lost
15495,2010-11-25,2010-11-25,1,0,246.50,380,2,1,1,211,4,Hibernating
15378,2010-07-26,2010-09-03,2,0,246.50,463,1,2,1,121,4,Lost
15783,2011-11-29,2011-11-29,1,0,246.30,11,5,1,1,511,7,New / Promising
18153,2010-02-18,2010-02-18,1,0,246.22,660,1,1,1,111,3,Lost
16778,2011-03-10,2011-09-26,2,0,245.94,75,3,2,1,321,6,Hibernating
13250,2010-07-25,2010-09-05,2,1,245.59,461,1,2,1,121,4,Lost
14325,2010-05-19,2010-05-19,1,0,245.48,570,1,1,1,111,3,Lost
14281,2010-10-27,2010-10-27,1,0,245.15,409,1,1,1,111,3,Lost
15118,2011-07-28,2011-07-28,1,0,244.80,135,3,1,1,311,5,Hibernating
13511,2010-02-01,2010-02-01,1,1,244.61,677,1,1,1,111,3,Lost
15884,2009-12-03,2010-10-03,2,0,244.60,433,1,2,1,121,4,Lost
13905,2009-12-07,2009-12-07,1,2,244.45,733,1,1,1,111,3,Lost
16528,2011-12-06,2011-12-06,1,0,244.41,4,5,1,1,511,7,New / Promising
14694,2010-04-01,2010-04-01,1,0,244.31,618,1,1,1,111,3,Lost
13551,2010-02-11,2011-01-24,2,0,244.20,320,2,2,1,221,5,Hibernating
17892,2011-07-07,2011-10-14,3,0,244.10,57,4,3,1,431,8,Hibernating
17925,2010-12-02,2010-12-02,1,0,244.08,373,2,1,1,211,4,Hibernating
16793,2011-10-13,2011-10-13,1,0,243.84,58,4,1,1,411,6,New / Promising
13886,2011-09-29,2011-09-29,1,0,243.56,72,3,1,1,311,5,Hibernating
12495,2010-03-09,2010-03-09,1,1,243.40,641,1,1,1,111,3,Lost
17339,2010-07-18,2011-09-06,3,1,243.36,95,3,3,1,331,7,Needs Attention
12655,2010-10-12,2010-10-12,1,0,243.35,424,1,1,1,111,3,Lost
12650,2011-12-06,2011-12-06,1,0,242.44,4,5,1,1,511,7,New / Promising
16215,2011-09-20,2011-09-20,1,0,242.35,81,3,1,1,311,5,Hibernating
15543,2010-09-06,2011-02-24,2,0,242.26,289,2,2,1,221,5,Hibernating
17009,2010-06-06,2010-06-06,1,0,242.06,552,1,1,1,111,3,Lost
13445,2010-03-23,2010-03-23,1,0,241.90,627,1,1,1,111,3,Lost
13582,2010-04-01,2010-11-15,2,0,241.68,390,2,2,1,221,5,Hibernating
15776,2011-07-29,2011-07-29,1,0,241.62,134,3,1,1,311,5,Hibernating
15162,2009-12-08,2009-12-08,1,1,241.50,732,1,1,1,111,3,Lost
14774,2010-06-29,2010-06-29,1,0,241.45,529,1,1,1,111,3,Lost
14523,2011-08-23,2011-08-23,1,0,241.09,109,3,1,1,311,5,Hibernating
16427,2011-02-28,2011-03-21,2,0,241.06,264,2,2,1,221,5,Hibernating
16508,2010-03-19,2010-03-19,1,0,240.95,631,1,1,1,111,3,Lost
15286,2011-10-21,2011-10-21,1,0,240.55,50,4,1,1,411,6,New / Promising
15336,2010-11-03,2010-11-03,1,0,240.50,402,2,1,1,211,4,Hibernating
15931,2010-10-07,2010-10-07,1,0,239.90,429,1,1,1,111,3,Lost
15690,2011-08-31,2011-12-05,2,0,239.76,5,5,2,1,521,8,New / Promising
13570,2011-04-10,2011-04-10,1,0,239.49,244,2,1,1,211,4,Hibernating
13789,2010-11-16,2010-11-16,1,0,239.46,389,2,1,1,211,4,Hibernating
17684,2011-10-27,2011-10-27,1,0,239.41,44,4,1,1,411,6,New / Promising
14777,2010-11-01,2010-11-01,1,3,239.26,404,2,1,1,211,4,Hibernating
17981,2010-10-25,2010-10-25,1,0,239.12,411,1,1,1,111,3,Lost
13275,2010-03-17,2010-11-21,2,0,238.86,384,2,2,1,221,5,Hibernating
12561,2011-02-10,2011-02-10,1,0,238.85,303,2,1,1,211,4,Hibernating
16280,2009-12-14,2009-12-14,1,0,238.05,726,1,1,1,111,3,Lost
18002,2009-12-08,2010-11-29,4,0,237.62,376,2,3,1,231,6,At Risk
17877,2011-06-22,2011-06-22,1,0,237.61,171,3,1,1,311,5,Hibernating
15457,2011-03-22,2011-03-22,1,0,237.07,263,2,1,1,211,4,Hibernating
18024,2011-07-10,2011-07-10,2,1,236.78,153,3,2,1,321,6,Hibernating
12604,2011-03-23,2011-09-21,2,0,236.18,80,3,2,1,321,6,Hibernating
13088,2010-10-18,2010-10-18,1,0,236.11,418,1,1,1,111,3,Lost
16026,2011-10-27,2011-10-27,1,0,236.09,44,4,1,1,411,6,New / Promising
12741,2010-06-24,2010-06-24,1,0,236.07,534,1,1,1,111,3,Lost
17093,2010-04-26,2010-04-26,1,0,235.88,593,1,1,1,111,3,Lost
17872,2010-11-23,2010-11-23,1,0,235.87,382,2,1,1,211,4,Hibernating
16046,2010-05-26,2010-05-26,1,0,235.78,563,1,1,1,111,3,Lost
14982,2010-05-16,2010-05-16,1,0,234.88,573,1,1,1,111,3,Lost
12392,2010-04-27,2010-04-27,1,0,234.75,592,1,1,1,111,3,Lost
13114,2009-12-09,2009-12-09,1,0,234.38,731,1,1,1,111,3,Lost
14473,2011-03-02,2011-09-26,2,0,234.34,75,3,2,1,321,6,Hibernating
17060,2011-03-18,2011-03-18,1,0,234.24,267,2,1,1,211,4,Hibernating
13009,2010-02-05,2010-02-05,1,0,234.00,673,1,1,1,111,3,Lost
13348,2011-10-06,2011-10-06,1,0,233.76,65,3,1,1,311,5,Hibernating
13672,2009-12-09,2011-02-11,3,3,233.53,302,2,3,1,231,6,At Risk
14153,2010-08-13,2010-08-13,1,0,233.40,484,1,1,1,111,3,Lost
13129,2010-06-28,2010-09-13,2,0,233.25,453,1,2,1,121,4,Lost
17055,2010-09-20,2010-09-20,1,0,232.85,446,1,1,1,111,3,Lost
13678,2011-07-11,2011-07-11,1,0,232.60,152,3,1,1,311,5,Hibernating
18213,2011-04-17,2011-04-17,1,0,232.48,237,2,1,1,211,4,Hibernating
13608,2010-06-17,2010-06-17,1,0,232.05,541,1,1,1,111,3,Lost
14995,2011-03-04,2011-11-01,2,0,231.98,39,4,2,1,421,7,New / Promising
16408,2010-04-27,2010-04-27,1,0,231.93,592,1,1,1,111,3,Lost
17151,2009-12-04,2009-12-04,1,0,231.90,736,1,1,1,111,3,Lost
16436,2009-12-06,2010-02-09,3,1,231.84,669,1,3,1,131,5,At Risk
17136,2010-02-15,2010-02-15,1,0,231.68,663,1,1,1,111,3,Lost
18279,2010-07-08,2010-07-08,1,0,231.34,520,1,1,1,111,3,Lost
15487,2010-01-29,2010-01-29,1,0,231.32,680,1,1,1,111,3,Lost
12746,2009-12-08,2010-06-17,1,2,230.85,541,1,1,1,111,3,Lost
15941,2010-03-12,2010-03-12,1,1,230.60,638,1,1,1,111,3,Lost
17125,2011-10-20,2011-10-20,1,0,230.50,51,4,1,1,411,6,New / Promising
13960,2011-09-29,2011-11-18,2,0,230.22,22,4,2,1,421,7,New / Promising
12807,2010-11-18,2010-11-21,1,1,229.95,384,2,1,1,211,4,Hibernating
14017,2010-05-17,2010-05-17,1,0,229.75,572,1,1,1,111,3,Lost
12812,2011-10-26,2011-10-26,1,0,229.64,45,4,1,1,411,6,New / Promising
13403,2009-12-16,2011-11-22,3,0,229.50,18,5,3,1,531,9,Hibernating
17185,2010-04-20,2010-04-27,3,0,229.46,592,1,3,1,131,5,At Risk
15528,2011-03-30,2011-03-30,1,0,229.33,255,2,1,1,211,4,Hibernating
17347,2011-09-14,2011-09-14,1,0,228.96,87,3,1,1,311,5,Hibernating
15273,2010-04-19,2010-04-19,1,0,228.96,600,1,1,1,111,3,Lost
13146,2011-11-13,2011-11-13,1,0,228.91,27,4,1,1,411,6,New / Promising
15231,2010-03-28,2010-03-28,1,1,228.36,622,1,1,1,111,3,Lost
17066,2009-12-13,2009-12-13,1,0,228.34,727,1,1,1,111,3,Lost
16760,2010-10-05,2010-10-05,1,0,228.00,431,1,1,1,111,3,Lost
15566,2009-12-15,2010-11-12,2,0,227.87,393,2,2,1,221,5,Hibernating
14363,2010-09-14,2010-11-02,2,0,227.47,403,2,2,1,221,5,Hibernating
17868,2010-11-18,2010-11-18,1,0,227.15,387,2,1,1,211,4,Hibernating
17617,2010-05-18,2010-05-30,1,1,227.14,559,1,1,1,111,3,Lost
12660,2011-11-28,2011-11-28,1,0,227.10,12,5,1,1,511,7,New / Promising
16740,2010-11-09,2010-11-09,1,0,226.91,396,2,1,1,211,4,Hibernating
15451,2010-04-19,2010-10-01,2,0,226.86,435,1,2,1,121,4,Lost
18005,2011-10-23,2011-12-06,2,0,226.47,4,5,2,1,521,8,New / Promising
14718,2010-10-25,2010-10-25,1,0,226.42,411,1,1,1,111,3,Lost
17993,2010-04-01,2010-04-01,1,0,225.99,618,1,1,1,111,3,Lost
14069,2010-05-27,2010-07-13,2,0,225.81,515,1,2,1,121,4,Lost
17915,2010-06-06,2010-06-06,1,0,225.78,552,1,1,1,111,3,Lost
12789,2010-01-15,2011-10-05,3,0,225.35,66,3,3,1,331,7,Needs Attention
16587,2011-04-21,2011-04-21,1,0,225.15,233,2,1,1,211,4,Hibernating
14357,2011-10-27,2011-10-27,1,0,225.12,44,4,1,1,411,6,New / Promising
16346,2010-11-19,2010-11-19,1,0,224.51,386,2,1,1,211,4,Hibernating
15175,2011-09-29,2011-09-29,1,0,224.14,72,3,1,1,311,5,Hibernating
12914,2010-11-04,2010-11-04,1,0,223.98,401,2,1,1,211,4,Hibernating
16753,2011-10-12,2011-10-12,1,0,223.92,59,3,1,1,311,5,Hibernating
16562,2010-08-20,2010-08-20,1,0,223.86,477,1,1,1,111,3,Lost
13926,2011-11-16,2011-11-16,1,0,223.85,24,4,1,1,411,6,New / Promising
13619,2010-02-03,2010-06-13,2,0,223.44,545,1,2,1,121,4,Lost
17967,2010-10-19,2010-12-03,2,0,223.42,372,2,2,1,221,5,Hibernating
18131,2010-03-18,2010-03-18,1,0,222.96,632,1,1,1,111,3,Lost
12887,2010-11-21,2010-11-21,1,0,222.40,384,2,1,1,211,4,Hibernating
15294,2010-10-25,2010-10-25,1,1,222.30,411,1,1,1,111,3,Lost
14596,2010-03-23,2010-03-23,1,0,222.22,627,1,1,1,111,3,Lost
14598,2010-05-19,2011-10-26,2,1,221.97,45,4,2,1,421,7,New / Promising
14314,2010-10-05,2011-08-25,2,1,221.90,107,3,2,1,321,6,Hibernating
14445,2010-09-10,2010-09-10,1,0,221.65,456,1,1,1,111,3,Lost
17261,2010-07-18,2010-07-18,1,0,221.59,510,1,1,1,111,3,Lost
17087,2009-12-02,2009-12-02,1,0,221.53,738,1,1,1,111,3,Lost
18197,2010-05-13,2010-05-13,1,1,221.40,576,1,1,1,111,3,Lost
14960,2011-06-21,2011-12-01,2,0,221.27,9,5,2,1,521,8,New / Promising
12563,2010-10-27,2010-10-27,1,0,221.24,409,1,1,1,111,3,Lost
13419,2011-10-07,2011-10-07,1,0,221.06,64,3,1,1,311,5,Hibernating
12821,2010-04-07,2011-05-09,2,0,220.80,215,2,2,1,221,5,Hibernating
18030,2011-10-28,2011-12-05,2,1,220.70,5,5,2,1,521,8,New / Promising
16482,2011-11-24,2011-11-24,1,0,220.62,16,5,1,1,511,7,New / Promising
13033,2010-10-06,2010-12-17,2,0,220.55,358,2,2,1,221,5,Hibernating
18132,2010-07-23,2010-07-23,1,0,220.13,505,1,1,1,111,3,Lost
18114,2011-02-22,2011-02-22,1,0,220.10,291,2,1,1,211,4,Hibernating
13454,2010-03-08,2010-03-08,1,0,219.87,642,1,1,1,111,3,Lost
13992,2010-09-02,2011-11-09,3,0,219.50,31,4,3,1,431,8,Hibernating
14074,2010-03-26,2010-03-26,1,0,219.40,624,1,1,1,111,3,Lost
15096,2011-10-28,2011-10-28,1,0,219.39,43,4,1,1,411,6,New / Promising
12799,2010-06-28,2010-06-28,1,0,219.35,530,1,1,1,111,3,Lost
14458,2010-11-24,2010-11-24,1,0,219.27,381,2,1,1,211,4,Hibernating
15423,2010-03-28,2011-11-01,3,1,219.14,39,4,3,1,431,8,Hibernating
15790,2011-11-29,2011-11-29,1,0,218.75,11,5,1,1,511,7,New / Promising
15086,2010-03-24,2010-05-24,2,0,218.53,565,1,2,1,121,4,Lost
12732,2011-06-13,2011-06-13,1,0,218.26,180,3,1,1,311,5,Hibernating
15591,2010-02-04,2010-05-06,3,0,217.90,583,1,3,1,131,5,At Risk
16035,2010-05-28,2010-05-28,1,0,217.73,561,1,1,1,111,3,Lost
16666,2010-03-28,2011-11-20,2,0,217.71,20,4,2,1,421,7,New / Promising
15554,2011-03-07,2011-03-07,1,0,217.20,278,2,1,1,211,4,Hibernating
13423,2010-10-07,2010-10-07,1,0,217.03,429,1,1,1,111,3,Lost
15401,2010-05-20,2010-09-13,2,0,216.95,453,1,2,1,121,4,Lost
18021,2010-07-15,2010-07-18,2,0,216.41,510,1,2,1,121,4,Lost
12430,2011-10-27,2011-10-27,1,0,216.40,44,4,1,1,411,6,New / Promising
17902,2010-06-11,2010-06-11,1,0,216.40,547,1,1,1,111,3,Lost
15604,2011-10-18,2011-10-18,1,0,216.39,53,4,1,1,411,6,New / Promising
13858,2011-10-13,2011-10-13,1,0,216.17,58,4,1,1,411,6,New / Promising
13674,2010-10-03,2010-10-03,1,1,215.88,433,1,1,1,111,3,Lost
16179,2011-10-10,2011-10-10,1,0,215.83,61,3,1,1,311,5,Hibernating
15788,2010-07-19,2010-07-19,1,1,215.53,509,1,1,1,111,3,Lost
16189,2011-09-15,2011-11-24,2,0,215.48,16,5,2,1,521,8,New / Promising
14376,2010-01-25,2010-01-25,1,0,215.46,684,1,1,1,111,3,Lost
18007,2010-11-12,2010-11-12,1,0,215.22,393,2,1,1,211,4,Hibernating
14635,2010-09-12,2010-09-12,1,0,215.22,454,1,1,1,111,3,Lost
16338,2011-07-05,2011-07-05,1,0,214.80,158,3,1,1,311,5,Hibernating
14106,2009-12-02,2009-12-02,1,0,214.80,738,1,1,1,111,3,Lost
14361,2010-05-10,2010-05-10,1,0,214.71,579,1,1,1,111,3,Lost
17619,2011-01-31,2011-01-31,1,0,214.37,313,2,1,1,211,4,Hibernating
15460,2010-12-20,2010-12-20,1,0,214.26,355,2,1,1,211,4,Hibernating
14271,2010-10-26,2011-04-28,2,0,214.18,226,2,2,1,221,5,Hibernating
14601,2011-11-29,2011-11-29,1,0,213.96,11,5,1,1,511,7,New / Promising
18157,2010-05-17,2010-05-17,1,0,213.90,572,1,1,1,111,3,Lost
13621,2011-08-15,2011-08-15,1,0,213.85,117,3,1,1,311,5,Hibernating
17153,2011-11-15,2011-11-15,1,0,213.78,25,4,1,1,411,6,New / Promising
13369,2010-12-09,2010-12-09,1,1,213.75,366,2,1,1,211,4,Hibernating
13411,2011-08-24,2011-08-24,1,0,213.55,108,3,1,1,311,5,Hibernating
16591,2011-10-02,2011-10-02,1,0,213.50,69,3,1,1,311,5,Hibernating
16897,2011-01-30,2011-02-13,2,1,213.03,300,2,2,1,221,5,Hibernating
13724,2010-03-12,2010-03-12,1,0,213.01,638,1,1,1,111,3,Lost
16302,2011-08-05,2011-08-05,1,1,212.82,127,3,1,1,311,5,Hibernating
12961,2010-11-25,2010-11-25,1,0,211.99,380,2,1,1,211,4,Hibernating
12470,2010-01-19,2010-01-19,1,0,211.95,690,1,1,1,111,3,Lost
15866,2011-08-30,2011-08-30,1,0,211.89,102,3,1,1,311,5,Hibernating
14843,2010-09-29,2010-09-29,1,0,211.80,437,1,1,1,111,3,Lost
15703,2011-03-20,2011-03-20,1,0,211.50,265,2,1,1,211,4,Hibernating
13691,2010-11-08,2010-11-08,1,0,210.78,397,2,1,1,211,4,Hibernating
14992,2010-09-23,2010-09-23,1,0,210.50,443,1,1,1,111,3,Lost
13532,2011-11-06,2011-11-06,1,0,210.31,34,4,1,1,411,6,New / Promising
17217,2010-03-30,2011-04-19,2,0,210.10,235,2,2,1,221,5,Hibernating
16874,2010-11-25,2010-11-25,1,0,209.89,380,2,1,1,211,4,Hibernating
17484,2010-03-25,2010-05-12,2,0,209.57,577,1,2,1,121,4,Lost
13828,2011-11-17,2011-11-17,1,0,209.49,23,4,1,1,411,6,New / Promising
13056,2010-06-06,2010-06-06,1,0,209.48,552,1,1,1,111,3,Lost
14003,2009-12-07,2009-12-07,1,0,209.41,733,1,1,1,111,3,Lost
16487,2010-02-18,2010-05-11,2,0,209.40,578,1,2,1,121,4,Lost
15112,2010-04-07,2010-04-07,1,0,209.40,612,1,1,1,111,3,Lost
17855,2010-12-02,2010-12-02,1,0,208.97,373,2,1,1,211,4,Hibernating
17743,2010-09-17,2010-09-17,1,1,208.85,449,1,1,1,111,3,Lost
15327,2011-10-18,2011-10-18,1,0,208.75,53,4,1,1,411,6,New / Promising
15741,2010-03-31,2010-09-07,2,0,208.62,459,1,2,1,121,4,Lost
15897,2011-05-29,2011-05-29,2,0,208.59,195,2,2,1,221,5,Hibernating
16457,2011-05-05,2011-05-05,1,0,208.36,219,2,1,1,211,4,Hibernating
12848,2010-02-02,2010-02-02,1,0,208.00,676,1,1,1,111,3,Lost
16964,2009-12-06,2009-12-06,2,0,207.85,734,1,2,1,121,4,Lost
16866,2011-07-01,2011-07-22,3,0,207.74,141,3,3,1,331,7,Needs Attention
15052,2011-01-24,2011-01-24,1,0,207.73,320,2,1,1,211,4,Hibernating
16752,2010-12-02,2010-12-02,1,0,207.50,373,2,1,1,211,4,Hibernating
13099,2011-09-01,2011-09-01,1,0,207.36,100,3,1,1,311,5,Hibernating
17989,2010-11-25,2010-11-25,1,0,207.33,380,2,1,1,211,4,Hibernating
15925,2011-05-29,2011-05-29,1,0,207.15,195,2,1,1,211,4,Hibernating
15295,2010-02-23,2010-02-23,1,0,207.04,655,1,1,1,111,3,Lost
15820,2011-01-24,2011-01-24,1,0,206.98,320,2,1,1,211,4,Hibernating
12771,2010-08-11,2010-08-11,1,1,206.50,486,1,1,1,111,3,Lost
14964,2011-04-06,2011-04-06,1,0,206.21,248,2,1,1,211,4,Hibernating
15914,2010-11-26,2010-11-26,2,0,205.99,379,2,2,1,221,5,Hibernating
14278,2010-10-26,2010-10-26,1,0,205.83,410,1,1,1,111,3,Lost
16540,2010-10-21,2010-10-21,1,0,205.75,415,1,1,1,111,3,Lost
17670,2011-04-26,2011-04-26,1,0,205.70,228,2,1,1,211,4,Hibernating
16622,2010-06-14,2010-06-14,1,1,205.60,544,1,1,1,111,3,Lost
14602,2010-02-21,2010-02-21,1,0,205.36,657,1,1,1,111,3,Lost
15307,2011-09-05,2011-09-05,1,0,205.30,96,3,1,1,311,5,Hibernating
15758,2011-11-15,2011-11-15,1,0,205.25,25,4,1,1,411,6,New / Promising
12400,2010-10-21,2010-10-21,1,0,205.25,415,1,1,1,111,3,Lost
15319,2011-03-01,2011-03-01,1,0,204.50,284,2,1,1,211,4,Hibernating
14928,2010-03-22,2010-03-22,1,1,204.46,628,1,1,1,111,3,Lost
17271,2009-12-03,2009-12-03,1,0,204.30,737,1,1,1,111,3,Lost
16901,2009-12-10,2009-12-10,1,0,204.26,730,1,1,1,111,3,Lost
17206,2011-10-17,2011-10-17,1,0,204.24,54,4,1,1,411,6,New / Promising
14468,2009-12-06,2009-12-06,1,0,204.24,734,1,1,1,111,3,Lost
13017,2011-12-02,2011-12-02,1,0,204.00,8,5,1,1,511,7,New / Promising
17394,2011-05-04,2011-05-04,1,0,203.87,220,2,1,1,211,4,Hibernating
17891,2011-06-30,2011-06-30,1,0,203.86,163,3,1,1,311,5,Hibernating
14519,2009-12-11,2010-01-25,2,0,203.14,684,1,2,1,121,4,Lost
17074,2010-05-26,2010-05-26,1,0,203.05,563,1,1,1,111,3,Lost
15459,2010-07-30,2010-10-18,2,0,202.83,418,1,2,1,121,4,Lost
18169,2011-10-10,2011-10-10,1,0,202.65,61,3,1,1,311,5,Hibernating
12416,2010-02-21,2010-02-21,1,0,202.56,657,1,1,1,111,3,Lost
14892,2010-01-18,2010-01-18,1,0,202.35,691,1,1,1,111,3,Lost
12718,2011-09-29,2011-09-29,1,0,202.25,72,3,1,1,311,5,Hibernating
14385,2011-11-16,2011-11-30,3,0,202.11,10,5,3,1,531,9,Hibernating
18281,2010-05-11,2011-06-12,2,0,201.14,181,3,2,1,321,6,Hibernating
12702,2011-11-20,2011-11-20,1,0,201.00,20,4,1,1,411,6,New / Promising
13556,2010-09-30,2010-10-06,2,0,200.82,430,1,2,1,121,4,Lost
12995,2011-09-15,2011-09-15,1,1,200.72,86,3,1,1,311,5,Hibernating
14330,2010-03-26,2010-03-26,1,0,200.63,624,1,1,1,111,3,Lost
13133,2010-09-06,2011-03-11,3,0,200.45,274,2,3,1,231,6,At Risk
13944,2010-02-24,2010-02-24,1,0,200.43,654,1,1,1,111,3,Lost
14782,2011-01-24,2011-01-24,1,0,200.10,320,2,1,1,211,4,Hibernating
15593,2011-09-30,2011-09-30,1,0,199.80,71,3,1,1,311,5,Hibernating
13322,2011-11-22,2011-11-22,1,0,199.48,18,5,1,1,511,7,New / Promising
18126,2011-10-10,2011-10-10,1,0,198.58,61,3,1,1,311,5,Hibernating
15020,2010-11-25,2010-11-25,1,0,198.47,380,2,1,1,211,4,Hibernating
17184,2009-12-09,2010-05-19,2,0,198.41,570,1,2,1,121,4,Lost
17778,2010-02-16,2010-02-16,1,0,197.70,662,1,1,1,111,3,Lost
14185,2011-01-12,2011-01-12,1,0,197.65,332,2,1,1,211,4,Hibernating
14789,2011-11-11,2011-11-11,1,0,197.64,29,4,1,1,411,6,New / Promising
17112,2010-07-25,2010-07-25,1,0,197.57,503,1,1,1,111,3,Lost
13349,2011-11-29,2011-11-29,1,0,197.32,11,5,1,1,511,7,New / Promising
12927,2010-11-10,2010-11-10,1,0,197.31,395,2,1,1,211,4,Hibernating
15001,2010-11-10,2010-11-10,2,0,197.11,395,2,2,1,221,5,Hibernating
15234,2011-03-08,2011-03-08,1,0,197.00,277,2,1,1,211,4,Hibernating
13436,2011-12-08,2011-12-08,1,0,196.89,2,5,1,1,511,7,New / Promising
13978,2011-10-25,2011-11-25,2,0,196.79,15,5,2,1,521,8,New / Promising
16937,2010-07-28,2010-07-28,1,0,196.25,500,1,1,1,111,3,Lost
13284,2011-01-13,2011-01-13,1,1,196.15,331,2,1,1,211,4,Hibernating
16112,2011-01-05,2011-07-19,4,0,195.74,144,3,3,1,331,7,Needs Attention
13757,2010-02-03,2010-02-03,1,0,195.55,675,1,1,1,111,3,Lost
15212,2010-11-28,2011-04-12,2,1,195.43,242,2,2,1,221,5,Hibernating
15612,2011-10-09,2011-11-03,2,0,195.15,37,4,2,1,421,7,New / Promising
14405,2010-11-18,2010-11-18,1,0,195.00,387,2,1,1,211,4,Hibernating
17468,2010-11-29,2011-11-29,3,0,194.80,11,5,3,1,531,9,Hibernating
17065,2010-03-12,2010-03-12,2,0,194.70,638,1,2,1,121,4,Lost
17475,2011-09-21,2011-09-21,1,0,194.37,80,3,1,1,311,5,Hibernating
13651,2010-11-23,2011-10-31,2,1,193.95,40,4,2,1,421,7,New / Promising
14476,2011-03-27,2011-03-27,1,0,193.00,258,2,1,1,211,4,Hibernating
16965,2011-04-27,2011-04-27,1,0,192.07,227,2,1,1,211,4,Hibernating
18028,2010-05-05,2010-05-05,1,0,192.05,584,1,1,1,111,3,Lost
14100,2011-07-25,2011-07-25,1,0,191.95,138,3,1,1,311,5,Hibernating
15909,2011-06-19,2011-06-19,1,0,191.94,174,3,1,1,311,5,Hibernating
16695,2010-05-27,2010-05-27,2,0,191.90,562,1,2,1,121,4,Lost
14279,2010-01-27,2010-07-07,2,0,191.86,521,1,2,1,121,4,Lost
15692,2011-11-11,2011-11-11,1,0,191.04,29,4,1,1,411,6,New / Promising
14728,2010-10-22,2010-10-22,1,0,190.58,414,1,1,1,111,3,Lost
15688,2010-10-17,2010-10-17,1,0,190.57,419,1,1,1,111,3,Lost
15412,2011-06-21,2011-06-21,1,0,190.53,172,3,1,1,311,5,Hibernating
14617,2010-10-20,2010-11-02,2,0,190.47,403,2,2,1,221,5,Hibernating
13766,2010-08-01,2010-08-01,1,0,190.35,496,1,1,1,111,3,Lost
14501,2011-01-24,2011-06-09,2,1,190.31,184,3,2,1,321,6,Hibernating
13972,2011-05-22,2011-09-30,2,0,190.25,71,3,2,1,321,6,Hibernating
17257,2010-09-29,2010-09-29,2,0,189.78,437,1,2,1,121,4,Lost
18046,2010-02-28,2010-02-28,1,0,189.63,650,1,1,1,111,3,Lost
17166,2011-05-20,2011-11-01,2,1,189.49,39,4,2,1,421,7,New / Promising
14801,2011-10-09,2011-10-09,1,0,189.34,62,3,1,1,311,5,Hibernating
16277,2009-12-06,2009-12-06,1,0,188.69,734,1,1,1,111,3,Lost
14697,2011-05-05,2011-05-05,2,0,188.61,219,2,2,1,221,5,Hibernating
17283,2010-11-26,2010-11-26,1,0,188.46,379,2,1,1,211,4,Hibernating
16051,2010-01-27,2010-01-27,1,0,188.44,682,1,1,1,111,3,Lost
13063,2010-08-16,2010-08-16,1,0,188.40,481,1,1,1,111,3,Lost
14830,2011-10-17,2011-10-17,1,0,188.03,54,4,1,1,411,6,New / Promising
17781,2011-03-31,2011-07-03,2,0,188.02,160,3,2,1,321,6,Hibernating
17279,2011-10-13,2011-10-13,1,0,187.83,58,4,1,1,411,6,New / Promising
15954,2010-04-29,2010-04-29,1,0,187.80,590,1,1,1,111,3,Lost
15072,2010-08-17,2010-08-17,1,0,187.52,480,1,1,1,111,3,Lost
18013,2011-07-07,2011-07-07,2,0,187.29,156,3,2,1,321,6,Hibernating
13568,2011-06-19,2011-06-19,1,0,187.05,174,3,1,1,311,5,Hibernating
17693,2011-07-25,2011-07-25,1,2,187.02,138,3,1,1,311,5,Hibernating
16267,2010-04-27,2010-04-27,1,0,186.66,592,1,1,1,111,3,Lost
18063,2010-03-16,2010-11-14,2,0,186.60,391,2,2,1,221,5,Hibernating
17215,2010-09-01,2010-09-01,1,0,186.15,465,1,1,1,111,3,Lost
16388,2010-02-24,2010-02-24,1,0,186.05,654,1,1,1,111,3,Lost
15567,2011-11-21,2011-11-21,1,0,186.01,19,5,1,1,511,7,New / Promising
17574,2011-04-11,2011-04-11,1,0,185.65,243,2,1,1,211,4,Hibernating
17010,2011-11-21,2011-11-21,1,1,185.46,19,5,1,1,511,7,New / Promising
14879,2010-01-24,2010-01-24,1,0,185.06,685,1,1,1,111,3,Lost
16097,2011-04-13,2011-04-13,1,0,185.05,241,2,1,1,211,4,Hibernating
14677,2010-04-26,2010-04-26,1,0,184.91,593,1,1,1,111,3,Lost
17803,2010-11-12,2010-11-12,1,0,184.66,393,2,1,1,211,4,Hibernating
16914,2011-11-03,2011-11-03,1,0,183.76,37,4,1,1,411,6,New / Promising
14059,2011-03-18,2011-03-18,1,0,183.60,267,2,1,1,211,4,Hibernating
13460,2011-10-21,2011-11-10,2,0,183.44,30,4,2,1,421,7,New / Promising
14983,2010-01-19,2010-01-19,1,0,183.20,690,1,1,1,111,3,Lost
15746,2011-07-28,2011-07-28,1,1,182.96,135,3,1,1,311,5,Hibernating
16819,2010-08-31,2010-08-31,2,0,182.59,466,1,2,1,121,4,Lost
12574,2011-01-28,2011-01-28,1,0,182.45,316,2,1,1,211,4,Hibernating
14941,2010-05-10,2010-05-10,1,0,182.10,579,1,1,1,111,3,Lost
13387,2010-10-18,2010-10-18,1,0,181.84,418,1,1,1,111,3,Lost
12934,2009-12-03,2009-12-03,1,0,181.65,737,1,1,1,111,3,Lost
15490,2010-10-05,2010-10-05,1,1,181.35,431,1,1,1,111,3,Lost
16594,2011-09-25,2011-09-25,1,0,181.09,76,3,1,1,311,5,Hibernating
14858,2010-07-22,2010-07-22,1,0,180.75,506,1,1,1,111,3,Lost
18119,2010-12-07,2010-12-07,1,0,180.70,368,2,1,1,211,4,Hibernating
16090,2010-03-25,2010-03-25,1,0,180.56,625,1,1,1,111,3,Lost
14666,2011-11-15,2011-11-15,1,0,179.95,25,4,1,1,411,6,New / Promising
12581,2011-10-31,2011-10-31,1,0,179.71,40,4,1,1,411,6,New / Promising
18234,2010-06-06,2010-06-06,1,0,179.60,552,1,1,1,111,3,Lost
13826,2011-06-16,2011-06-16,1,1,179.55,177,3,1,1,311,5,Hibernating
14945,2010-10-22,2010-10-22,1,0,179.40,414,1,1,1,111,3,Lost
16640,2010-11-07,2010-11-07,1,0,179.40,398,2,1,1,211,4,Hibernating
18147,2011-08-23,2011-10-25,2,0,179.34,46,4,2,1,421,7,New / Promising
15895,2011-07-13,2011-07-13,1,0,179.17,150,3,1,1,311,5,Hibernating
16490,2010-09-29,2010-09-29,1,1,179.16,437,1,1,1,111,3,Lost
14705,2011-05-25,2011-05-25,1,0,179.00,199,2,1,1,211,4,Hibernating
15209,2009-12-09,2009-12-09,1,0,178.98,731,1,1,1,111,3,Lost
15139,2011-01-07,2011-04-14,2,0,178.96,240,2,2,1,221,5,Hibernating
14812,2010-04-20,2010-04-20,1,0,178.85,599,1,1,1,111,3,Lost
16691,2010-05-27,2010-10-17,2,0,178.83,419,1,2,1,121,4,Lost
16299,2010-08-19,2010-08-19,1,1,178.65,478,1,1,1,111,3,Lost
17879,2011-06-19,2011-06-19,1,0,178.52,174,3,1,1,311,5,Hibernating
15292,2011-05-22,2011-05-22,1,0,178.39,202,2,1,1,211,4,Hibernating
18045,2011-10-25,2011-10-25,1,0,178.34,46,4,1,1,411,6,New / Promising
17253,2011-11-21,2011-11-21,1,0,178.26,19,5,1,1,511,7,New / Promising
13618,2011-06-19,2011-06-19,1,0,177.34,174,3,1,1,311,5,Hibernating
13072,2011-03-18,2011-03-18,1,0,177.15,267,2,1,1,211,4,Hibernating
17036,2010-11-21,2010-11-21,1,0,176.90,384,2,1,1,211,4,Hibernating
16285,2010-03-03,2010-03-03,1,0,176.90,647,1,1,1,111,3,Lost
13746,2010-10-22,2010-10-22,1,0,176.69,414,1,1,1,111,3,Lost
17947,2011-11-02,2011-11-02,1,0,176.68,38,4,1,1,411,6,New / Promising
18282,2011-08-05,2011-12-02,2,1,176.60,8,5,2,1,521,8,New / Promising
12893,2011-11-09,2011-11-09,1,0,176.55,31,4,1,1,411,6,New / Promising
18054,2010-11-12,2010-11-12,1,0,176.50,393,2,1,1,211,4,Hibernating
18175,2010-02-02,2010-02-02,1,0,176.10,676,1,1,1,111,3,Lost
18084,2010-11-16,2011-11-23,3,2,176.03,17,5,3,1,531,9,Hibernating
17840,2010-09-22,2010-09-22,1,0,175.90,444,1,1,1,111,3,Lost
17026,2010-10-18,2011-06-07,3,0,175.83,186,3,3,1,331,7,Needs Attention
14486,2010-06-04,2010-07-16,2,0,175.50,512,1,2,1,121,4,Lost
18166,2010-03-26,2010-03-26,1,0,175.50,624,1,1,1,111,3,Lost
13007,2010-05-09,2010-05-09,1,0,175.25,580,1,1,1,111,3,Lost
16144,2011-04-07,2011-04-07,1,0,175.20,247,2,1,1,211,4,Hibernating
17331,2011-08-08,2011-08-08,1,0,175.20,124,3,1,1,311,5,Hibernating
16559,2010-11-07,2010-11-07,1,0,175.00,398,2,1,1,211,4,Hibernating
17108,2010-02-14,2010-02-14,1,0,174.95,664,1,1,1,111,3,Lost
18010,2011-03-28,2011-03-28,1,0,174.80,257,2,1,1,211,4,Hibernating
14518,2011-10-06,2011-10-06,1,0,174.37,65,3,1,1,311,5,Hibernating
17587,2010-03-21,2010-03-21,1,0,173.76,629,1,1,1,111,3,Lost
14674,2010-07-18,2010-07-18,1,0,173.66,510,1,1,1,111,3,Lost
15565,2011-09-30,2011-10-20,2,0,173.16,51,4,2,1,421,7,New / Promising
16741,2010-03-24,2010-03-24,1,0,173.06,626,1,1,1,111,3,Lost
16599,2010-11-19,2010-11-19,1,0,172.80,386,2,1,1,211,4,Hibernating
13671,2010-11-10,2010-11-10,1,0,172.60,395,2,1,1,211,4,Hibernating
13271,2011-11-02,2011-11-02,1,1,172.37,38,4,1,1,411,6,New / Promising
13690,2011-10-11,2011-10-11,1,0,172.25,60,3,1,1,311,5,Hibernating
17798,2010-05-07,2010-05-07,1,0,172.17,582,1,1,1,111,3,Lost
15515,2010-11-17,2010-11-17,1,0,171.81,388,2,1,1,211,4,Hibernating
17983,2010-11-09,2010-11-09,1,0,171.71,396,2,1,1,211,4,Hibernating
17575,2010-02-10,2010-02-10,1,0,171.70,668,1,1,1,111,3,Lost
13560,2011-12-02,2011-12-02,1,0,171.42,8,5,1,1,511,7,New / Promising
16312,2010-10-03,2010-10-03,1,0,171.15,433,1,1,1,111,3,Lost
16673,2010-01-29,2010-01-29,1,0,171.13,680,1,1,1,111,3,Lost
14536,2011-03-25,2011-03-25,1,0,170.95,260,2,1,1,211,4,Hibernating
15403,2009-12-09,2010-08-05,2,0,170.88,492,1,2,1,121,4,Lost
14811,2010-11-17,2010-11-17,1,0,170.50,388,2,1,1,211,4,Hibernating
13852,2010-04-08,2010-04-08,1,1,170.45,611,1,1,1,111,3,Lost
17922,2010-06-14,2010-06-14,1,0,170.40,544,1,1,1,111,3,Lost
15256,2010-05-27,2011-07-14,2,0,170.40,149,3,2,1,321,6,Hibernating
16731,2010-03-01,2010-03-01,1,0,170.30,649,1,1,1,111,3,Lost
15335,2011-10-17,2011-10-17,1,0,170.22,54,4,1,1,411,6,New / Promising
13747,2010-10-11,2010-12-01,2,0,169.80,374,2,2,1,221,5,Hibernating
14218,2011-10-28,2011-10-28,1,0,169.48,43,4,1,1,411,6,New / Promising
12346,2010-03-02,2011-01-18,3,1,169.36,326,2,3,1,231,6,At Risk
16002,2010-03-24,2010-03-24,1,0,169.21,626,1,1,1,111,3,Lost
15647,2010-10-20,2010-10-20,1,0,169.00,416,1,1,1,111,3,Lost
14578,2011-12-06,2011-12-06,1,0,168.63,4,5,1,1,511,7,New / Promising
14860,2011-11-20,2011-11-20,1,1,168.62,20,4,1,1,411,6,New / Promising
17904,2011-11-18,2011-11-18,1,1,168.32,22,4,1,1,411,6,New / Promising
18099,2011-08-04,2011-08-04,1,0,168.31,128,3,1,1,311,5,Hibernating
17737,2011-10-12,2011-11-30,2,0,168.24,10,5,2,1,521,8,New / Promising
14131,2010-03-01,2010-03-01,1,0,168.22,649,1,1,1,111,3,Lost
12551,2010-12-17,2010-12-17,1,0,168.00,358,2,1,1,211,4,Hibernating
14521,2010-08-05,2010-08-05,1,1,167.65,492,1,1,1,111,3,Lost
17559,2010-07-15,2010-07-15,1,0,167.62,513,1,1,1,111,3,Lost
17367,2011-04-15,2011-04-15,1,0,167.55,239,2,1,1,211,4,Hibernating
18037,2009-12-01,2011-07-08,15,0,167.42,155,3,5,1,351,9,Loyal
17586,2010-03-30,2010-03-30,1,0,167.40,620,1,1,1,111,3,Lost
13609,2010-04-25,2010-04-25,1,0,167.35,594,1,1,1,111,3,Lost
16405,2011-02-02,2011-02-10,2,0,167.25,303,2,2,1,221,5,Hibernating
15166,2010-08-29,2010-08-29,1,0,167.16,468,1,1,1,111,3,Lost
17875,2010-01-20,2010-01-20,1,0,167.10,689,1,1,1,111,3,Lost
13967,2010-11-08,2011-07-17,2,0,166.30,146,3,2,1,321,6,Hibernating
14495,2010-02-18,2011-10-20,3,1,166.30,51,4,3,1,431,8,Hibernating
17650,2011-11-18,2011-11-18,1,0,166.08,22,4,1,1,411,6,New / Promising
18088,2011-10-09,2011-10-09,1,0,166.03,62,3,1,1,311,5,Hibernating
18107,2010-09-23,2010-09-23,1,0,165.88,443,1,1,1,111,3,Lost
13903,2010-11-04,2010-11-04,1,0,165.45,401,2,1,1,211,4,Hibernating
16663,2009-12-10,2009-12-10,1,0,165.00,730,1,1,1,111,3,Lost
15316,2011-01-17,2011-01-17,1,0,165.00,327,2,1,1,211,4,Hibernating
13470,2011-08-16,2011-09-01,2,0,165.00,100,3,2,1,321,6,Hibernating
17408,2010-07-13,2011-06-29,3,1,164.89,164,3,3,1,331,7,Needs Attention
15904,2011-12-01,2011-12-01,1,0,164.68,9,5,1,1,511,7,New / Promising
13547,2010-10-27,2010-10-27,1,0,164.53,409,1,1,1,111,3,Lost
17535,2011-03-04,2011-03-04,1,0,164.40,281,2,1,1,211,4,Hibernating
13603,2011-11-13,2011-11-13,1,0,164.34,27,4,1,1,411,6,New / Promising
17417,2010-06-09,2010-06-09,1,0,164.18,549,1,1,1,111,3,Lost
14955,2009-12-07,2009-12-07,1,0,163.77,733,1,1,1,111,3,Lost
14354,2011-11-09,2011-12-04,2,0,163.62,6,5,2,1,521,8,New / Promising
14119,2009-12-21,2010-11-29,2,1,163.47,376,2,2,1,221,5,Hibernating
14485,2011-11-01,2011-11-01,1,0,162.80,39,4,1,1,411,6,New / Promising
16517,2011-03-07,2011-03-07,1,0,162.70,278,2,1,1,211,4,Hibernating
15359,2010-01-15,2010-02-15,8,1,162.60,663,1,4,1,141,6,At Risk
18174,2010-04-15,2011-12-02,2,0,162.50,8,5,2,1,521,8,New / Promising
12954,2010-03-11,2010-03-11,1,0,162.45,639,1,1,1,111,3,Lost
15733,2011-03-02,2011-03-02,1,0,162.30,283,2,1,1,211,4,Hibernating
15534,2009-12-14,2009-12-14,1,0,162.25,726,1,1,1,111,3,Lost
16443,2010-07-07,2010-07-07,1,0,162.24,521,1,1,1,111,3,Lost
12622,2011-04-21,2011-04-21,1,0,162.10,233,2,1,1,211,4,Hibernating
12661,2010-09-29,2010-09-29,1,0,162.00,437,1,1,1,111,3,Lost
17971,2010-06-09,2010-06-09,1,0,161.94,549,1,1,1,111,3,Lost
17600,2011-11-22,2011-11-22,1,0,161.67,18,5,1,1,511,7,New / Promising
16113,2011-06-09,2011-06-09,1,0,161.38,184,3,1,1,311,5,Hibernating
13714,2010-08-31,2010-08-31,1,0,161.35,466,1,1,1,111,3,Lost
13779,2010-07-12,2010-07-12,1,0,161.13,516,1,1,1,111,3,Lost
16403,2011-01-31,2011-01-31,1,1,161.05,313,2,1,1,211,4,Hibernating
13229,2011-04-28,2011-04-28,1,0,160.95,226,2,1,1,211,4,Hibernating
17605,2010-04-28,2010-04-28,1,0,160.75,591,1,1,1,111,3,Lost
17202,2010-10-15,2010-10-15,1,0,160.65,421,1,1,1,111,3,Lost
17487,2009-12-11,2009-12-11,1,0,160.55,729,1,1,1,111,3,Lost
15229,2010-05-02,2010-05-02,1,0,160.50,587,1,1,1,111,3,Lost
16645,2009-12-04,2009-12-04,1,0,160.39,736,1,1,1,111,3,Lost
18146,2011-05-03,2011-07-22,2,0,160.35,141,3,2,1,321,6,Hibernating
12966,2011-11-30,2011-11-30,1,0,160.18,10,5,1,1,511,7,New / Promising
14571,2010-10-10,2010-10-10,1,0,160.00,426,1,1,1,111,3,Lost
13701,2010-09-19,2010-09-19,1,1,159.55,447,1,1,1,111,3,Lost
13191,2010-02-19,2010-02-19,1,0,159.21,659,1,1,1,111,3,Lost
13302,2010-07-01,2011-07-07,2,0,159.20,156,3,2,1,321,6,Hibernating
16213,2011-09-22,2011-09-22,1,0,159.00,79,3,1,1,311,5,Hibernating
18224,2011-03-21,2011-03-21,1,0,158.95,264,2,1,1,211,4,Hibernating
14089,2011-10-14,2011-10-14,1,0,158.75,57,4,1,1,411,6,New / Promising
15499,2009-12-16,2009-12-16,1,0,158.65,724,1,1,1,111,3,Lost
12509,2011-02-28,2011-02-28,1,0,158.50,285,2,1,1,211,4,Hibernating
15548,2010-04-23,2010-04-23,1,0,158.09,596,1,1,1,111,3,Lost
15348,2011-09-28,2011-09-28,1,0,158.04,73,3,1,1,311,5,Hibernating
14318,2010-09-05,2010-09-05,1,0,158.02,461,1,1,1,111,3,Lost
18004,2010-12-12,2010-12-12,1,0,157.92,363,2,1,1,211,4,Hibernating
17751,2010-10-14,2010-10-14,1,0,157.86,422,1,1,1,111,3,Lost
14207,2010-01-21,2010-01-21,1,0,157.80,688,1,1,1,111,3,Lost
14822,2010-08-11,2010-08-11,1,0,157.70,486,1,1,1,111,3,Lost
16687,2010-11-14,2010-11-14,1,0,157.63,391,2,1,1,211,4,Hibernating
12894,2010-05-13,2010-05-13,1,0,157.35,576,1,1,1,111,3,Lost
17318,2009-12-14,2009-12-14,1,0,157.33,726,1,1,1,111,3,Lost
16371,2010-09-17,2010-09-17,1,0,157.20,449,1,1,1,111,3,Lost
17128,2011-01-09,2011-01-09,1,0,157.09,335,2,1,1,211,4,Hibernating
17118,2011-01-26,2011-01-26,1,0,157.02,318,2,1,1,211,4,Hibernating
15007,2011-07-03,2011-07-03,1,0,156.91,160,3,1,1,311,5,Hibernating
15742,2010-03-30,2010-03-30,1,0,156.87,620,1,1,1,111,3,Lost
14406,2011-08-12,2011-08-12,1,0,156.75,120,3,1,1,311,5,Hibernating
12522,2011-10-19,2011-10-31,2,0,156.72,40,4,2,1,421,7,New / Promising
18018,2010-10-15,2011-08-23,4,1,156.69,109,3,3,1,331,7,Needs Attention
16578,2010-03-23,2010-03-23,1,0,156.60,627,1,1,1,111,3,Lost
15438,2011-07-31,2011-07-31,1,0,156.58,132,3,1,1,311,5,Hibernating
17820,2010-11-30,2010-11-30,1,2,156.56,375,2,1,1,211,4,Hibernating
15263,2011-08-25,2011-08-25,1,0,156.51,107,3,1,1,311,5,Hibernating
17885,2011-11-27,2011-11-27,1,0,156.34,13,5,1,1,511,7,New / Promising
14287,2011-05-25,2011-12-01,3,1,156.23,9,5,3,1,531,9,Hibernating
13051,2010-03-30,2010-05-10,2,0,155.80,579,1,2,1,121,4,Lost
12441,2010-12-08,2010-12-08,1,0,155.55,367,2,1,1,211,4,Hibernating
17832,2011-10-21,2011-10-21,1,0,155.37,50,4,1,1,411,6,New / Promising
14368,2011-01-24,2011-01-24,1,0,155.00,320,2,1,1,211,4,Hibernating
17698,2011-03-24,2011-03-24,1,0,154.95,261,2,1,1,211,4,Hibernating
15740,2011-10-21,2011-10-21,1,0,154.88,50,4,1,1,411,6,New / Promising
15729,2010-11-01,2011-05-11,3,2,154.70,213,2,3,1,231,6,At Risk
17899,2011-07-03,2011-07-03,1,0,154.55,160,3,1,1,311,5,Hibernating
15226,2011-02-02,2011-02-02,1,0,154.41,311,2,1,1,211,4,Hibernating
18014,2011-11-11,2011-11-11,1,0,154.27,29,4,1,1,411,6,New / Promising
13490,2010-02-23,2010-02-23,1,0,154.25,655,1,1,1,111,3,Lost
17517,2011-02-04,2011-02-04,1,0,153.94,309,2,1,1,211,4,Hibernating
16908,2009-12-17,2009-12-17,1,1,153.59,723,1,1,1,111,3,Lost
15560,2010-11-07,2010-11-07,2,0,153.52,398,2,2,1,221,5,Hibernating
15431,2010-07-25,2010-07-25,1,0,153.24,503,1,1,1,111,3,Lost
13676,2010-03-30,2010-06-18,2,1,153.15,540,1,2,1,121,4,Lost
12602,2011-10-12,2011-10-12,1,0,153.12,59,3,1,1,311,5,Hibernating
14814,2010-05-07,2010-05-07,1,0,152.96,582,1,1,1,111,3,Lost
16248,2011-10-09,2011-10-09,1,0,152.94,62,3,1,1,311,5,Hibernating
18138,2011-02-17,2011-02-17,1,0,152.65,296,2,1,1,211,4,Hibernating
14066,2011-03-18,2011-03-18,1,0,152.55,267,2,1,1,211,4,Hibernating
15509,2010-11-24,2010-11-24,1,0,152.41,381,2,1,1,211,4,Hibernating
17327,2010-05-26,2010-10-26,2,0,152.35,410,1,2,1,121,4,Lost
13653,2010-08-09,2010-08-09,1,0,152.20,488,1,1,1,111,3,Lost
16617,2011-04-18,2011-04-18,1,0,151.85,236,2,1,1,211,4,Hibernating
14046,2011-02-28,2011-02-28,1,0,151.59,285,2,1,1,211,4,Hibernating
14362,2011-11-17,2011-11-17,1,0,151.50,23,4,1,1,411,6,New / Promising
18076,2010-11-24,2010-11-24,1,0,151.49,381,2,1,1,211,4,Hibernating
13697,2011-11-01,2011-11-01,1,0,151.30,39,4,1,1,411,6,New / Promising
14516,2010-07-11,2010-07-11,1,0,151.17,517,1,1,1,111,3,Lost
16662,2010-11-10,2010-11-10,1,0,151.05,395,2,1,1,211,4,Hibernating
16337,2011-11-03,2011-11-03,1,0,151.05,37,4,1,1,411,6,New / Promising
12959,2010-08-12,2010-08-12,1,0,150.95,485,1,1,1,111,3,Lost
12367,2011-12-05,2011-12-05,1,0,150.90,5,5,1,1,511,7,New / Promising
14980,2009-12-02,2009-12-02,1,0,150.68,738,1,1,1,111,3,Lost
15991,2010-06-23,2010-06-23,1,0,150.55,535,1,1,1,111,3,Lost
15775,2010-03-18,2011-04-08,2,0,150.50,246,2,2,1,221,5,Hibernating
14084,2010-07-15,2010-07-15,1,0,150.50,513,1,1,1,111,3,Lost
18200,2011-08-25,2011-08-25,1,0,150.35,107,3,1,1,311,5,Hibernating
15474,2010-04-23,2010-04-23,1,0,150.35,596,1,1,1,111,3,Lost
14845,2010-04-19,2010-04-19,1,0,150.00,600,1,1,1,111,3,Lost
12663,2010-02-09,2010-03-25,2,1,150.00,625,1,2,1,121,4,Lost
17234,2011-06-10,2011-06-10,1,0,149.89,183,3,1,1,311,5,Hibernating
17946,2011-03-25,2011-04-20,2,0,149.58,234,2,2,1,221,5,Hibernating
17390,2010-10-15,2010-10-15,1,0,149.30,421,1,1,1,111,3,Lost
15435,2011-11-17,2011-11-17,1,0,149.29,23,4,1,1,411,6,New / Promising
13003,2011-05-09,2011-08-26,3,0,149.05,106,3,3,1,331,7,Needs Attention
17549,2011-10-19,2011-11-16,2,0,148.86,24,4,2,1,421,7,New / Promising
17953,2010-06-17,2010-06-17,1,0,148.67,541,1,1,1,111,3,Lost
13125,2010-07-04,2010-07-04,1,0,148.62,524,1,1,1,111,3,Lost
15526,2011-11-06,2011-11-06,2,0,148.44,34,4,2,1,421,7,New / Promising
15684,2009-12-04,2010-06-10,3,3,147.80,548,1,3,1,131,5,At Risk
13578,2010-10-26,2010-10-26,1,0,147.66,410,1,1,1,111,3,Lost
15479,2009-12-06,2009-12-06,1,0,147.40,734,1,1,1,111,3,Lost
14098,2011-11-03,2011-11-03,1,0,147.35,37,4,1,1,411,6,New / Promising
16724,2010-10-31,2010-10-31,1,0,147.35,405,2,1,1,211,4,Hibernating
17794,2010-01-20,2010-01-22,2,0,147.30,687,1,2,1,121,4,Lost
12858,2010-11-21,2010-11-21,1,0,147.27,384,2,1,1,211,4,Hibernating
17030,2011-10-07,2011-10-07,1,0,146.87,64,3,1,1,311,5,Hibernating
14683,2010-04-30,2010-04-30,1,0,146.56,589,1,1,1,111,3,Lost
15496,2010-03-18,2010-03-18,1,0,146.14,632,1,1,1,111,3,Lost
18137,2010-06-06,2010-06-06,2,0,145.99,552,1,2,1,121,4,Lost
12641,2011-08-16,2011-08-16,1,0,145.90,116,3,1,1,311,5,Hibernating
13866,2011-09-26,2011-09-26,1,0,145.67,75,3,1,1,311,5,Hibernating
15937,2011-10-06,2011-10-06,1,0,145.35,65,3,1,1,311,5,Hibernating
14972,2010-11-23,2011-08-03,2,0,145.07,129,3,2,1,321,6,Hibernating
15902,2010-11-24,2010-11-24,1,0,145.01,381,2,1,1,211,4,Hibernating
16852,2011-06-16,2011-11-29,2,0,144.91,11,5,2,1,521,8,New / Promising
16822,2009-12-08,2010-01-22,1,2,144.84,687,1,1,1,111,3,Lost
17938,2010-10-15,2010-10-15,1,0,144.29,421,1,1,1,111,3,Lost
12442,2011-12-06,2011-12-06,1,0,144.06,4,5,1,1,511,7,New / Promising
12736,2011-01-11,2011-01-11,1,0,144.00,333,2,1,1,211,4,Hibernating
17186,2011-10-10,2011-10-24,2,0,144.00,47,4,2,1,421,7,New / Promising
12387,2010-10-20,2010-10-20,1,0,143.94,416,1,1,1,111,3,Lost
14574,2009-12-07,2009-12-07,1,0,143.70,733,1,1,1,111,3,Lost
13457,2009-12-02,2010-01-20,2,2,143.27,689,1,2,1,121,4,Lost
15705,2011-05-22,2011-05-22,1,0,143.10,202,2,1,1,211,4,Hibernating
17149,2010-09-14,2010-09-14,1,0,143.10,452,1,1,1,111,3,Lost
15761,2010-09-23,2010-09-23,1,0,143.05,443,1,1,1,111,3,Lost
16507,2010-05-16,2010-05-16,1,0,142.71,573,1,1,1,111,3,Lost
14386,2011-02-16,2011-02-16,1,0,142.40,297,2,1,1,211,4,Hibernating
17859,2011-02-08,2011-02-08,1,0,141.92,305,2,1,1,211,4,Hibernating
18038,2010-06-01,2010-06-01,1,0,141.48,557,1,1,1,111,3,Lost
14041,2011-03-18,2011-03-18,1,0,141.41,267,2,1,1,211,4,Hibernating
17273,2010-10-11,2010-10-11,1,0,141.12,425,1,1,1,111,3,Lost
17959,2010-04-26,2010-04-26,1,0,140.75,593,1,1,1,111,3,Lost
16598,2011-02-27,2011-02-27,1,1,140.70,286,2,1,1,211,4,Hibernating
15388,2011-03-14,2011-03-14,1,0,140.54,271,2,1,1,211,4,Hibernating
13420,2011-06-22,2011-07-13,2,2,140.35,150,3,2,1,321,6,Hibernating
13483,2011-10-05,2011-10-05,1,0,140.34,66,3,1,1,311,5,Hibernating
15324,2010-01-07,2010-01-07,1,0,140.22,702,1,1,1,111,3,Lost
13839,2010-08-10,2010-08-10,1,0,139.95,487,1,1,1,111,3,Lost
16840,2010-02-03,2010-04-15,2,0,139.85,604,1,2,1,121,4,Lost
14073,2011-11-07,2011-11-07,1,1,139.54,33,4,1,1,411,6,New / Promising
14768,2011-08-04,2011-11-22,2,1,139.50,18,5,2,1,521,8,New / Promising
16483,2011-05-31,2011-05-31,1,0,139.35,193,2,1,1,211,4,Hibernating
14772,2011-08-19,2011-08-19,1,0,139.26,113,3,1,1,311,5,Hibernating
14707,2010-05-12,2010-09-30,2,0,139.20,436,1,2,1,121,4,Lost
18209,2011-11-11,2011-11-11,1,0,139.10,29,4,1,1,411,6,New / Promising
13273,2011-08-18,2011-08-18,1,0,138.98,114,3,1,1,311,5,Hibernating
18269,2010-12-08,2010-12-08,1,1,138.90,367,2,1,1,211,4,Hibernating
12902,2011-03-20,2011-03-20,1,0,138.68,265,2,1,1,211,4,Hibernating
13716,2011-03-15,2011-03-15,1,0,138.28,270,2,1,1,211,4,Hibernating
15873,2010-07-27,2010-07-28,4,1,138.24,500,1,3,1,131,5,At Risk
17982,2010-01-28,2010-01-28,1,0,138.18,681,1,1,1,111,3,Lost
15663,2011-08-25,2011-08-25,1,0,138.14,107,3,1,1,311,5,Hibernating
15848,2010-03-28,2010-03-28,1,0,137.99,622,1,1,1,111,3,Lost
12738,2010-12-02,2010-12-02,1,0,137.35,373,2,1,1,211,4,Hibernating
12618,2011-11-18,2011-11-18,1,0,137.31,22,4,1,1,411,6,New / Promising
13907,2010-01-17,2010-01-17,1,0,136.80,692,1,1,1,111,3,Lost
13195,2010-10-21,2010-10-21,1,0,136.73,415,1,1,1,111,3,Lost
16237,2010-09-28,2010-09-28,1,0,136.65,438,1,1,1,111,3,Lost
14604,2010-03-16,2010-03-16,1,0,136.36,634,1,1,1,111,3,Lost
16651,2010-05-02,2010-05-02,1,0,136.20,587,1,1,1,111,3,Lost
16876,2010-11-01,2010-11-01,1,0,136.01,404,2,1,1,211,4,Hibernating
14366,2010-07-02,2010-07-02,1,0,136.00,526,1,1,1,111,3,Lost
13830,2010-05-07,2010-05-07,1,1,135.95,582,1,1,1,111,3,Lost
12968,2011-08-19,2011-08-19,1,0,135.95,113,3,1,1,311,5,Hibernating
17583,2010-05-28,2010-05-28,1,0,135.95,561,1,1,1,111,3,Lost
14889,2011-01-07,2011-01-07,1,0,135.90,337,2,1,1,211,4,Hibernating
15419,2011-11-15,2011-11-15,1,0,135.86,25,4,1,1,411,6,New / Promising
16114,2011-06-22,2011-06-22,1,0,135.75,171,3,1,1,311,5,Hibernating
14391,2010-05-12,2010-05-12,1,0,135.60,577,1,1,1,111,3,Lost
15283,2010-07-09,2010-11-14,3,1,135.43,391,2,3,1,231,6,At Risk
13076,2010-09-08,2010-09-08,1,0,135.40,458,1,1,1,111,3,Lost
16665,2010-12-12,2010-12-12,1,0,135.40,363,2,1,1,211,4,Hibernating
14588,2010-05-10,2010-05-10,1,0,135.39,579,1,1,1,111,3,Lost
13144,2010-10-04,2011-01-11,2,0,135.35,333,2,2,1,221,5,Hibernating
17972,2011-04-12,2011-04-12,1,0,135.19,242,2,1,1,211,4,Hibernating
13702,2010-09-20,2010-09-20,1,0,135.18,446,1,1,1,111,3,Lost
17960,2010-03-08,2011-06-21,3,0,135.08,172,3,3,1,331,7,Needs Attention
17199,2010-05-06,2010-05-06,1,0,135.04,583,1,1,1,111,3,Lost
13119,2010-02-09,2010-02-09,1,0,134.90,669,1,1,1,111,3,Lost
16055,2011-05-03,2011-05-03,1,0,134.80,221,2,1,1,211,4,Hibernating
14340,2011-05-05,2011-05-05,1,0,134.70,219,2,1,1,211,4,Hibernating
14174,2011-11-06,2011-11-06,1,0,134.46,34,4,1,1,411,6,New / Promising
15926,2010-06-15,2010-06-15,1,0,134.44,543,1,1,1,111,3,Lost
16486,2010-06-20,2010-06-20,1,0,134.36,538,1,1,1,111,3,Lost
14586,2011-03-08,2011-03-08,1,2,134.16,277,2,1,1,211,4,Hibernating
14280,2011-05-27,2011-05-27,1,0,134.04,197,2,1,1,211,4,Hibernating
14349,2011-11-29,2011-11-29,1,0,133.50,11,5,1,1,511,7,New / Promising
17881,2011-02-08,2011-02-08,1,0,133.35,305,2,1,1,211,4,Hibernating
17826,2010-11-30,2010-11-30,1,0,133.34,375,2,1,1,211,4,Hibernating
12964,2010-09-28,2010-09-28,1,0,132.24,438,1,1,1,111,3,Lost
12512,2011-10-04,2011-10-04,2,0,132.18,67,3,2,1,321,6,Hibernating
14438,2011-02-06,2011-02-06,1,0,131.90,307,2,1,1,211,4,Hibernating
15558,2010-03-10,2010-03-10,1,1,131.88,640,1,1,1,111,3,Lost
17565,2010-05-02,2010-05-02,1,0,131.83,587,1,1,1,111,3,Lost
17455,2011-05-20,2011-05-20,1,0,131.70,204,2,1,1,211,4,Hibernating
14795,2011-06-26,2011-06-26,1,0,131.45,167,3,1,1,311,5,Hibernating
14378,2010-03-28,2010-03-28,1,0,131.25,622,1,1,1,111,3,Lost
12565,2011-02-24,2011-02-24,1,1,131.17,289,2,1,1,211,4,Hibernating
17225,2010-05-07,2010-05-07,1,0,131.15,582,1,1,1,111,3,Lost
16865,2010-11-03,2010-11-03,1,0,130.95,402,2,1,1,211,4,Hibernating
15844,2011-10-24,2011-10-24,1,0,130.74,47,4,1,1,411,6,New / Promising
17240,2010-04-22,2010-04-22,1,0,130.60,597,1,1,1,111,3,Lost
16410,2009-12-05,2009-12-05,1,0,130.32,735,1,1,1,111,3,Lost
16288,2010-08-26,2010-08-26,1,0,129.85,471,1,1,1,111,3,Lost
17762,2010-09-09,2010-09-09,1,0,129.75,457,1,1,1,111,3,Lost
14999,2010-04-26,2010-04-26,1,0,129.48,593,1,1,1,111,3,Lost
18020,2010-06-14,2010-06-14,1,1,129.28,544,1,1,1,111,3,Lost
13071,2010-04-06,2010-04-06,1,0,129.22,613,1,1,1,111,3,Lost
17056,2009-12-01,2009-12-01,1,0,128.60,739,1,1,1,111,3,Lost
17089,2010-11-18,2010-11-18,1,0,128.45,387,2,1,1,211,4,Hibernating
16251,2010-07-15,2010-07-15,1,0,128.31,513,1,1,1,111,3,Lost
15892,2010-02-08,2010-02-08,1,0,128.20,670,1,1,1,111,3,Lost
17297,2011-11-22,2011-11-22,1,0,128.18,18,5,1,1,511,7,New / Promising
13053,2010-03-28,2010-03-28,1,0,127.65,622,1,1,1,111,3,Lost
13586,2010-06-16,2010-06-16,1,0,127.28,542,1,1,1,111,3,Lost
15578,2011-06-30,2011-06-30,1,0,127.10,163,3,1,1,311,5,Hibernating
15923,2010-12-02,2010-12-02,1,0,127.08,373,2,1,1,211,4,Hibernating
13666,2009-12-04,2011-10-10,5,0,127.05,61,3,4,1,341,8,Loyal
16973,2010-11-18,2010-11-18,1,0,127.00,387,2,1,1,211,4,Hibernating
14751,2009-12-13,2010-01-24,2,0,126.45,685,1,2,1,121,4,Lost
13279,2011-09-22,2011-09-22,1,1,126.30,79,3,1,1,311,5,Hibernating
15463,2011-11-10,2011-11-10,1,0,126.14,30,4,1,1,411,6,New / Promising
16294,2010-08-20,2010-08-20,1,0,126.05,477,1,1,1,111,3,Lost
13794,2010-06-11,2010-06-11,1,0,126.03,547,1,1,1,111,3,Lost
17657,2010-10-05,2010-10-05,1,0,126.00,431,1,1,1,111,3,Lost
13522,2011-11-09,2011-11-09,1,0,125.80,31,4,1,1,411,6,New / Promising
17847,2010-03-04,2010-07-12,2,0,125.74,516,1,2,1,121,4,Lost
14773,2010-04-26,2010-04-26,1,1,125.70,593,1,1,1,111,3,Lost
16925,2010-06-17,2010-06-17,1,0,125.65,541,1,1,1,111,3,Lost
15017,2011-11-06,2011-11-06,1,0,125.58,34,4,1,1,411,6,New / Promising
15731,2010-06-04,2010-06-04,1,0,125.30,554,1,1,1,111,3,Lost
13912,2010-10-12,2010-10-12,1,0,124.95,424,1,1,1,111,3,Lost
17148,2011-10-19,2011-10-19,1,0,124.88,52,4,1,1,411,6,New / Promising
17818,2009-12-02,2009-12-02,1,0,124.78,738,1,1,1,111,3,Lost
13312,2010-09-14,2010-09-14,1,0,124.75,452,1,1,1,111,3,Lost
16849,2011-06-06,2011-06-06,1,0,124.57,187,2,1,1,211,4,Hibernating
17316,2010-10-15,2010-10-15,1,0,124.45,421,1,1,1,111,3,Lost
18000,2010-05-24,2010-05-24,1,0,124.25,565,1,1,1,111,3,Lost
15779,2010-06-25,2010-09-02,2,0,124.08,464,1,2,1,121,4,Lost
13968,2010-10-12,2010-10-12,1,0,123.66,424,1,1,1,111,3,Lost
14187,2010-08-23,2010-08-23,1,0,123.50,474,1,1,1,111,3,Lost
16397,2010-03-21,2010-03-21,1,0,123.13,629,1,1,1,111,3,Lost
13876,2011-10-07,2011-10-07,1,0,122.70,64,3,1,1,311,5,Hibernating
13638,2011-11-24,2011-11-24,1,0,122.64,16,5,1,1,511,7,New / Promising
12969,2010-04-16,2010-04-16,1,0,122.45,603,1,1,1,111,3,Lost
13244,2011-09-08,2011-09-08,1,0,121.74,93,3,1,1,311,5,Hibernating
13182,2011-10-25,2011-10-25,1,0,121.18,46,4,1,1,411,6,New / Promising
15049,2011-03-11,2011-03-11,1,0,121.17,274,2,1,1,211,4,Hibernating
17260,2010-10-24,2010-10-24,1,0,120.95,412,1,1,1,111,3,Lost
17446,2011-02-02,2011-06-16,2,0,120.90,177,3,2,1,321,6,Hibernating
14884,2010-02-08,2010-02-08,1,0,120.60,670,1,1,1,111,3,Lost
14444,2010-09-09,2010-09-09,1,0,120.44,457,1,1,1,111,3,Lost
14165,2011-03-09,2011-03-09,1,0,120.44,276,2,1,1,211,4,Hibernating
17543,2010-06-08,2010-06-08,1,0,120.05,550,1,1,1,111,3,Lost
18015,2011-12-05,2011-12-05,1,0,120.03,5,5,1,1,511,7,New / Promising
14259,2011-07-21,2011-07-21,1,0,120.00,142,3,1,1,311,5,Hibernating
14453,2011-06-02,2011-06-02,1,0,119.93,191,2,1,1,211,4,Hibernating
15161,2010-11-16,2010-11-16,1,0,119.92,389,2,1,1,211,4,Hibernating
17541,2010-07-18,2010-07-18,1,0,119.86,510,1,1,1,111,3,Lost
17177,2010-07-22,2010-07-22,1,0,119.50,506,1,1,1,111,3,Lost
17170,2010-11-02,2010-11-30,2,1,118.98,375,2,2,1,221,5,Hibernating
15843,2011-02-09,2011-02-09,1,0,118.95,304,2,1,1,211,4,Hibernating
17280,2010-09-27,2010-09-27,1,0,118.86,439,1,1,1,111,3,Lost
17079,2011-09-22,2011-09-22,1,0,118.80,79,3,1,1,311,5,Hibernating
14155,2011-03-18,2011-03-18,1,0,118.75,267,2,1,1,211,4,Hibernating
14076,2011-08-02,2011-08-02,1,0,118.67,130,3,1,1,311,5,Hibernating
13257,2010-09-29,2010-09-29,1,2,117.95,437,1,1,1,111,3,Lost
17654,2011-03-07,2011-03-07,1,0,117.55,278,2,1,1,211,4,Hibernating
15836,2011-10-20,2011-10-20,1,1,117.47,51,4,1,1,411,6,New / Promising
16959,2011-09-13,2011-09-13,1,0,117.35,88,3,1,1,311,5,Hibernating
15409,2009-12-18,2009-12-18,1,1,117.20,722,1,1,1,111,3,Lost
14726,2010-02-23,2010-02-23,1,0,116.50,655,1,1,1,111,3,Lost
13084,2010-08-05,2010-08-05,1,1,116.45,492,1,1,1,111,3,Lost
17117,2011-02-24,2011-02-24,1,0,116.20,289,2,1,1,211,4,Hibernating
14874,2010-06-22,2010-06-22,1,0,116.18,536,1,1,1,111,3,Lost
14143,2011-07-29,2011-07-29,1,0,115.80,134,3,1,1,311,5,Hibernating
16068,2010-04-25,2010-04-25,1,0,115.73,594,1,1,1,111,3,Lost
18027,2011-09-02,2011-09-02,1,0,115.31,99,3,1,1,311,5,Hibernating
18012,2009-12-16,2009-12-16,1,0,115.30,724,1,1,1,111,3,Lost
17401,2010-06-16,2010-06-16,1,0,114.85,542,1,1,1,111,3,Lost
15905,2010-06-14,2010-06-14,1,0,114.69,544,1,1,1,111,3,Lost
13188,2011-11-28,2011-11-28,1,0,114.60,12,5,1,1,511,7,New / Promising
16247,2011-06-22,2011-06-22,1,0,114.56,171,3,1,1,311,5,Hibernating
14632,2011-03-22,2011-03-22,1,0,114.56,263,2,1,1,211,4,Hibernating
14652,2011-09-23,2011-09-23,1,0,114.18,78,3,1,1,311,5,Hibernating
12938,2011-11-14,2011-11-14,1,0,114.14,26,4,1,1,411,6,New / Promising
14582,2011-10-30,2011-10-30,1,0,114.11,41,4,1,1,411,6,New / Promising
17275,2010-11-21,2010-11-21,1,0,114.10,384,2,1,1,211,4,Hibernating
15056,2010-07-07,2010-07-07,1,0,113.65,521,1,1,1,111,3,Lost
14457,2011-02-02,2011-02-02,1,0,113.64,311,2,1,1,211,4,Hibernating
16828,2011-08-19,2011-08-19,1,0,113.50,113,3,1,1,311,5,Hibernating
18105,2011-11-02,2011-11-02,1,0,113.48,38,4,1,1,411,6,New / Promising
16821,2010-11-23,2010-11-23,1,0,113.35,382,2,1,1,211,4,Hibernating
17784,2010-06-07,2010-06-07,1,0,112.86,551,1,1,1,111,3,Lost
18148,2010-03-03,2010-03-03,1,0,112.85,647,1,1,1,111,3,Lost
14689,2011-05-15,2011-05-15,1,0,112.80,209,2,1,1,211,4,Hibernating
16697,2011-04-12,2011-04-12,1,0,112.75,242,2,1,1,211,4,Hibernating
15702,2010-08-20,2010-08-20,1,0,112.57,477,1,1,1,111,3,Lost
18129,2011-04-10,2011-04-10,1,0,112.55,244,2,1,1,211,4,Hibernating
13241,2010-10-24,2010-10-24,1,0,112.53,412,1,1,1,111,3,Lost
15610,2011-10-19,2011-10-19,1,0,112.46,52,4,1,1,411,6,New / Promising
13620,2010-06-29,2010-06-29,1,0,112.34,529,1,1,1,111,3,Lost
13193,2011-10-09,2011-10-09,1,0,112.08,62,3,1,1,311,5,Hibernating
12756,2011-09-14,2011-09-14,1,0,112.08,87,3,1,1,311,5,Hibernating
15317,2009-12-08,2010-01-31,1,1,112.05,678,1,1,1,111,3,Lost
14750,2009-12-03,2009-12-03,1,0,112.03,737,1,1,1,111,3,Lost
14668,2010-09-20,2010-09-20,1,0,111.63,446,1,1,1,111,3,Lost
17304,2010-06-23,2010-06-23,1,0,111.50,535,1,1,1,111,3,Lost
17887,2011-08-02,2011-08-02,1,0,111.35,130,3,1,1,311,5,Hibernating
17208,2010-11-09,2010-11-09,1,0,111.15,396,2,1,1,211,4,Hibernating
15352,2010-06-09,2010-06-09,1,0,111.15,549,1,1,1,111,3,Lost
18120,2011-05-09,2011-05-09,1,0,111.15,215,2,1,1,211,4,Hibernating
14464,2010-03-22,2010-05-20,2,0,111.00,569,1,2,1,121,4,Lost
14509,2010-06-23,2010-06-23,1,0,110.95,535,1,1,1,111,3,Lost
12692,2010-03-12,2010-03-12,1,0,110.95,638,1,1,1,111,3,Lost
15537,2011-06-29,2011-06-29,1,0,110.92,164,3,1,1,311,5,Hibernating
15853,2011-10-19,2011-10-19,1,0,110.80,52,4,1,1,411,6,New / Promising
17957,2011-10-04,2011-10-04,1,0,110.72,67,3,1,1,311,5,Hibernating
14787,2010-08-25,2010-08-25,1,0,110.65,472,1,1,1,111,3,Lost
16963,2011-06-05,2011-06-05,1,0,110.55,188,2,1,1,211,4,Hibernating
14641,2011-11-18,2011-11-18,1,0,110.46,22,4,1,1,411,6,New / Promising
16544,2010-02-15,2010-07-08,4,2,110.30,520,1,3,1,131,5,At Risk
17909,2009-12-02,2009-12-02,1,0,110.05,738,1,1,1,111,3,Lost
17836,2011-10-23,2011-10-23,1,0,109.83,48,4,1,1,411,6,New / Promising
15851,2010-07-01,2010-07-01,1,0,109.73,527,1,1,1,111,3,Lost
14033,2010-06-02,2010-06-02,1,0,109.44,556,1,1,1,111,3,Lost
16363,2011-10-17,2011-10-17,1,0,109.36,54,4,1,1,411,6,New / Promising
16064,2009-12-14,2009-12-14,1,0,109.31,726,1,1,1,111,3,Lost
16664,2010-05-19,2010-05-19,1,0,109.20,570,1,1,1,111,3,Lost
14721,2010-11-25,2010-11-25,1,0,109.07,380,2,1,1,211,4,Hibernating
14345,2011-11-01,2011-11-01,1,0,108.98,39,4,1,1,411,6,New / Promising
13170,2011-11-13,2011-11-13,1,0,108.81,27,4,1,1,411,6,New / Promising
15875,2010-03-03,2010-03-03,1,0,108.52,647,1,1,1,111,3,Lost
16106,2011-10-05,2011-10-05,1,0,108.38,66,3,1,1,311,5,Hibernating
14374,2010-06-16,2010-06-16,1,0,108.00,542,1,1,1,111,3,Lost
14661,2011-11-13,2011-11-13,1,0,107.95,27,4,1,1,411,6,New / Promising
13580,2010-10-29,2010-10-29,1,0,107.75,407,2,1,1,211,4,Hibernating
14943,2010-02-14,2010-02-14,1,0,107.62,664,1,1,1,111,3,Lost
15395,2011-01-18,2011-01-18,1,0,107.45,326,2,1,1,211,4,Hibernating
16301,2009-12-03,2009-12-03,1,0,107.33,737,1,1,1,111,3,Lost
15328,2010-10-28,2010-10-28,1,0,107.24,408,2,1,1,211,4,Hibernating
17893,2011-04-28,2011-04-28,1,0,107.21,226,2,1,1,211,4,Hibernating
15846,2010-11-19,2010-11-19,1,0,107.01,386,2,1,1,211,4,Hibernating
16082,2010-02-07,2010-02-07,1,0,106.75,671,1,1,1,111,3,Lost
14637,2010-01-31,2010-01-31,1,0,106.68,678,1,1,1,111,3,Lost
15168,2011-11-14,2011-11-14,1,0,106.56,26,4,1,1,411,6,New / Promising
15927,2010-03-02,2010-03-02,1,0,106.54,648,1,1,1,111,3,Lost
17791,2011-11-10,2011-11-10,1,0,106.10,30,4,1,1,411,6,New / Promising
17933,2010-03-17,2010-03-17,1,0,105.99,633,1,1,1,111,3,Lost
18103,2010-06-08,2010-06-08,1,0,105.80,550,1,1,1,111,3,Lost
15642,2009-12-10,2009-12-10,1,0,105.78,730,1,1,1,111,3,Lost
14579,2010-10-03,2010-10-03,1,0,105.56,433,1,1,1,111,3,Lost
15340,2010-05-27,2010-05-27,1,0,105.50,562,1,1,1,111,3,Lost
12929,2011-02-01,2011-02-01,1,1,105.10,312,2,1,1,211,4,Hibernating
14027,2011-10-10,2011-10-10,1,0,104.82,61,3,1,1,311,5,Hibernating
17328,2010-02-04,2010-02-04,1,0,104.70,674,1,1,1,111,3,Lost
16630,2010-09-30,2010-10-28,1,1,104.30,408,2,1,1,211,4,Hibernating
16547,2010-06-11,2010-06-11,1,0,104.26,547,1,1,1,111,3,Lost
16375,2010-08-26,2010-08-26,2,0,104.00,471,1,2,1,121,4,Lost
12587,2011-12-02,2011-12-02,1,0,104.00,8,5,1,1,511,7,New / Promising
16896,2010-06-02,2010-06-02,1,0,103.95,556,1,1,1,111,3,Lost
14542,2011-06-07,2011-06-07,1,0,103.25,186,3,1,1,311,5,Hibernating
15924,2009-12-08,2009-12-08,1,0,102.82,732,1,1,1,111,3,Lost
16396,2010-08-20,2010-08-20,1,2,102.70,477,1,1,1,111,3,Lost
18124,2010-08-24,2010-08-24,1,0,102.65,473,1,1,1,111,3,Lost
17467,2010-11-09,2010-11-09,1,0,102.60,396,2,1,1,211,4,Hibernating
14836,2011-11-09,2011-11-29,3,0,102.45,11,5,3,1,531,9,Hibernating
15486,2010-06-30,2010-06-30,1,0,102.00,528,1,1,1,111,3,Lost
16462,2011-03-01,2011-09-27,3,1,102.00,74,3,3,1,331,7,Needs Attention
18068,2011-02-23,2011-02-23,1,0,101.70,290,2,1,1,211,4,Hibernating
16516,2011-11-09,2011-11-09,1,0,101.70,31,4,1,1,411,6,New / Promising
16944,2010-04-09,2010-04-09,1,0,101.36,610,1,1,1,111,3,Lost
18086,2011-03-10,2011-03-10,1,0,101.34,275,2,1,1,211,4,Hibernating
18195,2010-11-17,2010-11-17,1,0,101.16,388,2,1,1,211,4,Hibernating
17741,2010-05-28,2010-10-29,2,0,101.10,407,2,2,1,221,5,Hibernating
17493,2010-11-19,2010-11-19,1,0,100.91,386,2,1,1,211,4,Hibernating
14946,2011-11-25,2011-11-25,1,0,100.90,15,5,1,1,511,7,New / Promising
17224,2010-07-26,2010-07-26,1,0,100.86,502,1,1,1,111,3,Lost
17427,2011-09-29,2011-09-29,1,0,100.80,72,3,1,1,311,5,Hibernating
14371,2011-02-17,2011-02-17,1,0,100.50,296,2,1,1,211,4,Hibernating
15635,2010-11-09,2010-11-09,1,0,100.35,396,2,1,1,211,4,Hibernating
13703,2010-10-20,2011-01-25,2,1,99.50,319,2,2,1,221,5,Hibernating
17939,2011-07-03,2011-07-03,1,0,99.14,160,3,1,1,311,5,Hibernating
16289,2010-09-03,2010-09-03,1,1,98.81,463,1,1,1,111,3,Lost
17538,2011-11-14,2011-11-14,1,0,98.42,26,4,1,1,411,6,New / Promising
16694,2009-12-16,2009-12-16,1,0,98.30,724,1,1,1,111,3,Lost
17395,2010-07-19,2010-07-19,1,0,97.50,509,1,1,1,111,3,Lost
12984,2011-11-21,2011-11-21,1,0,97.50,19,5,1,1,511,7,New / Promising
14642,2011-10-12,2011-10-12,1,0,96.12,59,3,1,1,311,5,Hibernating
17816,2009-12-15,2011-11-03,6,0,96.11,37,4,4,1,441,9,Loyal
13793,2010-03-03,2010-03-03,1,0,96.00,647,1,1,1,111,3,Lost
15583,2010-11-28,2010-11-28,1,0,95.96,377,2,1,1,211,4,Hibernating
17024,2011-07-05,2011-10-25,3,0,95.85,46,4,3,1,431,8,Hibernating
17895,2011-10-26,2011-10-26,1,0,95.45,45,4,1,1,411,6,New / Promising
18249,2011-11-22,2011-11-22,1,0,95.34,18,5,1,1,511,7,New / Promising
15285,2010-10-28,2010-10-28,1,0,94.92,408,2,1,1,211,4,Hibernating
14833,2010-07-29,2010-07-29,1,0,94.80,499,1,1,1,111,3,Lost
15868,2010-05-05,2010-05-05,1,0,94.53,584,1,1,1,111,3,Lost
16073,2011-02-15,2011-02-15,1,1,94.35,298,2,1,1,211,4,Hibernating
16339,2011-02-28,2011-02-28,1,0,94.05,285,2,1,1,211,4,Hibernating
15397,2011-02-23,2011-02-23,1,0,94.00,290,2,1,1,211,4,Hibernating
18033,2011-10-05,2011-10-05,1,0,93.82,66,3,1,1,311,5,Hibernating
14394,2010-05-24,2010-05-24,1,0,93.80,565,1,1,1,111,3,Lost
18227,2010-08-12,2011-05-06,2,1,93.75,218,2,2,1,221,5,Hibernating
15305,2010-06-02,2010-06-02,1,0,93.60,556,1,1,1,111,3,Lost
12992,2009-12-14,2009-12-14,1,0,93.35,726,1,1,1,111,3,Lost
15082,2010-02-09,2010-02-09,1,0,93.35,669,1,1,1,111,3,Lost
16196,2010-08-08,2010-08-08,1,0,93.30,489,1,1,1,111,3,Lost
15816,2010-06-15,2010-06-15,2,1,93.30,543,1,2,1,121,4,Lost
14865,2009-12-01,2011-12-02,4,0,92.52,8,5,3,1,531,9,Hibernating
14054,2011-10-05,2011-10-05,1,0,92.46,66,3,1,1,311,5,Hibernating
16831,2010-05-24,2010-05-24,1,0,91.80,565,1,1,1,111,3,Lost
13160,2011-11-17,2011-11-17,1,0,91.80,23,4,1,1,411,6,New / Promising
13392,2010-01-31,2010-01-31,1,0,91.14,678,1,1,1,111,3,Lost
14786,2010-06-07,2010-06-07,1,0,90.96,551,1,1,1,111,3,Lost
13947,2011-10-05,2011-10-05,1,0,90.60,66,3,1,1,311,5,Hibernating
14435,2010-07-26,2010-07-26,1,0,90.42,502,1,1,1,111,3,Lost
16506,2011-10-30,2011-11-20,2,0,90.30,20,4,2,1,421,7,New / Promising
16597,2011-12-05,2011-12-05,1,0,90.04,5,5,1,1,511,7,New / Promising
15686,2010-10-15,2010-10-15,1,0,90.00,421,1,1,1,111,3,Lost
14117,2011-07-19,2011-07-19,1,0,90.00,144,3,1,1,311,5,Hibernating
14974,2011-11-02,2011-11-02,1,0,89.94,38,4,1,1,411,6,New / Promising
13535,2010-11-02,2010-11-02,1,0,89.50,403,2,1,1,211,4,Hibernating
13222,2010-05-11,2010-05-11,1,0,88.50,578,1,1,1,111,3,Lost
15083,2011-03-28,2011-03-28,1,0,88.20,257,2,1,1,211,4,Hibernating
16564,2010-05-19,2010-05-19,1,0,87.80,570,1,1,1,111,3,Lost
17606,2009-12-02,2009-12-02,1,0,87.30,738,1,1,1,111,3,Lost
16498,2011-06-30,2011-07-01,2,1,86.12,162,3,2,1,321,6,Hibernating
13180,2010-04-11,2010-04-11,1,0,86.10,608,1,1,1,111,3,Lost
12814,2011-08-30,2011-08-30,1,0,85.92,102,3,1,1,311,5,Hibernating
15541,2011-08-17,2011-08-17,1,0,85.13,115,3,1,1,311,5,Hibernating
13841,2011-04-01,2011-04-01,1,0,85.00,253,2,1,1,211,4,Hibernating
12774,2010-06-22,2010-06-22,1,0,83.70,536,1,1,1,111,3,Lost
15094,2010-03-05,2010-09-02,2,0,83.00,464,1,2,1,121,4,Lost
14347,2009-12-03,2009-12-03,1,0,82.60,737,1,1,1,111,3,Lost
13469,2010-02-24,2010-02-24,1,0,82.40,654,1,1,1,111,3,Lost
16028,2010-04-23,2010-04-23,1,0,82.20,596,1,1,1,111,3,Lost
13215,2010-11-02,2010-11-02,1,0,81.60,403,2,1,1,211,4,Hibernating
13006,2011-10-14,2011-10-14,1,0,81.57,57,4,1,1,411,6,New / Promising
17620,2011-10-11,2011-10-11,1,0,81.44,60,3,1,1,311,5,Hibernating
17008,2010-10-06,2010-10-06,1,0,81.36,430,1,1,1,111,3,Lost
15170,2010-10-29,2010-10-29,1,0,81.15,407,2,1,1,211,4,Hibernating
17336,2010-08-24,2010-08-24,1,0,81.12,473,1,1,1,111,3,Lost
16789,2011-12-01,2011-12-01,1,0,80.80,9,5,1,1,511,7,New / Promising
17752,2010-12-15,2010-12-15,1,0,80.64,360,2,1,1,211,4,Hibernating
15833,2009-12-02,2009-12-02,1,0,80.40,738,1,1,1,111,3,Lost
15131,2010-11-10,2010-11-10,1,0,80.28,395,2,1,1,211,4,Hibernating
14109,2011-09-28,2011-09-28,1,1,80.20,73,3,1,1,311,5,Hibernating
16165,2010-07-22,2010-07-22,1,0,79.90,506,1,1,1,111,3,Lost
14190,2010-02-11,2010-02-11,1,0,79.90,667,1,1,1,111,3,Lost
14007,2010-07-15,2010-07-15,1,0,79.48,513,1,1,1,111,3,Lost
15753,2011-02-08,2011-02-08,1,0,79.20,305,2,1,1,211,4,Hibernating
17942,2011-12-02,2011-12-02,1,0,77.50,8,5,1,1,511,7,New / Promising
14785,2011-11-24,2011-11-29,2,0,77.40,11,5,2,1,521,8,New / Promising
13132,2011-03-23,2011-03-23,1,0,77.30,262,2,1,1,211,4,Hibernating
16867,2010-01-19,2010-01-19,1,0,76.74,690,1,1,1,111,3,Lost
14373,2010-12-16,2010-12-16,1,0,76.55,359,2,1,1,211,4,Hibernating
15668,2011-05-06,2011-05-06,1,0,76.32,218,2,1,1,211,4,Hibernating
14613,2010-01-28,2010-01-28,1,0,76.32,681,1,1,1,111,3,Lost
18113,2010-12-06,2010-12-06,1,0,76.32,369,2,1,1,211,4,Hibernating
14090,2011-01-19,2011-01-19,1,0,76.32,325,2,1,1,211,4,Hibernating
13219,2010-03-31,2010-03-31,1,0,76.23,619,1,1,1,111,3,Lost
17628,2011-09-19,2011-09-19,1,0,75.75,82,3,1,1,311,5,Hibernating
16610,2011-05-04,2011-05-04,1,0,75.66,220,2,1,1,211,4,Hibernating
14559,2010-11-14,2010-11-14,1,0,75.60,391,2,1,1,211,4,Hibernating
17192,2010-06-21,2010-06-21,1,0,75.28,537,1,1,1,111,3,Lost
16420,2010-11-08,2010-11-08,1,0,75.00,397,2,1,1,211,4,Hibernating
17944,2010-10-12,2010-10-12,1,0,74.99,424,1,1,1,111,3,Lost
15603,2010-03-01,2011-09-22,2,1,74.73,79,3,2,1,321,6,Hibernating
13095,2011-09-30,2011-09-30,1,0,74.40,71,3,1,1,311,5,Hibernating
12659,2011-11-10,2011-11-10,1,0,73.68,30,4,1,1,411,6,New / Promising
18032,2011-01-09,2011-01-09,1,0,73.50,335,2,1,1,211,4,Hibernating
12506,2011-04-21,2011-04-21,1,0,73.50,233,2,1,1,211,4,Hibernating
16171,2011-10-11,2011-10-11,1,0,73.20,60,3,1,1,311,5,Hibernating
17906,2011-04-06,2011-04-06,1,0,72.90,248,2,1,1,211,4,Hibernating
14717,2009-12-06,2009-12-06,1,1,72.80,734,1,1,1,111,3,Lost
13105,2010-09-29,2010-09-29,1,0,72.00,437,1,1,1,111,3,Lost
16459,2009-12-10,2009-12-10,1,0,71.79,730,1,1,1,111,3,Lost
13938,2011-11-04,2011-11-04,1,0,71.66,36,4,1,1,411,6,New / Promising
13185,2011-03-17,2011-03-17,1,0,71.40,268,2,1,1,211,4,Hibernating
16970,2010-03-23,2010-03-23,1,0,71.40,627,1,1,1,111,3,Lost
12686,2010-12-03,2010-12-03,1,0,71.14,372,2,1,1,211,4,Hibernating
15564,2010-02-01,2010-09-02,2,0,70.74,464,1,2,1,121,4,Lost
16581,2011-06-10,2011-06-10,1,1,70.44,183,3,1,1,311,5,Hibernating
13172,2010-11-04,2010-11-04,1,0,69.60,401,2,1,1,211,4,Hibernating
12401,2011-02-09,2011-02-09,1,0,69.30,304,2,1,1,211,4,Hibernating
12861,2010-03-30,2010-03-30,1,0,68.25,620,1,1,1,111,3,Lost
17249,2010-10-07,2010-10-07,1,0,68.03,429,1,1,1,111,3,Lost
14393,2011-05-05,2011-05-05,1,0,67.95,219,2,1,1,211,4,Hibernating
12548,2011-06-26,2011-06-26,1,0,67.20,167,3,1,1,311,5,Hibernating
17532,2010-11-19,2010-11-19,1,0,65.34,386,2,1,1,211,4,Hibernating
17747,2011-08-19,2011-08-19,1,1,64.65,113,3,1,1,311,5,Hibernating
13130,2011-09-06,2011-09-06,1,0,64.00,95,3,1,1,311,5,Hibernating
16238,2010-10-13,2010-10-13,1,0,63.66,423,1,1,1,111,3,Lost
17216,2010-06-03,2010-06-03,1,0,63.60,555,1,1,1,111,3,Lost
17263,2011-05-15,2011-05-15,1,0,63.44,209,2,1,1,211,4,Hibernating
15470,2010-05-13,2010-05-13,1,0,63.42,576,1,1,1,111,3,Lost
16058,2010-10-29,2010-10-29,1,0,62.70,407,2,1,1,211,4,Hibernating
13218,2011-08-04,2011-08-04,1,0,62.64,128,3,1,1,311,5,Hibernating
14650,2010-04-29,2010-04-29,1,0,62.50,590,1,1,1,111,3,Lost
15516,2011-10-24,2011-10-26,3,0,62.43,45,4,3,1,431,8,Hibernating
13380,2010-10-03,2010-10-03,1,0,62.40,433,1,1,1,111,3,Lost
13303,2010-11-04,2010-11-04,1,0,61.72,401,2,1,1,211,4,Hibernating
13818,2010-10-06,2010-10-06,1,0,61.28,430,1,1,1,111,3,Lost
15375,2010-01-18,2010-01-18,1,0,60.96,691,1,1,1,111,3,Lost
18256,2010-11-17,2010-11-17,1,1,60.60,388,2,1,1,211,4,Hibernating
16605,2009-12-15,2009-12-15,1,0,60.48,725,1,1,1,111,3,Lost
15250,2010-03-09,2010-03-09,1,0,60.00,641,1,1,1,111,3,Lost
17174,2011-05-06,2011-05-06,1,0,59.90,218,2,1,1,211,4,Hibernating
13391,2011-05-20,2011-05-20,1,0,59.80,204,2,1,1,211,4,Hibernating
13682,2011-06-05,2011-06-05,1,0,59.50,188,2,1,1,211,4,Hibernating
15371,2010-02-15,2010-02-15,1,0,59.40,663,1,1,1,111,3,Lost
15233,2010-11-03,2010-11-03,1,0,59.40,402,2,1,1,211,4,Hibernating
14384,2010-07-27,2010-07-27,1,0,58.50,501,1,1,1,111,3,Lost
17775,2011-03-30,2011-03-30,1,0,56.40,255,2,1,1,211,4,Hibernating
15899,2010-12-06,2010-12-06,1,0,56.25,369,2,1,1,211,4,Hibernating
13366,2011-10-20,2011-10-20,1,0,56.16,51,4,1,1,411,6,New / Promising
15685,2010-09-15,2010-09-15,1,0,55.98,451,1,1,1,111,3,Lost
17494,2010-07-26,2010-07-26,1,0,54.70,502,1,1,1,111,3,Lost
12860,2010-01-15,2010-01-15,1,0,54.22,694,1,1,1,111,3,Lost
14760,2011-02-15,2011-02-15,1,1,53.80,298,2,1,1,211,4,Hibernating
13306,2010-10-05,2010-10-05,1,0,53.65,431,1,1,1,111,3,Lost
16349,2011-02-22,2011-02-22,1,0,53.50,291,2,1,1,211,4,Hibernating
12568,2010-03-05,2010-03-05,1,0,52.00,645,1,1,1,111,3,Lost
15313,2011-08-21,2011-08-21,1,0,52.00,111,3,1,1,311,5,Hibernating
16786,2010-11-11,2010-11-11,1,0,51.84,394,2,1,1,211,4,Hibernating
17844,2011-08-25,2011-08-25,1,0,51.56,107,3,1,1,311,5,Hibernating
13254,2010-11-28,2010-11-28,1,0,51.41,377,2,1,1,211,4,Hibernating
17763,2010-02-18,2011-03-21,4,1,51.15,264,2,3,1,231,6,At Risk
14351,2011-06-28,2011-06-28,1,0,51.00,165,3,1,1,311,5,Hibernating
13011,2010-12-02,2010-12-02,1,0,50.55,373,2,1,1,211,4,Hibernating
14743,2010-04-26,2010-04-26,1,0,50.48,593,1,1,1,111,3,Lost
13022,2010-10-06,2010-10-06,1,0,50.30,430,1,1,1,111,3,Lost
18184,2011-11-24,2011-11-24,1,0,49.80,16,5,1,1,511,7,New / Promising
16530,2010-02-09,2010-02-09,1,0,48.35,669,1,1,1,111,3,Lost
13438,2010-06-10,2010-06-10,1,0,46.50,548,1,1,1,111,3,Lost
15698,2010-03-25,2010-03-25,1,0,46.20,625,1,1,1,111,3,Lost
12496,2010-03-29,2010-03-29,2,0,45.34,621,1,2,1,121,4,Lost
15672,2009-12-14,2009-12-14,1,0,45.30,726,1,1,1,111,3,Lost
16061,2010-10-04,2010-10-04,1,2,44.95,432,1,1,1,111,3,Lost
17599,2010-08-19,2010-08-19,1,2,44.55,478,1,1,1,111,3,Lost
17916,2009-12-06,2010-03-21,2,0,43.87,629,1,2,1,121,4,Lost
14300,2011-11-21,2011-11-21,1,0,43.20,19,5,1,1,511,7,New / Promising
13913,2010-07-21,2010-07-21,1,0,42.22,507,1,1,1,111,3,Lost
13906,2010-10-26,2010-10-26,1,0,42.00,410,1,1,1,111,3,Lost
16219,2010-07-27,2010-07-27,1,0,40.80,501,1,1,1,111,3,Lost
14266,2010-10-07,2010-10-07,1,0,40.56,429,1,1,1,111,3,Lost
15178,2011-03-24,2011-03-24,1,0,40.50,261,2,1,1,211,4,Hibernating
14086,2010-09-03,2010-09-03,1,0,39.95,463,1,1,1,111,3,Lost
14589,2010-12-03,2010-12-03,1,0,39.75,372,2,1,1,211,4,Hibernating
16659,2011-06-03,2011-06-03,1,0,39.12,190,2,1,1,211,4,Hibernating
17246,2009-12-01,2010-06-11,2,0,38.92,547,1,2,1,121,4,Lost
18019,2011-10-19,2011-10-19,1,0,38.45,52,4,1,1,411,6,New / Promising
15455,2010-04-21,2010-04-21,1,0,38.25,598,1,1,1,111,3,Lost
15693,2010-02-18,2010-02-18,1,0,37.50,660,1,1,1,111,3,Lost
16162,2011-04-01,2011-04-01,1,0,37.40,253,2,1,1,211,4,Hibernating
17352,2010-01-12,2010-01-12,1,0,36.25,697,1,1,1,111,3,Lost
14993,2010-05-25,2010-05-25,1,0,36.13,564,1,1,1,111,3,Lost
16417,2010-08-04,2010-08-04,1,0,35.70,493,1,1,1,111,3,Lost
14576,2010-12-02,2010-12-02,1,0,35.40,373,2,1,1,211,4,Hibernating
17831,2011-11-06,2011-11-06,1,0,35.40,34,4,1,1,411,6,New / Promising
15744,2011-09-23,2011-09-23,1,0,34.80,78,3,1,1,311,5,Hibernating
17533,2010-10-01,2010-10-01,1,0,34.80,435,1,1,1,111,3,Lost
15871,2010-09-28,2010-09-28,1,0,33.10,438,1,1,1,111,3,Lost
16941,2010-04-07,2010-04-07,1,0,33.00,612,1,1,1,111,3,Lost
14977,2009-12-14,2009-12-14,1,0,31.93,726,1,1,1,111,3,Lost
17129,2010-07-07,2010-07-07,1,0,31.85,521,1,1,1,111,3,Lost
13915,2009-12-08,2010-11-10,1,1,31.20,395,2,1,1,211,4,Hibernating
14144,2010-08-10,2010-08-10,1,0,30.60,487,1,1,1,111,3,Lost
13120,2011-04-15,2011-04-15,1,0,30.60,239,2,1,1,211,4,Hibernating
16548,2010-04-19,2010-04-19,1,0,30.15,600,1,1,1,111,3,Lost
15575,2010-03-30,2010-03-30,1,0,30.10,620,1,1,1,111,3,Lost
15657,2011-11-17,2011-11-17,1,0,30.00,23,4,1,1,411,6,New / Promising
17319,2010-02-08,2010-02-08,1,0,29.10,670,1,1,1,111,3,Lost
12776,2010-02-10,2010-02-10,1,0,27.50,668,1,1,1,111,3,Lost
17102,2011-03-23,2011-03-23,1,0,25.50,262,2,1,1,211,4,Hibernating
15284,2010-07-27,2010-07-27,1,0,24.75,501,1,1,1,111,3,Lost
14610,2010-07-13,2010-11-09,2,0,24.35,396,2,2,1,221,5,Hibernating
16257,2011-06-16,2011-06-16,1,0,21.95,177,3,1,1,311,5,Hibernating
16953,2011-11-09,2011-11-09,1,0,20.80,31,4,1,1,411,6,New / Promising
17986,2011-10-14,2011-10-14,1,0,20.80,57,4,1,1,411,6,New / Promising
15999,2009-12-04,2009-12-04,1,0,20.40,736,1,1,1,111,3,Lost
16093,2011-08-25,2011-08-25,1,0,17.00,107,3,1,1,311,5,Hibernating
17900,2011-06-02,2011-06-02,2,2,15.00,191,2,2,1,221,5,Hibernating
14580,2010-07-09,2010-07-09,1,0,14.85,519,1,1,1,111,3,Lost
14900,2010-07-05,2010-07-05,1,0,13.92,523,1,1,1,111,3,Lost
17956,2011-04-04,2011-04-04,1,0,12.75,250,2,1,1,211,4,Hibernating
18072,2011-06-07,2011-06-07,1,1,12.24,186,3,1,1,311,5,Hibernating
16537,2010-03-08,2010-03-08,1,0,10.55,642,1,1,1,111,3,Lost
18115,2010-01-11,2010-01-11,1,0,9.70,698,1,1,1,111,3,Lost
15040,2010-06-16,2010-06-16,1,0,7.49,542,1,1,1,111,3,Lost
16454,2010-04-07,2011-10-06,2,0,7.45,65,3,2,1,321,6,Hibernating
15913,2010-06-23,2010-06-23,1,0,6.30,535,1,1,1,111,3,Lost
15940,2010-10-26,2011-02-01,1,1,4.00,312,2,1,1,211,4,Hibernating
16738,2011-02-15,2011-02-15,1,0,3.75,298,2,1,1,211,4,Hibernating
13788,2010-07-22,2010-07-22,1,0,3.75,506,1,1,1,111,3,Lost
14095,2009-12-17,2009-12-17,1,0,2.95,723,1,1,1,111,3,Lost
16446,2011-05-18,2011-12-09,2,1,2.90,1,5,2,1,521,8,New / Promising
